+ export PYTHONUNBUFFERED=1
+ PYTHONUNBUFFERED=1
+ RMCT_DIR=/workspace/rmct
+ MODEL_NAME=Qwen3.5-4B
+ MODEL_DIR=/root/models/Qwen3.5-4B
+ RUN_DIR=/root/runs/bridge_fp
+ export RMCT_CONFIG=/workspace/rmct/configs/bridge_fp.json
+ RMCT_CONFIG=/workspace/rmct/configs/bridge_fp.json
+ PHASE=full
+ NUM_GPUS=1
+ NUM_ROLLOUT=1
+ '[' -z '' ']'
+ '[' Qwen3.5-4B = Qwen3.5-9B ']'
+ TP=1
+ '[' -z '' ']'
+ for candidate in /root/miles /opt/miles /root/slime
+ '[' -f /root/miles/train.py ']'
+ SLIME_DIR=/root/miles
+ break
+ SLIME_DIR=/root/miles
+ pkill -9 sglang
+ true
+ sleep 2
+ ray stop --force
Did not find any active Ray processes.
+ sleep 2
++ echo Qwen3.5-4B
++ sed 's/^Q/q/'
+ SHIPPED_ARGS=/root/miles/scripts/models/qwen3.5-4B.sh
+ '[' -f /root/miles/scripts/models/qwen3.5-4B.sh ']'
+ source /root/miles/scripts/models/qwen3.5-4B.sh
++ MODEL_ARGS=(--spec "miles_plugins.models.qwen3_5" "get_qwen3_5_spec" --disable-bias-linear --qk-layernorm --group-query-attention --num-attention-heads 16 --num-query-groups 4 --kv-channels 256 --num-layers 32 --hidden-size 2560 --ffn-hidden-size 9216 --normalization RMSNorm --apply-layernorm-1p --position-embedding-type rope --norm-epsilon 1e-6 --rotary-percent 0.25 --swiglu --vocab-size 248320 --rotary-base 10000000 --attention-output-gate)
+ '[' -f /root/runs/bridge_fp/checkpoints/latest_checkpointed_iteration.txt ']'
+ LOAD_DIR=/root/models/Qwen3.5-4B_torch_dist
+ START_ARGS=(--start-rollout-id 0)
+ CKPT_ARGS=(--hf-checkpoint "${MODEL_DIR}" --ref-load "${MODEL_DIR}_torch_dist" --load "${LOAD_DIR}" "${START_ARGS[@]}" --save "${RUN_DIR}/checkpoints" --save-interval "${SAVE_INTERVAL:-8}")
+ LORA_ARGS=()
+ '[' 0 = 1 ']'
+ RMCT_ARGS=(--rollout-function-path slime_port.rmct_rollout.generate_rollout --custom-megatron-init-path slime_port.miles_init.megatron_init --advantage-estimator grpo --disable-rewards-normalization --loss-type policy_loss --eps-clip 0.2 --calculate-per-token-loss --kl-coef 0.0 --use-kl-loss --kl-loss-coef 0.0)
+ ROLLOUT_ARGS=(--prompt-data "${PROMPT_DATA:-${RMCT_DIR}/data/run_9b/wrong-argument-pairs-64.jsonl}" --input-key unbiased_messages --apply-chat-template --num-rollout "${NUM_ROLLOUT}" --rollout-batch-size "${ROLLOUT_BATCH:-4}" --n-samples-per-prompt "${N_SAMPLES:-128}" --rollout-max-response-len "${MAX_RESPONSE_LEN:-20480}" --rollout-temperature 1.0 --global-batch-size 1)
+ PERF_ARGS=(--tensor-model-parallel-size "${TP}" --pipeline-model-parallel-size 1 --recompute-granularity full --recompute-method uniform --recompute-num-layers 1)
+ '[' 0 = 1 ']'
+ PERF_ARGS+=(--use-dynamic-batch-size --max-tokens-per-gpu "${MAX_TOKENS_PER_GPU:-24576}")
+ OPTIMIZER_ARGS=(--optimizer adam --lr "${LR:-1e-5}" --lr-decay-style constant --weight-decay 0.1 --adam-beta1 0.9 --adam-beta2 0.95 --use-distributed-optimizer)
+ SGLANG_ARGS=(--rollout-num-gpus-per-engine 1 --sglang-mem-fraction-static "${SGLANG_MEM_FRACTION:-0.5}" --sglang-mamba-radix-cache-strategy extra_buffer)
+ MISC_ARGS=(--attention-dropout 0.0 --hidden-dropout 0.0 --accumulate-allreduce-grads-in-fp32 --attention-softmax-in-fp32 --attention-backend flash --colocate)
+ read -r -a EXTRA
+ case "${PHASE}" in
+ DEBUG_ARGS=()
+ export MASTER_ADDR=127.0.0.1
+ MASTER_ADDR=127.0.0.1
+ ray start --head --node-ip-address 127.0.0.1 --num-gpus 1 --disable-usage-stats
Usage stats collection is disabled.

[37mLocal node IP[39m: [1m172.25.0.2[22m
2026-08-06 03:34:54,240	WARNING utils.py:469 -- Detecting docker specified CPUs. In previous versions of Ray, CPU detection in containers was incorrect. Please ensure that Ray has enough CPUs allocated. As a temporary workaround to revert to the prior behavior, set `RAY_USE_MULTIPROCESSING_CPU_COUNT=1` as an env var before starting Ray. Set the env var: `RAY_DISABLE_DOCKER_CPU_WARNING=1` to mute this warning.
2026-08-06 03:34:54,240	WARNING utils.py:481 -- Ray currently does not support initializing Ray with fractional cpus. Your num_cpus will be truncated from 20.4 to 20.

[32m--------------------[39m
[32mRay runtime started.[39m
[32m--------------------[39m

[36mNext steps[39m
  [2mNote: The following commands are intended for use on[22m
  [2mthe head node or within the cluster network.[22m
  
  To add another node to this Ray cluster, run
  [1m  ray start --address='172.25.0.2:6379'[22m
  
  To connect to this Ray cluster:
    [35mimport[39m[26m ray
    ray[35m.[39m[26minit(_node_ip_address[35m=[39m[26m[33m'172.25.0.2'[39m[26m)
  
  To submit a Ray job using the Ray Jobs CLI:
  [1m  RAY_API_SERVER_ADDRESS='http://127.0.0.1:8265' ray job submit --working-dir . -- python my_script.py[22m
  
  See https://docs.ray.io/en/latest/cluster/running-applications/job-submission/index.html 
  for more information on submitting Ray jobs to the Ray cluster.
  
  To terminate the Ray runtime, run
  [1m  ray stop[22m
  
  To view the status of the cluster, use
    [1mray status[22m[26m
  
  To monitor and debug Ray, view the dashboard at 
    [1m127.0.0.1:8265[22m[26m
  
  [4mIf connection to the dashboard fails, check your firewall settings and network configuration.[24m
+ MEGATRON_DIR=/root/Megatron-LM
+ RUNTIME_ENV_JSON='{
  "env_vars": {
    "PYTHONPATH": "/root/Megatron-LM/:/workspace/rmct",
    "RMCT_CONFIG": "/workspace/rmct/configs/bridge_fp.json",
    "CUDA_DEVICE_MAX_CONNECTIONS": "1"
  }
}'
+ ray job submit --address=http://127.0.0.1:8265 '--runtime-env-json={
  "env_vars": {
    "PYTHONPATH": "/root/Megatron-LM/:/workspace/rmct",
    "RMCT_CONFIG": "/workspace/rmct/configs/bridge_fp.json",
    "CUDA_DEVICE_MAX_CONNECTIONS": "1"
  }
}' -- python3 /root/miles/train.py --actor-num-nodes 1 --actor-num-gpus-per-node 1 --rollout-num-gpus 1 --spec miles_plugins.models.qwen3_5 get_qwen3_5_spec --disable-bias-linear --qk-layernorm --group-query-attention --num-attention-heads 16 --num-query-groups 4 --kv-channels 256 --num-layers 32 --hidden-size 2560 --ffn-hidden-size 9216 --normalization RMSNorm --apply-layernorm-1p --position-embedding-type rope --norm-epsilon 1e-6 --rotary-percent 0.25 --swiglu --vocab-size 248320 --rotary-base 10000000 --attention-output-gate --hf-checkpoint /root/models/Qwen3.5-4B --ref-load /root/models/Qwen3.5-4B_torch_dist --load /root/models/Qwen3.5-4B_torch_dist --start-rollout-id 0 --save /root/runs/bridge_fp/checkpoints --save-interval 8 --rollout-function-path slime_port.rmct_rollout.generate_rollout --custom-megatron-init-path slime_port.miles_init.megatron_init --advantage-estimator grpo --disable-rewards-normalization --loss-type policy_loss --eps-clip 0.2 --calculate-per-token-loss --kl-coef 0.0 --use-kl-loss --kl-loss-coef 0.0 --prompt-data /workspace/rmct/data/dev_smoke/suggested-answer-pairs.jsonl --input-key unbiased_messages --apply-chat-template --num-rollout 1 --rollout-batch-size 4 --n-samples-per-prompt 8 --rollout-max-response-len 1024 --rollout-temperature 1.0 --global-batch-size 1 --tensor-model-parallel-size 1 --pipeline-model-parallel-size 1 --recompute-granularity full --recompute-method uniform --recompute-num-layers 1 --use-dynamic-batch-size --max-tokens-per-gpu 24576 --optimizer adam --lr 1e-5 --lr-decay-style constant --weight-decay 0.1 --adam-beta1 0.9 --adam-beta2 0.95 --use-distributed-optimizer --rollout-num-gpus-per-engine 1 --sglang-mem-fraction-static 0.5 --sglang-mamba-radix-cache-strategy extra_buffer --attention-dropout 0.0 --hidden-dropout 0.0 --accumulate-allreduce-grads-in-fp32 --attention-softmax-in-fp32 --attention-backend flash --colocate --megatron-to-hf-mode bridge
[37mJob submission server address[39m: [1mhttp://127.0.0.1:8265[22m

[32m-------------------------------------------------------[39m
[32mJob 'raysubmit_arsJE8jdkXG22Qv2' submitted successfully[39m
[32m-------------------------------------------------------[39m

[36mNext steps[39m
  Query the logs of the job:
    [1mray job logs raysubmit_arsJE8jdkXG22Qv2[22m
  Query the status of the job:
    [1mray job status raysubmit_arsJE8jdkXG22Qv2[22m
  Request the job to be stopped:
    [1mray job stop raysubmit_arsJE8jdkXG22Qv2[22m

Tailing logs until the job exits (disable with --no-wait):
2026-08-06 03:34:56,762	INFO job_manager.py:583 -- Runtime env is setting up.
Running entrypoint for job raysubmit_arsJE8jdkXG22Qv2: python3 /root/miles/train.py --actor-num-nodes 1 --actor-num-gpus-per-node 1 --rollout-num-gpus 1 --spec miles_plugins.models.qwen3_5 get_qwen3_5_spec --disable-bias-linear --qk-layernorm --group-query-attention --num-attention-heads 16 --num-query-groups 4 --kv-channels 256 --num-layers 32 --hidden-size 2560 --ffn-hidden-size 9216 --normalization RMSNorm --apply-layernorm-1p --position-embedding-type rope --norm-epsilon 1e-6 --rotary-percent 0.25 --swiglu --vocab-size 248320 --rotary-base 10000000 --attention-output-gate --hf-checkpoint /root/models/Qwen3.5-4B --ref-load /root/models/Qwen3.5-4B_torch_dist --load /root/models/Qwen3.5-4B_torch_dist --start-rollout-id 0 --save /root/runs/bridge_fp/checkpoints --save-interval 8 --rollout-function-path slime_port.rmct_rollout.generate_rollout --custom-megatron-init-path slime_port.miles_init.megatron_init --advantage-estimator grpo --disable-rewards-normalization --loss-type policy_loss --eps-clip 0.2 --calculate-per-token-loss --kl-coef 0.0 --use-kl-loss --kl-loss-coef 0.0 --prompt-data /workspace/rmct/data/dev_smoke/suggested-answer-pairs.jsonl --input-key unbiased_messages --apply-chat-template --num-rollout 1 --rollout-batch-size 4 --n-samples-per-prompt 8 --rollout-max-response-len 1024 --rollout-temperature 1.0 --global-batch-size 1 --tensor-model-parallel-size 1 --pipeline-model-parallel-size 1 --recompute-granularity full --recompute-method uniform --recompute-num-layers 1 --use-dynamic-batch-size --max-tokens-per-gpu 24576 --optimizer adam --lr 1e-5 --lr-decay-style constant --weight-decay 0.1 --adam-beta1 0.9 --adam-beta2 0.95 --use-distributed-optimizer --rollout-num-gpus-per-engine 1 --sglang-mem-fraction-static 0.5 --sglang-mamba-radix-cache-strategy extra_buffer --attention-dropout 0.0 --hidden-dropout 0.0 --accumulate-allreduce-grads-in-fp32 --attention-softmax-in-fp32 --attention-backend flash --colocate --megatron-to-hf-mode bridge
Unable to import `torchao` Tensor objects. This may affect loading checkpoints serialized with `torchao`
/usr/local/lib/python3.12/dist-packages/modelopt/torch/__init__.py:51: UserWarning: transformers 5.12.1 is not tested with current version of modelopt and may cause issues. Please install recommended version with `pip install -U nvidia-modelopt[hf]` if working with HF models.
  _warnings.warn(
[ERROR] `cache_position` is part of Qwen3ASRThinkerTextModel.forward's signature, but not documented. Make sure to add it to the docstring of the function in /usr/local/lib/python3.12/dist-packages/megatron/bridge/models/qwen3_asr/hf_qwen3_asr/modeling_qwen3_asr.py.
[ERROR] `cache_position` is part of Qwen3ASRThinkerForConditionalGeneration.forward's signature, but not documented. Make sure to add it to the docstring of the function in /usr/local/lib/python3.12/dist-packages/megatron/bridge/models/qwen3_asr/hf_qwen3_asr/modeling_qwen3_asr.py.
<frozen importlib._bootstrap_external>:1297: FutureWarning: The cuda.cudart module is deprecated and will be removed in a future release, please switch to use the cuda.bindings.runtime module instead.
<frozen importlib._bootstrap_external>:1297: FutureWarning: The cuda.nvrtc module is deprecated and will be removed in a future release, please switch to use the cuda.bindings.nvrtc module instead.
LANG_RL Log directory: None
 > padded vocab (size: 248320) with 0 dummy tokens (new size: 248320)
[2026-08-06 03:35:13.064 main] arguments.py:38 - --tokenizer-model not set, use --hf-checkpoint as tokenizer model.
[2026-08-06 03:35:13.065 main] arguments.py:3150 - Colocate mode: defaulting --sglang-cuda-graph-backend-prefill=disabled to avoid NVLS OOM. Set --sglang-cuda-graph-backend-prefill explicitly to override.
[2026-08-06 03:35:13.065 main] arguments.py:3336 - args.eval_max_context_len is not set. Use args.rollout_max_context_len None as default value.
using world size: 1, data-parallel size: 1, context-parallel size: 1, hierarchical context-parallel sizes: None, tensor-model-parallel size: 1, pipeline-model-parallel size: 1
Number of virtual stages per pipeline stage: None
using torch.bfloat16 for parameters ...
------------------------ arguments ------------------------
  account_for_embedding_in_pipeline_split ......... False
  account_for_loss_in_pipeline_split .............. False
  accumulate_allreduce_grads_in_fp32 .............. True
  activation_func_clamp_shared_expert ............. True
  activation_func_clamp_value ..................... None
  actor_num_gpus_per_node ......................... 1
  actor_num_nodes ................................. 1
  adam_beta1 ...................................... 0.9
  adam_beta2 ...................................... 0.95
  adam_eps ........................................ 1e-08
  add_bias_linear ................................. False
  add_position_embedding .......................... True
  add_qkv_bias .................................... False
  adlr_autoresume ................................. False
  adlr_autoresume_interval ........................ 1000
  advantage_estimator ............................. grpo
  align_grad_reduce ............................... True
  align_param_gather .............................. False
  allgather_cp .................................... False
  allow_ambiguous_pad_tokens ...................... False
  allow_partial_train_step ........................ False
  app_tag_run_name ................................ None
  app_tag_run_version ............................. 0.0.0
  apply_chat_template ............................. True
  apply_chat_template_kwargs ...................... {}
  apply_query_key_layer_scaling ................... False
  apply_residual_connection_post_layernorm ........ False
  apply_rope_fusion ............................... True
  apply_wd_to_qk_layernorm ........................ False
  async_max_concurrent_samples .................... None
  async_save ...................................... False
  async_tensor_model_parallel_allreduce ........... True
  attention_backend ............................... AttnBackend.flash
  attention_dropout ............................... 0.0
  attention_output_gate ........................... True
  attention_softmax_in_fp32 ....................... True
  auto_detect_ckpt_format ......................... False
  balance_by_flops ................................ False
  balance_data .................................... False
  barrier_with_L1_time ............................ True
  batch_invariant_mode ............................ False
  bert_binary_head ................................ True
  bert_embedder_type .............................. megatron
  bert_load ....................................... None
  beta_fast ....................................... 32
  beta_slow ....................................... 1
  bf16 ............................................ True
  bias_dropout_fusion ............................. True
  bias_gelu_fusion ................................ False
  bias_swiglu_fusion .............................. True
  biencoder_projection_dim ........................ 0
  biencoder_shared_query_context_model ............ False
  block_data_path ................................. None
  buffer_filter_path .............................. None
  cache_mla_latents ............................... False
  calc_ft_timeouts ................................ False
  calculate_per_token_loss ........................ True
  chat_template_path .............................. None
  check_for_large_grads ........................... False
  check_for_nan_in_loss_and_grad .................. True
  check_for_spiky_loss ............................ False
  check_lora_weight_equal ......................... False
  check_weight_hash_across_dp_replicas_interval ... None
  check_weight_update_allow_quant_error ........... False
  check_weight_update_equal ....................... False
  check_weight_update_selector .................... all
  check_weight_update_skip_list ................... None
  ci_check_model_hash ............................. False
  ci_disable_kl_checker ........................... False
  ci_disable_logprobs_checker ..................... False
  ci_disable_weight_update_checker ................ False
  ci_enable_metrics_capture ....................... False
  ci_ft_test_actions .............................. None
  ci_inject_rollout_data_min_match_ratio .......... 0.9
  ci_inject_rollout_data_path ..................... None
  ci_inject_rollout_data_start_rollout_id ......... None
  ci_load_grad_norm ............................... None
  ci_metric_checker_key ........................... None
  ci_metric_checker_threshold ..................... None
  ci_save_grad_norm ............................... None
  ci_save_model_hash .............................. False
  ci_test ......................................... False
  ckpt_assume_constant_structure .................. False
  ckpt_convert_format ............................. None
  ckpt_convert_save ............................... None
  ckpt_convert_update_legacy_dist_opt_format ...... False
  ckpt_format ..................................... torch_dist
  ckpt_fully_parallel_load ........................ False
  ckpt_fully_parallel_save ........................ True
  ckpt_fully_parallel_save_deprecated ............. False
  ckpt_step ....................................... None
  classes_fraction ................................ 1.0
  clip_grad ....................................... 1.0
  clone_scatter_output_in_embedding ............... True
  colocate ........................................ True
  compress_ratios ................................. None
  compute_advantages_and_returns .................. True
  config_logger_dir ............................... 
  consumed_train_samples .......................... 0
  consumed_valid_samples .......................... 0
  context_parallel_size ........................... 1
  control_server_port ............................. 0
  cp_comm_type .................................... ['p2p']
  cpu_offloading_num_layers ....................... 0
  create_all_gather_group ......................... False
  create_attention_mask_in_dataloader ............. True
  critic_load ..................................... /root/models/Qwen3.5-4B_torch_dist
  critic_lr ....................................... 1e-05
  critic_lr_warmup_iters .......................... 0
  critic_num_gpus_per_node ........................ None
  critic_num_nodes ................................ None
  critic_save ..................................... None
  cross_entropy_fusion_impl ....................... native
  cross_entropy_loss_fusion ....................... False
  cuda_graph_impl ................................. none
  cuda_graph_scope ................................ []
  cuda_graph_warmup_steps ......................... 3
  custom_config_path .............................. None
  custom_convert_samples_to_train_data_path ....... None
  custom_eval_rollout_log_function_path ........... None
  custom_generate_function_path ................... None
  custom_loss_function_path ....................... None
  custom_megatron_before_log_prob_hook_path ....... None
  custom_megatron_before_train_step_hook_path ..... None
  custom_megatron_init_path ....................... slime_port.miles_init.megatron_init
  custom_megatron_post_save_hook_path ............. None
  custom_model_provider_path ...................... None
  custom_pg_loss_reducer_function_path ............ None
  custom_reward_post_process_path ................. None
  custom_rm_path .................................. None
  custom_rollout_log_function_path ................ None
  custom_tis_function_path ........................ None
  custom_update_weight_post_write_path ............ None
  dashboard_flush_interval ........................ 5.0
  dashboard_forward_prometheus .................... False
  dashboard_gpu_sample_interval ................... 1.0
  dashboard_sglang_metrics ........................ None
  dashboard_sglang_scrape_interval ................ 2.0
  dashboard_sglang_scrape_mode .................... auto
  data_args_path .................................. None
  data_cache_path ................................. None
  data_pad_size_multiplier ........................ 128
  data_parallel_random_init ....................... False
  data_parallel_sharding_strategy ................. no_shard
  data_parallel_size .............................. 1
  data_path ....................................... None
  data_per_class_fraction ......................... 1.0
  data_sharding ................................... True
  data_source_path ................................ miles.rollout.data_source.RolloutDataSourceWithBuffer
  dataloader_defer_npy_index_mmap ................. False
  dataloader_fast_cache_load ...................... False
  dataloader_type ................................. single
  ddp_average_in_collective ....................... False
  ddp_bucket_size ................................. None
  ddp_num_buckets ................................. None
  ddp_pad_buckets_for_high_nccl_busbw ............. False
  ddp_reduce_scatter_with_fp32_accumulation ....... False
  debug_deterministic_collective .................. False
  debug_disable_optimizer ......................... False
  debug_exit_after_rollout ........................ None
  debug_rollout_only .............................. False
  debug_skip_weight_update ........................ False
  debug_train_only ................................ False
  decode_only_cuda_graphs ......................... False
  decoder_first_pipeline_num_layers ............... None
  decoder_last_pipeline_num_layers ................ None
  decoder_num_layers .............................. None
  decoder_seq_length .............................. None
  decoupled_lr .................................... None
  decoupled_min_lr ................................ None
  decrease_batch_size_if_needed ................... False
  defer_embedding_wgrad_compute ................... False
  delay_split_train_data_by_dp .................... False
  delay_wgrad_compute ............................. False
  deprecated_use_mcore_models ..................... False
  deterministic_mode .............................. False
  dino_bottleneck_size ............................ 256
  dino_freeze_last_layer .......................... 1
  dino_head_hidden_size ........................... 2048
  dino_local_crops_number ......................... 10
  dino_local_img_size ............................. 96
  dino_norm_last_layer ............................ False
  dino_teacher_temp ............................... 0.07
  dino_warmup_teacher_temp ........................ 0.04
  dino_warmup_teacher_temp_epochs ................. 30
  disable_bf16_reduced_precision_matmul ........... False
  disable_chunked_prefill ......................... True
  disable_grad_buffers_cpu_backup ................. True
  disable_jit_fuser ............................... False
  disable_param_buffers_cpu_backup ................ True
  disable_rollout_trim_samples .................... False
  disable_straggler_on_startup .................... False
  disable_symmetric_registration .................. False
  dist_ckpt_format_deprecated ..................... None
  dist_ckpt_optim_fully_reshardable ............... False
  dist_ckpt_save_pre_mcore_014 .................... False
  dist_ckpt_strictness ............................ assume_ok_unexpected
  distrib_optim_fully_reshardable_mem_efficient ... False
  distribute_saved_activations .................... False
  distributed_backend ............................. nccl
  distributed_timeout_minutes ..................... 10
  distributed_timeout_seconds_after_init .......... None
  dsa_attention_backend ........................... tilelang
  dsa_indexer_head_dim ............................ None
  dsa_indexer_loss_coeff .......................... None
  dsa_indexer_n_heads ............................. None
  dsa_indexer_topk ................................ None
  dsa_indexer_use_sparse_loss ..................... False
  dsv4_compress_ratios ............................ None
  dsv4_compress_rope_theta ........................ 40000.0
  dsv4_hc_eps ..................................... 1e-06
  dsv4_hc_mult .................................... None
  dsv4_hc_sinkhorn_iters .......................... 20
  dsv4_mode ....................................... False
  dsv4_n_hash_layers .............................. 0
  dsv4_o_groups ................................... None
  dsv4_o_lora_rank ................................ None
  dsv4_window_size ................................ 4096
  dump_details .................................... None
  dump_param_to_param_group_map ................... None
  dumper_dir ...................................... /tmp/dumper
  dumper_enable ................................... False
  dumper_fwd_bwd .................................. None
  dumper_fwd_only ................................. None
  dumper_inference ................................ None
  dumper_source_patcher_config_inference .......... None
  dumper_source_patcher_config_train .............. None
  dynamic_sampling_filter_path .................... None
  embedding_init_method_std ....................... None
  embedding_path .................................. None
  empty_unused_memory_level ....................... 0
  enable_cuda_graph ............................... False
  enable_event_analyzer ........................... False
  enable_experimental ............................. False
  enable_ft_package ............................... False
  enable_full_sharding_in_hsdp .................... False
  enable_gloo_process_groups ...................... True
  enable_msc ...................................... True
  enable_mtp_training ............................. False
  enable_one_logger ............................... True
  enable_weights_backuper ......................... True
  enable_witness .................................. False
  encoder_num_layers .............................. 32
  encoder_seq_length .............................. 4096
  end_weight_decay ................................ 0.1
  entropy_coef .................................... 0.0
  env_report ...................................... 
  eod_mask_loss ................................... False
  ep_overlap_early_attn_memory_release ............ False
  eps_clip ........................................ 0.2
  eps_clip_c ...................................... None
  eps_clip_high ................................... 0.2
  error_injection_rate ............................ 0
  error_injection_type ............................ transient_error
  eval_config ..................................... None
  eval_datasets ................................... []
  eval_function_path .............................. slime_port.rmct_rollout.generate_rollout
  eval_hf_dir ..................................... None
  eval_input_key .................................. None
  eval_interval ................................... None
  eval_iters ...................................... 100
  eval_keep_snapshots ............................. 2
  eval_label_key .................................. None
  eval_max_context_len ............................ None
  eval_max_in_flight .............................. 2
  eval_max_prompt_len ............................. None
  eval_max_response_len ........................... None
  eval_min_new_tokens ............................. None
  eval_num_gpus ................................... 0
  eval_num_gpus_per_engine ........................ 1
  eval_overflow_policy ............................ backpressure
  eval_prompt_data ................................ None
  eval_reward_key ................................. None
  eval_temperature ................................ None
  eval_tool_key ................................... None
  eval_top_k ...................................... None
  eval_top_p ...................................... None
  eval_uses_snapshots ............................. False
  evidence_data_path .............................. None
  exclude_modules ................................. None
  exit_duration_in_mins ........................... None
  exit_interval ................................... None
  exit_on_missing_checkpoint ...................... False
  exit_signal ..................................... 15
  exit_signal_handler ............................. False
  exit_signal_handler_for_dataloader .............. False
  exp_avg_dtype ................................... torch.float32
  exp_avg_sq_dtype ................................ torch.float32
  experimental_attention_variant .................. None
  expert_model_parallel_size ...................... 1
  expert_tensor_parallel_size ..................... 1
  experts_shared_outer_loras ...................... False
  external_cuda_graph ............................. False
  extra_high_precision_layers_hf .................. ()
  extra_high_precision_layers_megatron ............ ()
  fake_process_group .............................. False
  fallback_to_eager_attn .......................... False
  fetch_trajectory_retry_times .................... -1
  ffn_hidden_size ................................. 9216
  fim_data ........................................ False
  fim_eod_token ................................... <|endoftext|>
  fim_fragment_rate ............................... None
  fim_middle_token ................................ <fim_middle>
  fim_no_prefix ................................... None
  fim_pad_token ................................... <fim_pad>
  fim_prefix_token ................................ <fim_prefix>
  fim_rate ........................................ 0.5
  fim_split_sample ................................ None
  fim_spm_rate .................................... 0.5
  fim_suffix_token ................................ <fim_suffix>
  fine_grained_activation_offloading .............. False
  finetune ........................................ False
  first_last_layers_bf16 .......................... False
  flash_decode .................................... False
  fp16 ............................................ False
  fp16_lm_cross_entropy ........................... False
  fp32_residual_connection ........................ False
  fp4 ............................................. None
  fp4_param ....................................... False
  fp4_quantizer_factory ........................... None
  fp4_recipe ...................................... nvfp4
  fp8 ............................................. None
  fp8_amax_compute_algo ........................... most_recent
  fp8_amax_history_len ............................ 1
  fp8_interval .................................... 1
  fp8_margin ...................................... 0
  fp8_param_gather ................................ False
  fp8_quantizer_factory ........................... None
  fp8_recipe ...................................... delayed
  fp8_wgrad ....................................... True
  freeze_e_score_correction_bias .................. False
  freeze_indexer .................................. False
  fsdp_double_buffer .............................. False
  fsdp_manual_registration ........................ False
  ft_components ................................... []
  ft_num_warmup_iters ............................. 5
  full_validation ................................. False
  fully_async ..................................... False
  gamma ........................................... 1.0
  get_mismatch_metrics ............................ False
  global_batch_size ............................... 1
  glu_linear_offset ............................... 0.0
  grad_reduce_in_bf16 ............................. False
  gradient_accumulation_fusion .................... True
  gradient_reduce_div_fusion ...................... True
  group_query_attention ........................... True
  group_rm ........................................ False
  grpo_clamp_eps_lower ............................ 0.01
  grpo_clamp_eps_upper ............................ 0.01
  grpo_entropy_term_weight ........................ 0.0
  grpo_filter_groups_with_same_reward ............. False
  grpo_group_size ................................. 2
  grpo_iterations ................................. 2
  grpo_kl_beta .................................... 0.001
  grpo_prompts_per_step ........................... 32
  grpo_std_normalization .......................... True
  head_lr_mult .................................... 1.0
  heterogeneous_layers_config_encoded_json ........ None
  heterogeneous_layers_config_path ................ None
  hf_checkpoint ................................... /root/models/Qwen3.5-4B
  hidden_dropout .................................. 0.0
  hidden_size ..................................... 2560
  hierarchical_context_parallel_sizes ............. None
  high_priority_stream_groups ..................... []
  http_proxy ...................................... None
  hybrid_attention_ratio .......................... 0.0
  hybrid_context_parallel ......................... False
  hybrid_mlp_ratio ................................ 0.0
  hybrid_override_pattern ......................... None
  hysteresis ...................................... 2
  ict_head_size ................................... None
  ict_load ........................................ None
  img_h ........................................... 224
  img_w ........................................... 224
  indep_dp ........................................ False
  indexer_batch_size .............................. 128
  indexer_log_interval ............................ 1000
  inference_batch_times_seqlen_threshold .......... -1
  inference_coordinator_port ...................... 12346
  inference_dynamic_batching ...................... False
  inference_dynamic_batching_block_size ........... 256
  inference_dynamic_batching_buffer_size_gb ....... 40.0
  inference_dynamic_batching_cuda_graph_max_tokens  16384
  inference_dynamic_batching_cuda_graph_mixed_prefill_count  16
  inference_dynamic_batching_max_requests ......... None
  inference_dynamic_batching_max_tokens ........... None
  inference_dynamic_batching_num_cuda_graphs ...... 16
  inference_dynamic_batching_paused_buffer_size_gb  None
  inference_dynamic_batching_track_paused_request_events  False
  inference_dynamic_batching_unified_memory_level . 0
  inference_fuse_tp_communication ................. False
  inference_logging_step_interval ................. 0
  inference_max_batch_size ........................ 8
  inference_max_seq_length ........................ 2560
  inference_rng_tracker ........................... False
  inference_wandb_logging ......................... False
  init_method_std ................................. 0.02
  init_method_xavier_uniform ...................... False
  init_model_with_meta_device ..................... False
  initial_loss_scale .............................. 4294967296
  inprocess_active_world_size ..................... 1
  inprocess_barrier_timeout ....................... 120
  inprocess_completion_timeout .................... 120
  inprocess_empty_cuda_cache ...................... False
  inprocess_granularity ........................... node
  inprocess_hard_timeout .......................... 90
  inprocess_heartbeat_interval .................... 30
  inprocess_heartbeat_timeout ..................... 60
  inprocess_last_call_wait ........................ 1
  inprocess_max_iterations ........................ None
  inprocess_monitor_process_interval .............. 1.0
  inprocess_monitor_thread_interval ............... 1.0
  inprocess_progress_watchdog_interval ............ 1.0
  inprocess_restart ............................... False
  inprocess_soft_timeout .......................... 60
  inprocess_termination_grace_time ................ 1
  input_key ....................................... unbiased_messages
  is_hybrid_model ................................. False
  iter_per_epoch .................................. 1250
  iterations_to_skip .............................. []
  keep_fp8_transpose_cache ........................ False
  keep_old_actor .................................. False
  kitchen_attention_backend ....................... sdpa
  kl_coef ......................................... 0.0
  kl_loss_coef .................................... 0.0
  kl_loss_type .................................... k1
  kv_channels ..................................... 256
  kv_lora_rank .................................... 32
  label_key ....................................... None
  lambd ........................................... 1.0
  langrl_env_config ............................... None
  langrl_external_server .......................... False
  langrl_inference_server_conversation_template ... None
  langrl_inference_server_type .................... inplace_megatron
  layernorm_epsilon ............................... 1e-06
  layernorm_zero_centered_gamma ................... True
  lazy_mpu_init ................................... None
  legacy_tokenizer ................................ False
  linear_attention_backend ........................ fla
  linear_attention_freq ........................... None
  linear_attention_type ........................... None
  linear_conv_kernel_dim .......................... 4
  linear_key_head_dim ............................. 128
  linear_num_key_heads ............................ 16
  linear_num_value_heads .......................... 32
  linear_value_head_dim ........................... 128
  load ............................................ /root/models/Qwen3.5-4B_torch_dist
  load_debug_rollout_data ......................... None
  load_debug_rollout_data_subsample ............... None
  load_main_params_from_ckpt ...................... False
  local_rank ...................................... 0
  log_correct_samples ............................. False
  log_device_memory_used .......................... False
  log_energy ...................................... False
  log_interval .................................... 100
  log_loss_scale_to_tensorboard ................... True
  log_max_attention_logit ......................... False
  log_memory_interval ............................. None
  log_memory_to_tensorboard ....................... False
  log_multi_turn .................................. False
  log_num_zeros_in_grad ........................... False
  log_params_norm ................................. False
  log_passrate .................................... False
  log_probs_chunk_size ............................ -1
  log_probs_max_tokens_per_gpu .................... 24576
  log_progress .................................... False
  log_reward_category ............................. None
  log_straggler ................................... False
  log_throughput .................................. False
  log_timers_to_tensorboard ....................... False
  log_validation_ppl_to_tensorboard ............... False
  log_world_size_to_tensorboard ................... False
  logging_level ................................... None
  lora_adapter_path ............................... None
  lora_alpha ...................................... 16
  lora_base_cpu_backup ............................ False
  lora_dropout .................................... 0.0
  lora_rank ....................................... 0
  lora_sync_from_tensor ........................... False
  lora_train_only ................................. False
  lora_type ....................................... lora
  loss_mask_type .................................. qwen
  loss_scale ...................................... None
  loss_scale_window ............................... 1000
  loss_type ....................................... policy_loss
  low_memory_resume ............................... False
  lr .............................................. 1e-05
  lr_decay_iters .................................. None
  lr_decay_samples ................................ None
  lr_decay_style .................................. constant
  lr_warmup_fraction .............................. None
  lr_warmup_init .................................. 0.0
  lr_warmup_iters ................................. 0
  lr_warmup_samples ............................... 0
  lr_wsd_decay_iters .............................. None
  lr_wsd_decay_samples ............................ None
  lr_wsd_decay_style .............................. exponential
  main_grads_dtype ................................ torch.float32
  main_params_dtype ............................... torch.float32
  make_vocab_size_divisible_by .................... 128
  mamba_head_dim .................................. 64
  mamba_num_groups ................................ 8
  mamba_num_heads ................................. None
  mamba_state_dim ................................. 128
  manual_gc ....................................... False
  manual_gc_eval .................................. True
  manual_gc_interval .............................. 0
  mask_factor ..................................... 1.0
  mask_offpolicy_in_partial_rollout ............... False
  mask_prob ....................................... 0.15
  mask_type ....................................... random
  masked_softmax_fusion ........................... True
  max_position_embeddings ......................... 4096
  max_seqlen_per_dp_cp_rank ....................... None
  max_tokens_per_gpu .............................. 24576
  max_tokens_to_oom ............................... 12000
  max_weight_staleness ............................ None
  megatron_to_hf_mode ............................. bridge
  memory_recorder ................................. torch
  memory_snapshot_dir ............................. .
  memory_snapshot_num_steps ....................... None
  memory_snapshot_path ............................ snapshot.pickle
  merge_file ...................................... None
  metadata_key .................................... metadata
  micro_batch_size ................................ 1
  microbatch_group_size_per_vp_stage .............. None
  mid_level_dataset_surplus ....................... 0.005
  miles_dsa_topk_backend .......................... torch
  miles_router_health_check_failure_threshold ..... 3
  miles_router_max_connections .................... None
  miles_router_timeout ............................ None
  min_batch_collection_ratio ...................... 1
  min_loss_scale .................................. 1.0
  min_lr .......................................... 0.0
  min_offloaded_tensor_size ....................... 1048576
  mini_ft_controller_enable ....................... False
  mini_ft_controller_poll_interval ................ 10.0
  mini_ft_controller_resume_delay ................. 10.0
  mlflow_experiment_name .......................... miles
  mlflow_run_id ................................... None
  mlflow_run_name ................................. None
  mlflow_tracking_uri ............................. None
  mlp_chunks_for_prefill .......................... 1
  mmap_bin_files .................................. True
  mock_data ....................................... False
  model_name ...................................... None
  moe_activation_in_fp32 .......................... False
  moe_apply_probs_on_input ........................ False
  moe_aux_loss_coeff .............................. 0.0
  moe_combine_in_fp32 ............................. False
  moe_deepep_num_sms .............................. 20
  moe_enable_deepep ............................... False
  moe_enable_routing_replay ....................... False
  moe_expert_capacity_factor ...................... None
  moe_extended_tp ................................. False
  moe_ffn_hidden_size ............................. None
  moe_flex_dispatcher_backend ..................... deepep
  moe_grouped_gemm ................................ False
  moe_hybridep_num_sms ............................ 16
  moe_input_jitter_eps ............................ None
  moe_latent_size ................................. None
  moe_layer_freq .................................. 1
  moe_layer_recompute ............................. False
  moe_pad_expert_input_to_capacity ................ False
  moe_pad_experts_for_cuda_graph_inference ........ False
  moe_per_layer_logging ........................... False
  moe_permute_fusion .............................. False
  moe_router_bias_update_rate ..................... 0.001
  moe_router_dtype ................................ None
  moe_router_enable_expert_bias ................... False
  moe_router_force_biased ......................... None
  moe_router_force_load_balancing ................. False
  moe_router_freeze_gate .......................... False
  moe_router_fusion ............................... False
  moe_router_group_topk ........................... None
  moe_router_load_balancing_type .................. aux_loss
  moe_router_num_groups ........................... None
  moe_router_padding_for_fp8 ...................... False
  moe_router_padding_for_quantization ............. False
  moe_router_pre_softmax .......................... False
  moe_router_score_function ....................... softmax
  moe_router_topk ................................. 2
  moe_router_topk_scaling_factor .................. None
  moe_shared_expert_gate .......................... False
  moe_shared_expert_intermediate_size ............. None
  moe_shared_expert_overlap ....................... False
  moe_token_dispatcher_type ....................... allgather
  moe_token_drop_policy ........................... probs
  moe_upcycling_granularity ....................... 1
  moe_use_legacy_grouped_gemm ..................... False
  moe_use_upcycling ............................... False
  moe_z_loss_coeff ................................ None
  mooncake_replica_num ............................ 1
  mooncake_store_init_kwargs ...................... None
  mrope_section ................................... None
  mscale .......................................... 1.0
  mscale_all_dim .................................. 0.0
  mtp_hybrid_override_pattern ..................... None
  mtp_loss_scaling_factor ......................... 0.2
  mtp_num_layers .................................. None
  mtp_standalone .................................. False
  mtp_use_repeated_layer .......................... False
  multi_latent_attention .......................... False
  multi_lora ...................................... False
  multi_lora_adapters ............................. []
  multi_lora_api_port ............................. 8068
  multi_lora_backend_path ......................... None
  multi_lora_http_server_path ..................... None
  multi_lora_idle_poll_s .......................... 5.0
  multi_lora_max_adapter_global_batch_size ........ None
  multi_lora_max_coalesce_wait_s .................. 0.5
  multi_lora_max_empty_wait_s ..................... 30.0
  multi_lora_n_adapters ........................... 0
  multi_lora_service_mode ......................... True
  multimodal_keys ................................. None
  multiple_validation_sets ........................ False
  muon_extra_scale_factor ......................... 1.0
  muon_fp32_matmul_prec ........................... medium
  muon_momentum ................................... 0.9
  muon_num_ns_steps ............................... 5
  muon_scale_mode ................................. spectral
  muon_split_qkv .................................. True
  muon_tp_mode .................................... blockwise
  muon_use_nesterov ............................... False
  n_samples_per_eval_prompt ....................... 1
  n_samples_per_prompt ............................ 8
  nccl_all_reduce_for_prefill ..................... False
  nccl_communicator_config_path ................... None
  nccl_ub ......................................... False
  no_load_optim ................................... None
  no_load_rng ..................................... None
  no_persist_layer_norm ........................... False
  no_rope_freq .................................... None
  no_save_optim ................................... False
  no_save_rng ..................................... None
  no_weight_decay_cond_type ....................... None
  non_persistent_ckpt_type ........................ None
  non_persistent_global_ckpt_dir .................. None
  non_persistent_local_ckpt_algo .................. fully_parallel
  non_persistent_local_ckpt_dir ................... None
  non_persistent_save_interval .................... None
  normalization ................................... RMSNorm
  normalize_advantages ............................ False
  num_attention_heads ............................. 16
  num_channels .................................... 3
  num_classes ..................................... 1000
  num_critic_only_steps ........................... 0
  num_dataset_builder_threads ..................... 1
  num_distributed_optimizer_instances ............. 1
  num_epoch ....................................... None
  num_experts ..................................... None
  num_gpus_per_node ............................... 8
  num_layers ...................................... 32
  num_layers_at_end_in_bf16 ....................... 1
  num_layers_at_start_in_bf16 ..................... 1
  num_layers_per_virtual_pipeline_stage ........... None
  num_query_groups ................................ 4
  num_rollout ..................................... 1
  num_steps_per_rollout ........................... None
  num_virtual_stages_per_pipeline_rank ............ None
  num_workers ..................................... 2
  object_storage_cache_path ....................... None
  object_store_backend ............................ ray
  observe_training_entropy ........................ False
  offload_modules ................................. []
  offload_optimizer_states ........................ False
  offload_rollout ................................. True
  offload_rollout_level ........................... ['kv_cache', 'weight']
  offload_train ................................... True
  offload_train_disk_chunk_mb ..................... 256
  offload_train_disk_dir .......................... None
  offload_train_target ............................ cpu
  one_logger_async ................................ False
  one_logger_project .............................. megatron-lm
  one_logger_run_name ............................. None
  onnx_safe ....................................... None
  opd_kl_coef ..................................... 1.0
  opd_log_prob_top_k .............................. 0
  opd_reward_weight_mode .......................... student_p
  opd_teacher_ckpt_step ........................... None
  opd_teacher_key ................................. opd_teacher
  opd_teacher_load ................................ None
  opd_teacher_urls ................................ None
  opd_top_k_strategy .............................. only-student
  opd_topk_per_position ........................... False
  opd_type ........................................ None
  openai_gelu ..................................... False
  opsm_delta ...................................... 0.0001
  optimizer ....................................... adam
  optimizer_cpu_offload ........................... False
  optimizer_offload_fraction ...................... 1.0
  original_max_position_embeddings ................ 4096
  outer_dp_sharding_strategy ...................... no_shard
  output_bert_embeddings .......................... False
  over_sampling_batch_size ........................ 4
  overlap_cpu_optimizer_d2h_h2d ................... False
  overlap_grad_reduce ............................. False
  overlap_moe_expert_parallel_comm ................ False
  overlap_p2p_comm ................................ False
  overlap_p2p_comm_warmup_flush ................... False
  overlap_param_gather ............................ False
  overlap_param_gather_with_optimizer_step ........ False
  override_opt_param_scheduler .................... False
  p2p_transfer_num_workers ........................ 4
  p2p_transfer_timeout ............................ 30.0
  padded_vocab_size ............................... 248320
  params_dtype .................................... torch.bfloat16
  partial_rollout ................................. False
  patch_dim ....................................... 16
  pause_generation_mode ........................... retract
  per_dataset_sequences_path ...................... None
  per_split_data_args_path ........................ None
  perform_initialization .......................... True
  perform_rl_step ................................. False
  phase_transition_iterations ..................... None
  pin_cpu_grads ................................... True
  pin_cpu_params .................................. True
  pin_rollout_manager_to_head ..................... False
  pipeline_model_parallel_comm_backend ............ None
  pipeline_model_parallel_layout .................. None
  pipeline_model_parallel_size .................... 1
  position_embedding_type ......................... rope
  post_mlp_layernorm .............................. False
  post_self_attn_layernorm ........................ False
  prefill_num_servers ............................. None
  pretrained_checkpoint ........................... None
  profile ......................................... False
  profile_ranks ................................... [0]
  profile_step_end ................................ 12
  profile_step_start .............................. 10
  profile_target .................................. ['train_overall']
  prometheus_port ................................. 9090
  prometheus_run_name ............................. None
  prompt_data ..................................... /workspace/rmct/data/dev_smoke/suggested-answer-pairs.jsonl
  q_lora_rank ..................................... None
  qk_clip ......................................... False
  qk_clip_alpha ................................... 0.5
  qk_clip_threshold ............................... 100
  qk_head_dim ..................................... 128
  qk_l2_norm ...................................... False
  qk_layernorm .................................... True
  qk_pos_emb_head_dim ............................. 64
  qkv_format ...................................... thd
  query_in_block_prob ............................. 0.1
  quick_geglu ..................................... False
  rampup_batch_size ............................... None
  rank ............................................ 0
  recompute_granularity ........................... full
  recompute_logprobs_via_prefill .................. False
  recompute_loss_function ......................... False
  recompute_method ................................ uniform
  recompute_modules ............................... None
  recompute_num_layers ............................ 1
  record_memory_history ........................... False
  ref_ckpt_step ................................... None
  ref_load ........................................ /root/models/Qwen3.5-4B_torch_dist
  ref_update_interval ............................. None
  refit_method .................................... gloo
  relative_attention_max_distance ................. 128
  relative_attention_num_buckets .................. 32
  replication ..................................... False
  replication_factor .............................. 2
  replication_jump ................................ None
  rerun_mode ...................................... validate_results
  reset_attention_mask ............................ False
  reset_optimizer_states .......................... False
  reset_position_ids .............................. False
  result_rejected_tracker_filename ................ None
  retriever_report_topk_accuracies ................ []
  retriever_score_scaling ......................... False
  reuse_grad_buf_for_mxfp8_param_ag ............... False
  reward_key ...................................... None
  rewards_normalization ........................... False
  rl_calculate_intra_group_similarity ............. False
  rl_default_temperature .......................... 1.0
  rl_default_top_k ................................ -1
  rl_default_top_p ................................ 0
  rl_importance_sampling_truncation_coef .......... None
  rl_inference_expert_model_parallel_size ......... None
  rl_inference_expert_tensor_model_parallel_size .. None
  rl_inference_logprobs_is_correction ............. False
  rl_inference_model_unified_memory_level ......... 0
  rl_inference_pipeline_model_parallel_size ....... None
  rl_inference_tensor_model_parallel_size ......... None
  rl_offload_inference_model_weights_when_idle .... False
  rl_offload_kv_cache_during_training ............. False
  rl_offload_optimizer_during_inference ........... False
  rl_parallel_generation_tasks .................... 512
  rl_partial_rollouts ............................. False
  rl_prompts_per_eval ............................. 32
  rl_remove_kv_cache_during_training .............. False
  rl_reset_cuda_graphs ............................ False
  rl_sequence_packing_algo ........................ fifo
  rl_sequence_packing_max_sequences_per_bin ....... 50
  rl_skip_bos_token ............................... False
  rl_training_cuda_graphs ......................... False
  rl_use_sequence_packing ......................... False
  rl_verify_model_weights_swap .................... False
  rm_type ......................................... None
  rm_url .......................................... None
  rollout_all_samples_process_path ................ None
  rollout_batch_size .............................. 4
  rollout_buffer_url .............................. None
  rollout_data_postprocess_path ................... None
  rollout_external ................................ False
  rollout_external_engine_addrs ................... None
  rollout_function_path ........................... slime_port.rmct_rollout.generate_rollout
  rollout_global_dataset .......................... True
  rollout_health_check_first_wait ................. 0
  rollout_health_check_interval ................... 30.0
  rollout_health_check_timeout .................... 30.0
  rollout_max_context_len ......................... None
  rollout_max_prompt_len .......................... None
  rollout_max_response_len ........................ 1024
  rollout_num_gpus ................................ 1
  rollout_num_gpus_per_engine ..................... 1
  rollout_sample_filter_path ...................... None
  rollout_seed .................................... 42
  rollout_shuffle ................................. False
  rollout_skip_special_tokens ..................... False
  rollout_stop .................................... None
  rollout_stop_token_ids .......................... None
  rollout_submission_granularity .................. None
  rollout_task_type ............................... math
  rollout_temperature ............................. 1.0
  rollout_top_k ................................... -1
  rollout_top_p ................................... 1.0
  rope_scaling_factor ............................. 8.0
  rope_type ....................................... rope
  rotary_base ..................................... 10000000
  rotary_interleaved .............................. False
  rotary_percent .................................. 0.25
  rotary_scaling_factor ........................... 1.0
  rotary_seq_len_interpolation_factor ............. None
  router_api_key .................................. None
  router_assignment_mode .......................... random
  router_backend .................................. sglang
  router_balance_abs_threshold .................... 64
  router_balance_rel_threshold .................... 1.5
  router_bucket_adjust_interval_secs .............. 5
  router_ca_cert_paths ............................ []
  router_cache_threshold .......................... 0.3
  router_cb_failure_threshold ..................... 10
  router_cb_success_threshold ..................... 3
  router_cb_timeout_duration_secs ................. 60
  router_cb_window_duration_secs .................. 120
  router_chat_template ............................ None
  router_client_cert_path ......................... None
  router_client_key_path .......................... None
  router_control_plane_api_keys ................... []
  router_control_plane_audit_enabled .............. False
  router_cors_allowed_origins ..................... []
  router_decode ................................... None
  router_decode_policy ............................ None
  router_decode_selector .......................... {}
  router_disable_circuit_breaker .................. False
  router_disable_health_check ..................... False
  router_disable_retries .......................... False
  router_dp_aware ................................. False
  router_enable_igw ............................... False
  router_enable_trace ............................. False
  router_eviction_interval_secs ................... 60
  router_health_check_endpoint .................... /health
  router_health_check_interval_secs ............... 60
  router_health_check_timeout_secs ................ 5
  router_health_failure_threshold ................. 3
  router_health_success_threshold ................. 2
  router_history_backend .......................... memory
  router_json_log ................................. False
  router_jwt_audience ............................. None
  router_jwt_issuer ............................... None
  router_jwt_jwks_uri ............................. None
  router_jwt_role_mapping ......................... []
  router_log_dir .................................. None
  router_log_level ................................ info
  router_max_concurrent_requests .................. -1
  router_max_idle_secs ............................ 14400
  router_max_payload_size ......................... 536870912
  router_max_tree_size ............................ 67108864
  router_mcp_config_path .......................... None
  router_mini_lb .................................. False
  router_model_path ............................... None
  router_oracle_connect_descriptor ................ None
  router_oracle_password .......................... None
  router_oracle_pool_max .......................... 16
  router_oracle_pool_min .......................... 1
  router_oracle_pool_timeout_secs ................. 30
  router_oracle_tns_alias ......................... None
  router_oracle_username .......................... None
  router_oracle_wallet_path ....................... None
  router_otlp_traces_endpoint ..................... localhost:4317
  router_pd_disaggregation ........................ False
  router_policy ................................... cache_aware
  router_postgres_db_url .......................... None
  router_postgres_pool_max ........................ 16
  router_prefill .................................. None
  router_prefill_policy ........................... None
  router_prefill_selector ......................... {}
  router_prometheus_duration_buckets .............. None
  router_prometheus_host .......................... 0.0.0.0
  router_prometheus_port .......................... 29000
  router_queue_size ............................... 100
  router_queue_timeout_secs ....................... 60
  router_rate_limit_tokens_per_second ............. None
  router_reasoning_parser ......................... None
  router_redis_pool_max ........................... 16
  router_redis_retention_days ..................... 30
  router_redis_url ................................ None
  router_request_id_headers ....................... None
  router_request_timeout_secs ..................... 1800
  router_retry_backoff_multiplier ................. 1.5
  router_retry_initial_backoff_ms ................. 50
  router_retry_jitter_factor ...................... 0.2
  router_retry_max_backoff_ms ..................... 30000
  router_retry_max_retries ........................ 5
  router_selector ................................. {}
  router_service_discovery ........................ False
  router_service_discovery_namespace .............. None
  router_service_discovery_port ................... 80
  router_shutdown_grace_period_secs ............... 180
  router_test_external_dp_routing ................. False
  router_tls_cert_path ............................ None
  router_tls_key_path ............................. None
  router_tokenizer_cache_enable_l0 ................ False
  router_tokenizer_cache_enable_l1 ................ False
  router_tokenizer_cache_l0_max_entries ........... 10000
  router_tokenizer_cache_l1_max_memory ............ 52428800
  router_tokenizer_path ........................... None
  router_tool_call_parser ......................... None
  router_worker_startup_check_interval ............ 30
  router_worker_startup_timeout_secs .............. 1800
  run_workload_inspector_server ................... False
  sample_rate ..................................... 1.0
  save ............................................ /root/runs/bridge_fp/checkpoints
  save_debug_event_data ........................... None
  save_debug_rollout_data ......................... None
  save_debug_train_data ........................... None
  save_debug_trajectory_data ...................... None
  save_dgrads_interval ............................ None
  save_hf ......................................... None
  save_interval ................................... 8
  save_local_weight_checksum ...................... False
  save_retain_interval ............................ None
  save_trigger_sentinel ........................... None
  save_wgrads_interval ............................ None
  scatter_gather_tensors_in_pipeline .............. True
  seed ............................................ 1234
  seq_length ...................................... 4096
  sequence_parallel ............................... False
  session_sample_picker_path ...................... miles.rollout.session.v2.picker_hub.drop_retries
  session_sample_postprocessor_path ............... miles.rollout.session.v2.postprocessor_hub.default_postprocess
  session_server_ip ............................... None
  session_server_port ............................. None
  sft ............................................. False
  sft_tokenizer_prompt_format ..................... nemotron-h-aligned
  sgd_momentum .................................... 0.9
  sglang_abort_on_priority_when_disabled .......... False
  sglang_admin_api_key ............................ None
  sglang_allow_auto_truncate ...................... False
  sglang_api_key .................................. None
  sglang_asr_max_buffer_seconds ................... 60
  sglang_asr_max_concurrent_sessions .............. 32
  sglang_attention_backend ........................ None
  sglang_attn_cp_size ............................. 1
  sglang_batch_notify_size ........................ 16
  sglang_bf16_gemm_backend ........................ auto
  sglang_bucket_e2e_request_latency ............... None
  sglang_bucket_inter_token_latency ............... None
  sglang_bucket_time_to_first_token ............... None
  sglang_chat_template ............................ None
  sglang_checkpoint_engine_wait_weights_before_ready  False
  sglang_chunked_prefill_size ..................... None
  sglang_collect_tokens_histogram ................. None
  sglang_completion_template ...................... None
  sglang_config ................................... None
  sglang_constrained_json_disable_any_whitespace .. False
  sglang_constrained_json_whitespace_pattern ...... None
  sglang_context_length ........................... None
  sglang_cp_strategy .............................. None
  sglang_cpu_offload_gb ........................... 0
  sglang_crash_dump_folder ........................ None
  sglang_cuda_graph_backend_decode ................ None
  sglang_cuda_graph_backend_prefill ............... disabled
  sglang_cuda_graph_bs_decode ..................... None
  sglang_cuda_graph_bs_prefill .................... None
  sglang_cuda_graph_config ........................ None
  sglang_cuda_graph_max_bs_decode ................. None
  sglang_cuda_graph_max_bs_prefill ................ None
  sglang_cuda_graph_tc_compiler ................... None
  sglang_custom_pull_weights_pre_read_hook ........ None
  sglang_custom_weight_loader ..................... None
  sglang_dcp_size ................................. 1
  sglang_debug_cuda_graph ......................... False
  sglang_debug_tensor_dump_input_file ............. None
  sglang_debug_tensor_dump_layers ................. None
  sglang_debug_tensor_dump_output_folder .......... None
  sglang_decode_attention_backend ................. None
  sglang_decode_log_interval ...................... 40
  sglang_decoupled_spec_bind_endpoint ............. None
  sglang_decoupled_spec_connect_endpoints ......... None
  sglang_decoupled_spec_rank ...................... None
  sglang_decoupled_spec_role ...................... null
  sglang_decrypted_config_file .................... None
  sglang_decrypted_draft_config_file .............. None
  sglang_deepep_config ............................ None
  sglang_deepep_dispatcher_output_dtype ........... auto
  sglang_deepep_mode .............................. auto
  sglang_default_chat_template_kwargs ............. None
  sglang_default_priority_value ................... None
  sglang_delete_ckpt_after_loading ................ False
  sglang_detokenizer_worker_num ................... 1
  sglang_device ................................... None
  sglang_disable_attn_tp_gather ................... False
  sglang_disable_chunked_prefix_cache ............. False
  sglang_disable_cuda_graph ....................... False
  sglang_disable_cuda_graph_padding ............... False
  sglang_disable_custom_all_reduce ................ False
  sglang_disable_decode_cuda_graph ................ False
  sglang_disable_draft_cuda_graph ................. False
  sglang_disable_fast_image_processor ............. False
  sglang_disable_flashinfer_autotune .............. False
  sglang_disable_flashinfer_cutlass_moe_fp4_allgather  False
  sglang_disable_hybrid_swa_memory ................ False
  sglang_disable_outlines_disk_cache .............. False
  sglang_disable_overlap_schedule ................. False
  sglang_disable_prefill_cuda_graph ............... False
  sglang_disable_priority_preemption .............. False
  sglang_disable_radix_cache ...................... False
  sglang_disable_shared_experts_fusion ............ False
  sglang_disable_tokenizer_batch_decode ........... False
  sglang_disaggregation_bootstrap_port ............ 8998
  sglang_disaggregation_decode_enable_offload_kvcache  False
  sglang_disaggregation_decode_enable_radix_cache . False
  sglang_disaggregation_decode_extra_slots ........ None
  sglang_disaggregation_decode_polling_interval ... 1
  sglang_disaggregation_ib_device ................. None
  sglang_disaggregation_mode ...................... null
  sglang_disaggregation_transfer_backend .......... mooncake
  sglang_dist_timeout ............................. None
  sglang_dllm_algorithm ........................... None
  sglang_dllm_algorithm_config .................... None
  sglang_dllm_fdfo ................................ True
  sglang_download_dir ............................. None
  sglang_dp_size .................................. 1
  sglang_dsa_decode_backend ....................... None
  sglang_dsa_paged_mqa_logits_backend ............. auto
  sglang_dsa_prefill_backend ...................... None
  sglang_dsa_prefill_cp_mode ...................... round-robin-split
  sglang_dsa_topk_backend ......................... sgl-kernel
  sglang_dtype .................................... auto
  sglang_dynamic_batch_tokenizer_batch_size ....... 32
  sglang_dynamic_batch_tokenizer_batch_timeout .... 0.002
  sglang_elastic_ep_backend ....................... None
  sglang_elastic_ep_initial_size .................. None
  sglang_elastic_ep_rejoin ........................ False
  sglang_elastic_ep_scale_timeout ................. 600
  sglang_enable_adaptive_dispatch_to_encoder ...... False
  sglang_enable_aiter_allreduce_fusion ............ False
  sglang_enable_attn_tp_input_scattered ........... False
  sglang_enable_broadcast_mm_inputs_process ....... False
  sglang_enable_cache_report ...................... False
  sglang_enable_cudagraph_gc ...................... False
  sglang_enable_custom_logit_processor ............ False
  sglang_enable_deepseek_v4_fp4_indexer ........... False
  sglang_enable_deterministic_inference ........... False
  sglang_enable_dp_attention ...................... False
  sglang_enable_dp_attention_local_control_broadcast  False
  sglang_enable_dp_lm_head ........................ False
  sglang_enable_draft_weights_cpu_backup .......... False
  sglang_enable_dsa_cache_layer_split ............. False
  sglang_enable_dsa_prefill_context_parallel ...... False
  sglang_enable_dynamic_batch_tokenizer ........... False
  sglang_enable_dynamic_chunking .................. False
  sglang_enable_elastic_expert_backup ............. False
  sglang_enable_eplb .............................. False
  sglang_enable_expert_distribution_metrics ....... False
  sglang_enable_flashinfer_allreduce_fusion ....... False
  sglang_enable_flexkv ............................ False
  sglang_enable_forward_pass_metrics .............. False
  sglang_enable_fp32_lm_head ...................... False
  sglang_enable_fused_moe_sum_all_reduce .......... False
  sglang_enable_fused_qk_norm_rope ................ False
  sglang_enable_gdn_replayssm_spec ................ False
  sglang_enable_hierarchical_cache ................ False
  sglang_enable_hisparse .......................... False
  sglang_enable_http2 ............................. False
  sglang_enable_int8_mamba_checkpoint ............. False
  sglang_enable_layerwise_nvtx_marker ............. False
  sglang_enable_linear_replayssm .................. False
  sglang_enable_lmcache ........................... False
  sglang_enable_lora .............................. None
  sglang_enable_lora_overlap_loading .............. None
  sglang_enable_mamba_cache_stochastic_rounding ... False
  sglang_enable_metrics ........................... False
  sglang_enable_metrics_for_all_schedulers ........ False
  sglang_enable_mfu_metrics ....................... False
  sglang_enable_mis ............................... False
  sglang_enable_mixed_chunk ....................... False
  sglang_enable_mm_global_cache ................... False
  sglang_enable_mscclpp ........................... False
  sglang_enable_multi_layer_eagle ................. False
  sglang_enable_multimodal ........................ None
  sglang_enable_nccl_nvls ......................... False
  sglang_enable_p2p_check ......................... False
  sglang_enable_page_major_kv_layout .............. False
  sglang_enable_pdmux ............................. False
  sglang_enable_precise_embedding_interpolation ... False
  sglang_enable_prefill_context_parallel .......... False
  sglang_enable_prefill_cp ........................ False
  sglang_enable_prefill_delayer ................... False
  sglang_enable_prefill_only_deterministic_inference  False
  sglang_enable_prefix_mm_cache ................... False
  sglang_enable_priority_scheduling ............... False
  sglang_enable_profile_cuda_graph ................ False
  sglang_enable_quant_communications .............. False
  sglang_enable_request_time_stats_logging ........ False
  sglang_enable_return_hidden_states .............. False
  sglang_enable_scattered_sconv ................... False
  sglang_enable_session_radix_cache ............... False
  sglang_enable_single_batch_overlap .............. False
  sglang_enable_ssl_refresh ....................... False
  sglang_enable_streaming_session ................. False
  sglang_enable_strict_thinking ................... False
  sglang_enable_symm_mem .......................... False
  sglang_enable_tf32_matmul ....................... False
  sglang_enable_tokenizer_batch_encode ............ False
  sglang_enable_torch_compile ..................... False
  sglang_enable_torch_compile_debug_mode .......... False
  sglang_enable_torch_symm_mem .................... False
  sglang_enable_trace ............................. False
  sglang_enable_two_batch_overlap ................. False
  sglang_enable_unified_memory .................... False
  sglang_enable_waterfill ......................... False
  sglang_enable_weights_cpu_backup ................ False
  sglang_encoder_bootstrap_port ................... 8997
  sglang_encoder_only ............................. False
  sglang_encoder_register_urls .................... []
  sglang_encoder_transfer_backend ................. zmq_to_scheduler
  sglang_encoder_urls ............................. []
  sglang_enforce_disable_flashinfer_allreduce_fusion  False
  sglang_enforce_shared_experts_fusion ............ False
  sglang_engine_info_bootstrap_port ............... 6789
  sglang_ep_dispatch_algorithm .................... None
  sglang_ep_join_mode ............................. None
  sglang_ep_join_rank_offset ...................... 0
  sglang_ep_num_redundant_experts ................. 0
  sglang_ep_size .................................. 1
  sglang_eplb_algorithm ........................... auto
  sglang_eplb_min_rebalancing_utilization_threshold  1.0
  sglang_eplb_rebalance_layers_per_chunk .......... None
  sglang_eplb_rebalance_num_iterations ............ 1000
  sglang_expert_distribution_recorder_buffer_size . None
  sglang_expert_distribution_recorder_mode ........ None
  sglang_experts_shared_outer_loras ............... None
  sglang_export_metrics_to_file ................... False
  sglang_export_metrics_to_file_dir ............... None
  sglang_extra_metric_labels ...................... None
  sglang_fastapi_root_path ........................ 
  sglang_file_storage_path ........................ sglang_storage
  sglang_flashinfer_allreduce_fusion_backend ...... None
  sglang_flashinfer_mla_disable_ragged ............ False
  sglang_flashinfer_mxfp4_moe_precision ........... default
  sglang_flexkv_config_file ....................... None
  sglang_forward_hooks ............................ None
  sglang_forward_pass_metrics_ipc_name ............ None
  sglang_forward_pass_metrics_worker_id ........... 
  sglang_fp4_gemm_runner_backend .................. auto
  sglang_fp8_gemm_runner_backend .................. auto
  sglang_fuseep_mode .............................. 2
  sglang_gc_threshold ............................. None
  sglang_gc_warning_threshold_secs ................ 0.0
  sglang_generation_tokens_buckets ................ None
  sglang_grammar_backend .......................... None
  sglang_grpc_mode ................................ False
  sglang_grpc_port ................................ None
  sglang_hf_chat_template_name .................... None
  sglang_hicache_io_backend ....................... kernel
  sglang_hicache_mem_layout ....................... page_first
  sglang_hicache_ratio ............................ 2.0
  sglang_hicache_size ............................. 0
  sglang_hicache_storage_backend .................. None
  sglang_hicache_storage_backend_extra_config ..... None
  sglang_hicache_storage_prefetch_policy .......... timeout
  sglang_hicache_write_policy ..................... write_through
  sglang_hisparse_config .......................... None
  sglang_host ..................................... 127.0.0.1
  sglang_incremental_streaming_output ............. False
  sglang_init_expert_location ..................... trivial
  sglang_int8_mamba_ckpt_size ..................... None
  sglang_is_embedding ............................. False
  sglang_json_model_override_args ................. {}
  sglang_keep_mm_feature_on_device ................ False
  sglang_kt_cpuinfer .............................. None
  sglang_kt_max_deferred_experts_per_token ........ None
  sglang_kt_method ................................ AMXINT4
  sglang_kt_num_gpu_experts ....................... None
  sglang_kt_threadpool_count ...................... 2
  sglang_kt_weight_path ........................... None
  sglang_kv_cache_dtype ........................... auto
  sglang_kv_canary ................................ none
  sglang_kv_canary_real_data ...................... none
  sglang_kv_canary_sweep_interval ................. 0
  sglang_kv_events_config ......................... None
  sglang_language_only ............................ False
  sglang_limit_mm_data_per_request ................ None
  sglang_linear_attn_backend ...................... triton
  sglang_linear_attn_decode_backend ............... None
  sglang_linear_attn_prefill_backend .............. None
  sglang_linear_replayssm_cache_len ............... 16
  sglang_lmcache_config_file ...................... None
  sglang_load_balance_method ...................... auto
  sglang_load_format .............................. auto
  sglang_load_snapshot_publish_interval ........... 15
  sglang_log_level ................................ info
  sglang_log_level_http ........................... None
  sglang_log_requests ............................. False
  sglang_log_requests_format ...................... text
  sglang_log_requests_level ....................... 2
  sglang_log_requests_target ...................... None
  sglang_lora_backend ............................. csgmv
  sglang_lora_drain_wait_threshold ................ 0.0
  sglang_lora_eviction_policy ..................... lru
  sglang_lora_paths ............................... None
  sglang_lora_strict_loading ...................... False
  sglang_lora_target_modules ...................... None
  sglang_lora_use_virtual_experts ................. True
  sglang_mamba_backend ............................ triton
  sglang_mamba_cache_philox_rounds ................ 0
  sglang_mamba_full_memory_ratio .................. 0.9
  sglang_mamba_radix_cache_strategy ............... extra_buffer
  sglang_mamba_ssm_dtype .......................... None
  sglang_mamba_track_interval ..................... 256
  sglang_max_ep_size .............................. None
  sglang_max_loaded_loras ......................... None
  sglang_max_lora_chunk_size ...................... 16
  sglang_max_lora_rank ............................ None
  sglang_max_loras_per_batch ...................... 8
  sglang_max_mamba_cache_size ..................... None
  sglang_max_prefill_tokens ....................... 16384
  sglang_max_queued_requests ...................... None
  sglang_max_running_requests ..................... None
  sglang_max_total_tokens ......................... None
  sglang_mem_fraction_static ...................... 0.5
  sglang_min_free_slots_delay ..................... None
  sglang_mm_attention_backend ..................... None
  sglang_mm_enable_dp_encoder ..................... False
  sglang_mm_feature_transport ..................... None
  sglang_mm_process_config ........................ None
  sglang_model_checksum ........................... None
  sglang_model_config_parser ...................... auto
  sglang_model_impl ............................... auto
  sglang_model_loader_extra_config ................ {}
  sglang_modelexpress_config ...................... None
  sglang_modelopt_checkpoint_restore_path ......... None
  sglang_modelopt_checkpoint_save_path ............ None
  sglang_modelopt_export_path ..................... None
  sglang_modelopt_quant ........................... None
  sglang_moe_a2a_backend .......................... none
  sglang_moe_dense_tp_size ........................ None
  sglang_moe_dp_size .............................. 1
  sglang_moe_runner_backend ....................... auto
  sglang_mooncake_ib_device ....................... None
  sglang_msprobe_dump_config ...................... None
  sglang_num_continuous_decode_steps .............. 1
  sglang_num_reserved_decode_tokens ............... 512
  sglang_numa_node ................................ None
  sglang_offload_group_size ....................... -1
  sglang_offload_mode ............................. cpu
  sglang_offload_num_in_group ..................... 1
  sglang_offload_prefetch_step .................... 1
  sglang_optimistic_prefill_attempts .............. 0
  sglang_otlp_traces_endpoint ..................... localhost:4317
  sglang_page_size ................................ None
  sglang_pdmux_config_path ........................ None
  sglang_pp_async_batch_depth ..................... 0
  sglang_pp_max_micro_batch_size .................. None
  sglang_pp_size .................................. 1
  sglang_pre_warm_nccl ............................ False
  sglang_preferred_sampling_params ................ None
  sglang_prefill_attention_backend ................ None
  sglang_prefill_cp_mode .......................... in-seq-split
  sglang_prefill_delayer_forward_passes_buckets ... None
  sglang_prefill_delayer_max_delay_ms ............. None
  sglang_prefill_delayer_max_delay_passes ......... 30
  sglang_prefill_delayer_queue_min_ratio .......... None
  sglang_prefill_delayer_token_usage_low_watermark  None
  sglang_prefill_delayer_wait_seconds_buckets ..... None
  sglang_prefill_max_requests ..................... None
  sglang_prefill_only_disable_kv_cache ............ False
  sglang_prefill_round_robin_balance .............. None
  sglang_priority_scheduling_preemption_threshold . 10
  sglang_prompt_tokens_buckets .................... None
  sglang_quantization ............................. None
  sglang_quantization_param_path .................. None
  sglang_quantize_and_serve ....................... False
  sglang_radix_cache_backend ...................... None
  sglang_radix_eviction_policy .................... lru
  sglang_reasoning_parser ......................... None
  sglang_remote_instance_weight_loader_backend .... nccl
  sglang_remote_instance_weight_loader_seed_instance_ip  None
  sglang_remote_instance_weight_loader_seed_instance_service_port  None
  sglang_remote_instance_weight_loader_send_weights_group_ports  None
  sglang_remote_instance_weight_loader_start_seed_via_transfer_engine  False
  sglang_retraction_policy ........................ length
  sglang_revision ................................. None
  sglang_rl_on_policy_target ...................... None
  sglang_rl_quant_profile ......................... None
  sglang_router_ip ................................ None
  sglang_router_policy ............................ None
  sglang_router_port .............................. None
  sglang_router_request_timeout_secs .............. 14400
  sglang_sampling_backend ......................... None
  sglang_sampling_defaults ........................ model
  sglang_schedule_conservativeness ................ 1.0
  sglang_schedule_low_priority_values_first ....... False
  sglang_schedule_policy .......................... fcfs
  sglang_scheduler_recv_interval .................. 1
  sglang_served_model_name ........................ None
  sglang_server_concurrency ....................... 512
  sglang_show_time_cost ........................... False
  sglang_sidecar .................................. None
  sglang_sidecar_args ............................. None
  sglang_skip_tokenizer_init ...................... False
  sglang_sleep_on_idle ............................ False
  sglang_sm_group_num ............................. 8
  sglang_smg_grpc_mode ............................ False
  sglang_smg_http_sidecar_port .................... None
  sglang_soft_watchdog_timeout .................... None
  sglang_spec_trace_dir ........................... None
  sglang_speculative_accept_threshold_acc ......... 1.0
  sglang_speculative_accept_threshold_single ...... 1.0
  sglang_speculative_adaptive ..................... False
  sglang_speculative_adaptive_config .............. None
  sglang_speculative_algorithm .................... None
  sglang_speculative_attention_mode ............... prefill
  sglang_speculative_dflash_block_size ............ None
  sglang_speculative_draft_attention_backend ...... None
  sglang_speculative_draft_load_format ............ None
  sglang_speculative_draft_model_path ............. None
  sglang_speculative_draft_model_quantization ..... None
  sglang_speculative_draft_model_revision ......... None
  sglang_speculative_draft_window_size ............ None
  sglang_speculative_dspark_align_verify_tokens_to_graph_tier  False
  sglang_speculative_dspark_block_size ............ None
  sglang_speculative_dspark_confidence_sts_path ... None
  sglang_speculative_dspark_sps_table_path ........ None
  sglang_speculative_eagle_topk ................... None
  sglang_speculative_moe_a2a_backend .............. None
  sglang_speculative_moe_runner_backend ........... None
  sglang_speculative_ngram_capacity ............... 10000000
  sglang_speculative_ngram_external_corpus_max_tokens  10000000
  sglang_speculative_ngram_external_corpus_path ... None
  sglang_speculative_ngram_external_sam_budget .... 0
  sglang_speculative_ngram_match_type ............. BFS
  sglang_speculative_ngram_max_bfs_breadth ........ 10
  sglang_speculative_ngram_max_trie_depth ......... 18
  sglang_speculative_ngram_min_bfs_breadth ........ 1
  sglang_speculative_num_draft_tokens ............. None
  sglang_speculative_num_steps .................... None
  sglang_speculative_skip_dp_mlp_sync ............. False
  sglang_speculative_token_map .................... None
  sglang_speculative_use_rejection_sampling ....... False
  sglang_ssl_ca_certs ............................. None
  sglang_ssl_certfile ............................. None
  sglang_ssl_keyfile .............................. None
  sglang_ssl_keyfile_password ..................... None
  sglang_stream_interval .......................... 1
  sglang_stream_response_default_include_usage .... False
  sglang_strip_thinking_cache ..................... False
  sglang_swa_full_tokens_ratio .................... 0.8
  sglang_tbo_token_distribution_threshold ......... 0.48
  sglang_tokenizer_backend ........................ huggingface
  sglang_tokenizer_metrics_allowed_custom_labels .. None
  sglang_tokenizer_metrics_custom_labels_header ... x-custom-labels
  sglang_tokenizer_mode ........................... auto
  sglang_tokenizer_path ........................... None
  sglang_tokenizer_worker_num ..................... 1
  sglang_tool_call_parser ......................... None
  sglang_tool_server .............................. None
  sglang_torch_compile_max_bs ..................... 32
  sglang_torchao_config ........................... 
  sglang_tp_size .................................. 1
  sglang_trace_modules ............................ request
  sglang_triton_attention_num_kv_splits ........... 8
  sglang_triton_attention_reduce_in_fp32 .......... False
  sglang_triton_attention_split_tile_size ......... None
  sglang_true_on_policy_contract .................. None
  sglang_use_ray .................................. False
  sglang_uvicorn_access_log_exclude_prefixes ...... []
  sglang_warmups .................................. None
  sglang_watchdog_timeout ......................... 300
  sglang_weight_loader_disable_mmap ............... False
  sglang_weight_loader_drop_cache_after_load ...... False
  sglang_weight_loader_prefetch_checkpoints ....... False
  sglang_weight_loader_prefetch_num_threads ....... 4
  sglang_weight_version ........................... default
  sharp_enabled_group ............................. None
  short_seq_prob .................................. 0.1
  skip_eval_before_train .......................... False
  skip_train ...................................... False
  skipped_train_samples ........................... 0
  softmax_type .................................... vanilla
  spec ............................................ ['miles_plugins.models.qwen3_5', 'get_qwen3_5_spec']
  split ........................................... None
  squared_relu .................................... False
  start_rollout_id ................................ 0
  start_weight_decay .............................. 0.1
  straggler_ctrlr_port ............................ 65535
  straggler_minmax_count .......................... 1
  stream_optimizer_state_moment_dtype ............. fp32
  stream_optimizer_state_to_disk .................. False
  strict_fsdp_dtensor_load ........................ True
  suggested_communication_unit_size ............... None
  swiglu .......................................... True
  swin_backbone_type .............................. tiny
  symmetric_ar_type ............................... None
  target_modules .................................. None
  tb_experiment_name .............................. None
  tb_project_name ................................. None
  te_precision_config_file ........................ None
  te_rng_tracker .................................. False
  tensor_model_parallel_size ...................... 1
  tensorboard_dir ................................. None
  tensorboard_log_interval ........................ 1
  tensorboard_queue_size .......................... 1000
  test_data_path .................................. None
  test_mode ....................................... False
  tiktoken_num_special_tokens ..................... 1000
  tiktoken_pattern ................................ None
  tiktoken_special_tokens ......................... None
  timing_log_level ................................ 0
  timing_log_option ............................... minmax
  tis_clip ........................................ 2.0
  tis_clip_low .................................... 0
  titles_data_path ................................ None
  tito_model ...................................... default
  tokenizer_hf_include_special_tokens ............. False
  tokenizer_hf_use_fast ........................... False
  tokenizer_metadata .............................. None
  tokenizer_model ................................. /root/models/Qwen3.5-4B
  tokenizer_sentencepiece_legacy .................. False
  tokenizer_special_tokens ........................ None
  tokenizer_type .................................. HuggingFaceTokenizer
  tool_key ........................................ tools
  torch_fsdp2_reshard_after_forward ............... True
  tp_comm_bootstrap_backend ....................... nccl
  tp_comm_bulk_dgrad .............................. True
  tp_comm_bulk_wgrad .............................. True
  tp_comm_overlap ................................. False
  tp_comm_overlap_ag .............................. True
  tp_comm_overlap_cfg ............................. None
  tp_comm_overlap_rs .............................. True
  tp_comm_overlap_rs_dgrad ........................ False
  tp_comm_split_ag ................................ True
  tp_comm_split_rs ................................ True
  train_backend ................................... megatron
  train_data_path ................................. None
  train_env_vars .................................. {}
  train_iters ..................................... None
  train_memory_margin_bytes ....................... 1073741824
  train_samples ................................... None
  train_sync_interval ............................. None
  trainer_heartbeat_checker_failure_threshold ..... 3
  trainer_heartbeat_checker_first_wait ............ 300.0
  trainer_heartbeat_checker_interval .............. 10.0
  trainer_heartbeat_checker_timeout ............... 10.0
  transformer_impl ................................ transformer_engine
  transformer_pipeline_model_parallel_size ........ 1
  true_on_policy_contract ......................... None
  true_on_policy_mode ............................. False
  true_on_policy_vocab_size ....................... None
  trust_remote_code ............................... False
  untie_embeddings_and_output_weights ............. False
  update_weight_buffer_size ....................... 536870912
  update_weight_delta_checksum .................... xxh3-128
  update_weight_delta_encoding .................... xor
  update_weight_disk_dir .......................... None
  update_weight_local_checkpoint_dir .............. None
  update_weight_transfer_mode ..................... broadcast
  update_weights_interval ......................... 1
  use_checkpoint_args ............................. False
  use_checkpoint_opt_param_scheduler .............. False
  use_cpu_initialization .......................... None
  use_critic ...................................... False
  use_dist_ckpt ................................... True
  use_dist_ckpt_deprecated ........................ False
  use_distributed_optimizer ....................... True
  use_distributed_post ............................ False
  use_dynamic_batch_size .......................... True
  use_dynamic_global_batch_size ................... False
  use_fault_tolerance ............................. False
  use_flash_attn .................................. False
  use_fused_weighted_squared_relu ................. False
  use_indexer_replay .............................. False
  use_kitchen_attention ........................... False
  use_kl_loss ..................................... True
  use_legacy_models ............................... False
  use_legacy_static_engine ........................ False
  use_mamba_mem_eff_path .......................... True
  use_megatron_fsdp ............................... False
  use_miles_dashboard ............................. False
  use_miles_router ................................ False
  use_mlflow ...................................... False
  use_mp_args_from_checkpoint_args ................ False
  use_one_sent_docs ............................... False
  use_opd ......................................... False
  use_opsm ........................................ False
  use_persistent_ckpt_worker ...................... False
  use_precision_aware_optimizer ................... False
  use_prometheus .................................. False
  use_pytorch_profiler ............................ False
  use_ring_exchange_p2p ........................... False
  use_rollout_entropy ............................. False
  use_rollout_indexer_replay ...................... False
  use_rollout_logprobs ............................ False
  use_rollout_routing_replay ...................... False
  use_rope_scaling ................................ False
  use_rotary_position_embeddings .................. False
  use_routing_replay .............................. False
  use_session_server .............................. False
  use_sharp ....................................... False
  use_te_activation_func .......................... False
  use_tensorboard ................................. False
  use_tis ......................................... False
  use_tokenizer_model_from_checkpoint_args ........ True
  use_torch_fsdp2 ................................. False
  use_torch_optimizer_for_cpu_offload ............. False
  use_tp_pp_dp_mapping ............................ False
  use_unbiased_kl ................................. False
  use_wandb ....................................... False
  v_head_dim ...................................... 128
  valid_data_path ................................. None
  value_clip ...................................... 0.2
  variable_seq_lengths ............................ False
  virtual_pipeline_model_parallel_size ............ None
  vision_backbone_type ............................ vit
  vision_pretraining .............................. False
  vision_pretraining_type ......................... classify
  vocab_extra_ids ................................. 0
  vocab_file ...................................... None
  vocab_size ...................................... 248320
  wandb_always_use_train_step ..................... False
  wandb_dir ....................................... None
  wandb_entity .................................... None
  wandb_exp_name .................................. None
  wandb_group ..................................... None
  wandb_host ...................................... None
  wandb_key ....................................... None
  wandb_mode ...................................... None
  wandb_project ................................... None
  wandb_random_suffix ............................. True
  wandb_run_id .................................... None
  wandb_save_dir .................................. None
  wandb_team ...................................... None
  weight_decay .................................... 0.1
  weight_decay_incr_style ......................... constant
  wgrad_deferral_limit ............................ 0
  window_attn_skip_freq ........................... None
  window_size ..................................... None
  witness_buffer_size ............................. 1048576
  worker_urls ..................................... []
  world_size ...................................... 1
  yaml_cfg ........................................ None
-------------------- end of arguments ---------------------
[2026-08-06 03:35:13.090 main] arguments.py:2620 - --moe-token-dispatcher-type allgather does not support variable sequence length, please use alltoall dispatcher instead.
[2026-08-06 03:35:13.091 main] placement_group.py:113 - Creating placement group with 1 GPUs...
2026-08-06 03:35:13,091	INFO worker.py:1683 -- Using address 172.25.0.2:6379 set in the environment variable RAY_ADDRESS
2026-08-06 03:35:13,096	INFO worker.py:1833 -- Connecting to existing Ray cluster at address: 172.25.0.2:6379...
2026-08-06 03:35:13,109	INFO worker.py:2015 -- Connected to Ray cluster. View the dashboard at [1m[32mhttp://127.0.0.1:8265 [39m[22m
[33m(raylet)[0m [2026-08-06 03:39:03,757 E 37762 37786] (raylet) file_system_monitor.cc:116: /tmp/ray/session_2026-08-06_03-34-52_628859_37062 is over 95% full, available space: 3.99962 GB; capacity: 100 GB. Object creation will fail if spilling is required.
[2026-08-06 03:39:09.458 main] placement_group.py:84 -   bundle    0, actual_bundle_index:    0, node: 172.25.0.2, gpu: 0
[33m(raylet)[0m [2026-08-06 03:39:13,759 E 37762 37786] (raylet) file_system_monitor.cc:116: /tmp/ray/session_2026-08-06_03-34-52_628859_37062 is over 95% full, available space: 0.00153351 GB; capacity: 100 GB. Object creation will fail if spilling is required.
[36m(pid=41303)[0m Unable to import `torchao` Tensor objects. This may affect loading checkpoints serialized with `torchao`
[36m(pid=41303)[0m /usr/local/lib/python3.12/dist-packages/modelopt/torch/__init__.py:51: UserWarning: transformers 5.12.1 is not tested with current version of modelopt and may cause issues. Please install recommended version with `pip install -U nvidia-modelopt[hf]` if working with HF models.
[36m(pid=41303)[0m   _warnings.warn(
[36m(pid=41303)[0m [ERROR] `cache_position` is part of Qwen3ASRThinkerTextModel.forward's signature, but not documented. Make sure to add it to the docstring of the function in /usr/local/lib/python3.12/dist-packages/megatron/bridge/models/qwen3_asr/hf_qwen3_asr/modeling_qwen3_asr.py.
[36m(pid=41303)[0m [ERROR] `cache_position` is part of Qwen3ASRThinkerForConditionalGeneration.forward's signature, but not documented. Make sure to add it to the docstring of the function in /usr/local/lib/python3.12/dist-packages/megatron/bridge/models/qwen3_asr/hf_qwen3_asr/modeling_qwen3_asr.py.
[33m(raylet)[0m [2026-08-06 03:39:23,761 E 37762 37786] (raylet) file_system_monitor.cc:116: /tmp/ray/session_2026-08-06_03-34-52_628859_37062 is over 95% full, available space: 0.00152588 GB; capacity: 100 GB. Object creation will fail if spilling is required.
[36m(pid=41303)[0m <frozen importlib._bootstrap_external>:1297: FutureWarning: The cuda.cudart module is deprecated and will be removed in a future release, please switch to use the cuda.bindings.runtime module instead.
[36m(pid=41303)[0m <frozen importlib._bootstrap_external>:1297: FutureWarning: The cuda.nvrtc module is deprecated and will be removed in a future release, please switch to use the cuda.bindings.nvrtc module instead.
[36m(RolloutManager pid=41303)[0m [2026-08-06 03:39:25.705 rollout_manager] rollout_manager.py:89 - import slime_port.rmct_rollout.generate_rollout as generate_rollout function.
[36m(RolloutManager pid=41303)[0m [2026-08-06 03:39:25.705 rollout_manager] rollout_manager.py:90 - import slime_port.rmct_rollout.generate_rollout as eval_generate_rollout function.
[36m(RolloutManager pid=41303)[0m [2026-08-06 03:39:25.722 rollout_manager] router_manager.py:58 - Launch router with args: RouterArgs(worker_urls=[], host='172.25.0.2', port=3721, mini_lb=False, test_external_dp_routing=False, pd_disaggregation=False, prefill_urls=[], decode_urls=[], policy='cache_aware', prefill_policy=None, decode_policy=None, worker_startup_timeout_secs=1800, worker_startup_check_interval=30, cache_threshold=0.3, balance_abs_threshold=64, balance_rel_threshold=1.5, eviction_interval_secs=60, max_tree_size=67108864, max_idle_secs=14400, assignment_mode='random', max_payload_size=536870912, bucket_adjust_interval_secs=5, dp_aware=False, enable_igw=False, api_key=None, log_dir=None, log_level='warn', json_log=False, service_discovery=False, selector={}, service_discovery_port=80, service_discovery_namespace=None, prefill_selector={}, decode_selector={}, bootstrap_port_annotation='sglang.ai/bootstrap-port', prometheus_port=4589, prometheus_host='0.0.0.0', prometheus_duration_buckets=None, request_id_headers=None, request_timeout_secs=14400, shutdown_grace_period_secs=180, max_concurrent_requests=-1, queue_size=100, queue_timeout_secs=60, rate_limit_tokens_per_second=None, cors_allowed_origins=[], retry_max_retries=5, retry_initial_backoff_ms=50, retry_max_backoff_ms=30000, retry_backoff_multiplier=1.5, retry_jitter_factor=0.2, disable_retries=False, health_failure_threshold=3, health_success_threshold=2, health_check_timeout_secs=5, health_check_interval_secs=60, health_check_endpoint='/health', disable_health_check=False, cb_failure_threshold=10, cb_success_threshold=3, cb_timeout_duration_secs=60, cb_window_duration_secs=120, disable_circuit_breaker=False, model_path=None, tokenizer_path=None, chat_template=None, tokenizer_cache_enable_l0=False, tokenizer_cache_l0_max_entries=10000, tokenizer_cache_enable_l1=False, tokenizer_cache_l1_max_memory=52428800, reasoning_parser=None, tool_call_parser=None, mcp_config_path=None, backend='sglang', history_backend='memory', oracle_wallet_path=None, oracle_tns_alias=None, oracle_connect_descriptor=None, oracle_username=None, oracle_password=None, oracle_pool_min=1, oracle_pool_max=16, oracle_pool_timeout_secs=30, postgres_db_url=None, postgres_pool_max=16, redis_url=None, redis_pool_max=16, redis_retention_days=30, client_cert_path=None, client_key_path=None, ca_cert_paths=[], server_cert_path=None, server_key_path=None, enable_trace=False, otlp_traces_endpoint='localhost:4317', control_plane_api_keys=[], control_plane_audit_enabled=False, jwt_issuer=None, jwt_audience=None, jwt_jwks_uri=None, jwt_role_mapping={})
[33m(raylet)[0m [2026-08-06 03:39:33,763 E 37762 37786] (raylet) file_system_monitor.cc:116: /tmp/ray/session_2026-08-06_03-34-52_628859_37062 is over 95% full, available space: 0.00149536 GB; capacity: 100 GB. Object creation will fail if spilling is required.
[36m(RolloutManager pid=41303)[0m Unable to import `torchao` Tensor objects. This may affect loading checkpoints serialized with `torchao`
[36m(RolloutManager pid=41303)[0m /usr/local/lib/python3.12/dist-packages/modelopt/torch/__init__.py:51: UserWarning: transformers 5.12.1 is not tested with current version of modelopt and may cause issues. Please install recommended version with `pip install -U nvidia-modelopt[hf]` if working with HF models.
[36m(RolloutManager pid=41303)[0m   _warnings.warn(
[36m(RolloutManager pid=41303)[0m [ERROR] `cache_position` is part of Qwen3ASRThinkerTextModel.forward's signature, but not documented. Make sure to add it to the docstring of the function in /usr/local/lib/python3.12/dist-packages/megatron/bridge/models/qwen3_asr/hf_qwen3_asr/modeling_qwen3_asr.py.
[36m(RolloutManager pid=41303)[0m [ERROR] `cache_position` is part of Qwen3ASRThinkerForConditionalGeneration.forward's signature, but not documented. Make sure to add it to the docstring of the function in /usr/local/lib/python3.12/dist-packages/megatron/bridge/models/qwen3_asr/hf_qwen3_asr/modeling_qwen3_asr.py.
[36m(RolloutManager pid=41303)[0m [2026-08-06 03:39:38.727 rollout_manager] router_manager.py:76 - Router launched at 172.25.0.2:3721
[36m(RolloutManager pid=41303)[0m [2026-08-06 03:39:38.727 rollout_manager] rollout_server.py:56 - Engine group 'regular' gpu_offset=0 (abs=0): needs_offload=True
[36m(RolloutManager pid=41303)[0m [2026-08-06 03:39:38.761 rollout_manager] server_engine.py:56 - mark_allocated start old=
[36m(RolloutManager pid=41303)[0m [2026-08-06 03:39:38.761 rollout_manager] server_engine.py:59 - mark_allocated end new=actor_handle=Actor(SGLangEngine, 641a644a358805b9c115915903000000)
[36m(RolloutManager pid=41303)[0m Using blocking ray.get inside async actor. This blocks the event loop. Please use `await` on object ref with asyncio.gather if you want to yield execution to the event loop instead.
[33m(raylet)[0m [2026-08-06 03:39:43,765 E 37762 37786] (raylet) file_system_monitor.cc:116: /tmp/ray/session_2026-08-06_03-34-52_628859_37062 is over 95% full, available space: 0.00147247 GB; capacity: 100 GB. Object creation will fail if spilling is required.
[36m(pid=41514)[0m Unable to import `torchao` Tensor objects. This may affect loading checkpoints serialized with `torchao`
[36m(pid=41514)[0m /usr/local/lib/python3.12/dist-packages/modelopt/torch/__init__.py:51: UserWarning: transformers 5.12.1 is not tested with current version of modelopt and may cause issues. Please install recommended version with `pip install -U nvidia-modelopt[hf]` if working with HF models.
[36m(pid=41514)[0m   _warnings.warn(
[36m(pid=41514)[0m [ERROR] `cache_position` is part of Qwen3ASRThinkerTextModel.forward's signature, but not documented. Make sure to add it to the docstring of the function in /usr/local/lib/python3.12/dist-packages/megatron/bridge/models/qwen3_asr/hf_qwen3_asr/modeling_qwen3_asr.py.
[36m(pid=41514)[0m [ERROR] `cache_position` is part of Qwen3ASRThinkerForConditionalGeneration.forward's signature, but not documented. Make sure to add it to the docstring of the function in /usr/local/lib/python3.12/dist-packages/megatron/bridge/models/qwen3_asr/hf_qwen3_asr/modeling_qwen3_asr.py.
[36m(RolloutManager pid=41303)[0m [2026-08-06 03:39:52.709 rollout_manager] addr_allocator.py:110 - Ports for engine 0: {'host': '172.25.0.2', 'port': 15000, 'nccl_port': 15001, 'engine_info_bootstrap_port': 15002, 'dist_init_addr': '172.25.0.2:15024'}
[36m(SGLangEngine pid=41514)[0m Failed to load generation config for /root/models/Qwen3.5-4B: /root/models/Qwen3.5-4B does not appear to have a file named generation_config.json. Checkout 'https://huggingface.co//root/models/Qwen3.5-4B/tree/main' for available files.. Proceeding without generation config.
[33m(raylet)[0m [2026-08-06 03:39:53,766 E 37762 37786] (raylet) file_system_monitor.cc:116: /tmp/ray/session_2026-08-06_03-34-52_628859_37062 is over 95% full, available space: 0.00146103 GB; capacity: 100 GB. Object creation will fail if spilling is required.
[36m(SGLangEngine pid=41514)[0m [2026-08-06 03:40:03] server_args=ServerArgs(model_path='/root/models/Qwen3.5-4B', tokenizer_path='/root/models/Qwen3.5-4B', tokenizer_mode='auto', tokenizer_backend='huggingface', tokenizer_worker_num=1, detokenizer_worker_num=1, skip_tokenizer_init=False, load_format='auto', model_loader_extra_config='{}', trust_remote_code=True, context_length=None, is_embedding=False, enable_multimodal=None, revision=None, model_impl='auto', model_config_parser='auto', json_model_override_args='{}', dtype='auto', quantization=None, quantization_param_path=None, kv_cache_dtype='auto', enable_fp32_lm_head=False, modelopt_quant=None, modelopt_checkpoint_restore_path=None, modelopt_checkpoint_save_path=None, modelopt_export_path=None, quantize_and_serve=False, rl_quant_profile=None, enable_tf32_matmul=False, mem_fraction_static=0.5, max_running_requests=None, max_queued_requests=None, max_total_tokens=None, chunked_prefill_size=8192, enable_dynamic_chunking=False, max_prefill_tokens=16384, prefill_max_requests=None, schedule_policy='fcfs', enable_priority_scheduling=False, disable_priority_preemption=False, default_priority_value=None, abort_on_priority_when_disabled=False, schedule_low_priority_values_first=False, priority_scheduling_preemption_threshold=10, retraction_policy='length', schedule_conservativeness=1.0, page_size=1, swa_full_tokens_ratio=0.8, disable_hybrid_swa_memory=False, radix_eviction_policy='lru', prefill_only_disable_kv_cache=False, disable_radix_cache=False, enable_page_major_kv_layout=False, enable_unified_memory=False, disable_chunked_prefix_cache=False, disable_overlap_schedule=False, num_continuous_decode_steps=1, scheduler_recv_interval=1, enable_mixed_chunk=False, nccl_port=15001, dist_timeout=None, dist_init_addr='172.25.0.2:15024', nnodes=1, node_rank=0, tp_size=1, dcp_size=1, pp_size=1, pp_max_micro_batch_size=None, pp_async_batch_depth=0, dp_size=1, load_balance_method='round_robin', attn_cp_size=1, moe_dp_size=1, enable_prefill_cp=False, cp_strategy=None, enable_dsa_cache_layer_split=False, enable_dsa_prefill_context_parallel=False, dsa_prefill_cp_mode='round-robin-split', enable_prefill_context_parallel=False, prefill_cp_mode='in-seq-split', enable_dp_attention=False, enable_dp_attention_local_control_broadcast=False, enable_dp_lm_head=False, enable_attn_tp_input_scattered=False, disable_attn_tp_gather=False, enable_p2p_check=False, device='cuda', base_gpu_id=0, gpu_id_step=1, random_seed=1234, watchdog_timeout=300, soft_watchdog_timeout=None, sleep_on_idle=False, use_ray=False, custom_sigquit_handler=None, numa_node=None, gc_threshold=None, host='172.25.0.2', port=15000, fastapi_root_path='', smg_grpc_mode=False, grpc_mode=False, grpc_port=None, sidecar=None, sidecar_args=None, skip_server_warmup=True, warmups=None, enable_http2=False, ssl_keyfile=None, ssl_certfile=None, ssl_ca_certs=None, ssl_keyfile_password=None, enable_ssl_refresh=False, api_key=None, admin_api_key=None, served_model_name='/root/models/Qwen3.5-4B', weight_version='default', chat_template=None, hf_chat_template_name=None, completion_template=None, file_storage_path='sglang_storage', enable_cache_report=False, reasoning_parser=None, default_chat_template_kwargs=None, strip_thinking_cache=False, enable_strict_thinking=False, tool_call_parser=None, tool_server=None, sampling_defaults='model', asr_max_buffer_seconds=60, asr_max_concurrent_sessions=32, preferred_sampling_params=None, allow_auto_truncate=False, stream_interval=1, batch_notify_size=16, stream_response_default_include_usage=False, incremental_streaming_output=False, enable_streaming_session=False, enable_session_radix_cache=False, log_level='info', log_level_http=None, log_requests=False, log_requests_level=2, log_requests_format='text', log_requests_target=None, uvicorn_access_log_exclude_prefixes=[], crash_dump_folder=None, show_time_cost=False, enable_metrics=True, smg_http_sidecar_port=None, enable_mfu_metrics=False, enable_metrics_for_all_schedulers=False, load_snapshot_publish_interval=15, tokenizer_metrics_custom_labels_header='x-custom-labels', tokenizer_metrics_allowed_custom_labels=None, extra_metric_labels=None, bucket_time_to_first_token=None, bucket_inter_token_latency=None, bucket_e2e_request_latency=None, prompt_tokens_buckets=None, generation_tokens_buckets=None, gc_warning_threshold_secs=0.0, decode_log_interval=40, enable_request_time_stats_logging=False, kv_events_config=None, enable_forward_pass_metrics=False, forward_pass_metrics_worker_id='', forward_pass_metrics_ipc_name=None, enable_trace=False, trace_modules='request', otlp_traces_endpoint='localhost:4317', export_metrics_to_file=False, export_metrics_to_file_dir=None, stat_loggers=None, constrained_json_whitespace_pattern=None, constrained_json_disable_any_whitespace=False, attention_backend='fa3', decode_attention_backend=None, prefill_attention_backend=None, sampling_backend='flashinfer', grammar_backend='xgrammar', radix_cache_backend=None, mm_attention_backend=None, fp8_gemm_runner_backend='auto', fp4_gemm_runner_backend='auto', bf16_gemm_backend='auto', dsa_prefill_backend=None, dsa_decode_backend=None, dsa_paged_mqa_logits_backend='auto', dsa_topk_backend='sgl-kernel', disable_flashinfer_autotune=False, mamba_backend='triton', cuda_graph_config=CudaGraphConfig(decode=PhaseConfig(backend='full', max_bs=256, bs=[1, 2, 4, 8, 12, 16, 24, 32, 40, 48, 56, 64, 72, 80, 88, 96, 104, 112, 120, 128, 136, 144, 152, 160, 168, 176, 184, 192, 200, 208, 216, 224, 232, 240, 248, 256], tc_compiler='eager', full_prefill_max_req=None), prefill=PhaseConfig(backend='disabled', max_bs=8192, bs=[4, 8, 12, 16, 20, 24, 28, 32, 48, 64, 80, 96, 112, 128, 144, 160, 176, 192, 208, 224, 240, 256, 288, 320, 352, 384, 416, 448, 480, 512, 576, 640, 704, 768, 832, 896, 960, 1024, 1280, 1536, 1792, 2048, 2304, 2560, 2816, 3072, 3328, 3584, 3840, 4096, 4608, 5120, 5632, 6144, 6656, 7168, 7680, 8192], tc_compiler='eager', full_prefill_max_req=None)), cuda_graph_backend_decode=None, cuda_graph_backend_prefill='disabled', cuda_graph_max_bs_decode=None, cuda_graph_max_bs_prefill=None, cuda_graph_bs_decode=None, cuda_graph_bs_prefill=None, cuda_graph_tc_compiler=None, disable_prefill_cuda_graph=False, disable_decode_cuda_graph=False, disable_cuda_graph=False, disable_draft_cuda_graph=False, disable_cuda_graph_padding=False, enable_profile_cuda_graph=False, enable_cudagraph_gc=False, debug_cuda_graph=False, enable_layerwise_nvtx_marker=False, enable_nccl_nvls=False, enable_symm_mem=False, triton_attention_reduce_in_fp32=False, triton_attention_num_kv_splits=8, triton_attention_split_tile_size=None, flashinfer_mla_disable_ragged=False, enable_fused_qk_norm_rope=False, enable_precise_embedding_interpolation=False, enable_fused_moe_sum_all_reduce=False, enable_deepseek_v4_fp4_indexer=False, disable_custom_all_reduce=False, enable_mscclpp=False, enable_torch_symm_mem=False, enable_scattered_sconv=False, pre_warm_nccl=False, enable_quant_communications=False, enable_flashinfer_allreduce_fusion=False, enforce_disable_flashinfer_allreduce_fusion=False, flashinfer_allreduce_fusion_backend=None, enable_aiter_allreduce_fusion=False, enable_torch_compile=False, enable_torch_compile_debug_mode=False, torch_compile_max_bs=32, torchao_config='', speculative_algorithm=None, speculative_draft_model_path=None, speculative_draft_model_revision=None, speculative_draft_load_format=None, speculative_num_steps=None, speculative_eagle_topk=None, speculative_num_draft_tokens=None, speculative_dflash_block_size=None, speculative_dspark_block_size=None, speculative_dspark_sps_table_path=None, speculative_dspark_confidence_sts_path=None, speculative_dspark_align_verify_tokens_to_graph_tier=False, speculative_accept_threshold_single=1.0, speculative_accept_threshold_acc=1.0, speculative_use_rejection_sampling=False, speculative_token_map=None, speculative_attention_mode='prefill', speculative_draft_attention_backend=None, speculative_draft_window_size=None, speculative_moe_runner_backend='auto', speculative_moe_a2a_backend=None, speculative_draft_model_quantization=None, speculative_skip_dp_mlp_sync=False, enable_multi_layer_eagle=False, speculative_adaptive=False, speculative_adaptive_config=None, decoupled_spec_bind_endpoint=None, decoupled_spec_connect_endpoints=None, decoupled_spec_rank=None, decoupled_spec_role='null', spec_trace_dir=None, speculative_ngram_min_bfs_breadth=1, speculative_ngram_max_bfs_breadth=10, speculative_ngram_match_type='BFS', speculative_ngram_max_trie_depth=18, speculative_ngram_capacity=10000000, speculative_ngram_external_corpus_path=None, speculative_ngram_external_sam_budget=0, speculative_ngram_external_corpus_max_tokens=10000000, ep_size=1, moe_a2a_backend='none', moe_runner_backend='auto', flashinfer_mxfp4_moe_precision='default', deepep_mode='auto', fuseep_mode=2, deepep_dispatcher_output_dtype='auto', ep_num_redundant_experts=0, ep_dispatch_algorithm=None, init_expert_location='trivial', enable_eplb=False, eplb_algorithm='auto', eplb_rebalance_num_iterations=1000, eplb_rebalance_layers_per_chunk=None, eplb_min_rebalancing_utilization_threshold=1.0, expert_distribution_recorder_mode=None, expert_distribution_recorder_buffer_size=1000, enable_expert_distribution_metrics=False, deepep_config=None, moe_dense_tp_size=None, elastic_ep_backend=None, enable_elastic_expert_backup=False, mooncake_ib_device=None, enable_waterfill=False, ep_join_mode=None, ep_join_rank_offset=0, elastic_ep_initial_size=None, max_ep_size=None, elastic_ep_scale_timeout=600, elastic_ep_rejoin=False, disable_flashinfer_cutlass_moe_fp4_allgather=False, disable_shared_experts_fusion=False, enforce_shared_experts_fusion=False, max_mamba_cache_size=None, mamba_ssm_dtype=None, enable_mamba_cache_stochastic_rounding=False, mamba_cache_philox_rounds=0, mamba_full_memory_ratio=0.9, mamba_radix_cache_strategy='extra_buffer', uses_mamba_radix_cache=True, mamba_track_interval=256, enable_int8_mamba_checkpoint=False, int8_mamba_ckpt_size=None, linear_attn_backend='triton', linear_attn_decode_backend=None, linear_attn_prefill_backend=None, enable_linear_replayssm=False, linear_replayssm_cache_len=16, enable_gdn_replayssm_spec=False, enable_hierarchical_cache=False, hicache_ratio=2.0, hicache_size=0, hicache_write_policy='write_through', hicache_io_backend='kernel', hicache_mem_layout='page_first', hicache_storage_backend=None, hicache_storage_prefetch_policy='timeout', hicache_storage_backend_extra_config=None, enable_hisparse=False, hisparse_config=None, enable_broadcast_mm_inputs_process=False, enable_prefix_mm_cache=False, mm_enable_dp_encoder=False, mm_process_config={}, limit_mm_data_per_request=None, enable_mm_global_cache=False, disable_fast_image_processor=False, mm_feature_transport='cpu', keep_mm_feature_on_device=False, enable_lora=None, enable_lora_overlap_loading=None, max_lora_rank=None, lora_target_modules=None, lora_paths=None, max_loaded_loras=None, max_loras_per_batch=8, lora_eviction_policy='lru', lora_backend='csgmv', max_lora_chunk_size=16, experts_shared_outer_loras=None, lora_use_virtual_experts=True, lora_strict_loading=False, lora_drain_wait_threshold=0.0, enable_two_batch_overlap=False, enable_single_batch_overlap=False, tbo_token_distribution_threshold=0.48, cpu_offload_gb=0, offload_group_size=-1, offload_num_in_group=1, offload_prefetch_step=1, offload_mode='cpu', enable_lmcache=False, lmcache_config_file=None, enable_flexkv=False, flexkv_config_file=None, kt_weight_path=None, kt_method='AMXINT4', kt_cpuinfer=None, kt_threadpool_count=2, kt_num_gpu_experts=None, kt_max_deferred_experts_per_token=None, dllm_algorithm=None, dllm_algorithm_config=None, dllm_fdfo=True, disaggregation_mode='null', disaggregation_transfer_backend='mooncake', disaggregation_bootstrap_port=8998, disaggregation_ib_device=None, disaggregation_decode_enable_radix_cache=False, disaggregation_decode_enable_offload_kvcache=False, num_reserved_decode_tokens=512, disaggregation_decode_extra_slots=None, disaggregation_decode_polling_interval=1, optimistic_prefill_attempts=0, encoder_only=False, language_only=False, encoder_transfer_backend='zmq_to_scheduler', encoder_urls=[], encoder_bootstrap_port=8997, encoder_register_urls=[], enable_adaptive_dispatch_to_encoder=False, enable_pdmux=False, pdmux_config_path=None, sm_group_num=8, custom_weight_loader=[], custom_pull_weights_pre_read_hook=None, weight_loader_disable_mmap=False, weight_loader_prefetch_checkpoints=False, weight_loader_prefetch_num_threads=4, weight_loader_drop_cache_after_load=False, remote_instance_weight_loader_seed_instance_ip=None, remote_instance_weight_loader_seed_instance_service_port=None, remote_instance_weight_loader_send_weights_group_ports=None, remote_instance_weight_loader_backend='nccl', remote_instance_weight_loader_start_seed_via_transfer_engine=False, engine_info_bootstrap_port=15002, modelexpress_config=None, download_dir=None, model_checksum=None, delete_ckpt_after_loading=False, decrypted_config_file=None, decrypted_draft_config_file=None, checkpoint_engine_wait_weights_before_ready=False, enable_prefill_delayer=False, prefill_delayer_max_delay_passes=30, prefill_delayer_token_usage_low_watermark=None, prefill_delayer_forward_passes_buckets=None, prefill_delayer_wait_seconds_buckets=None, prefill_delayer_queue_min_ratio=None, prefill_delayer_max_delay_ms=None, min_free_slots_delay=None, enable_deterministic_inference=False, enable_prefill_only_deterministic_inference=False, true_on_policy_contract=None, rl_on_policy_target=None, kv_canary='none', kv_canary_real_data='none', kv_canary_sweep_interval=0, enable_dynamic_batch_tokenizer=False, dynamic_batch_tokenizer_batch_size=32, dynamic_batch_tokenizer_batch_timeout=0.002, enable_tokenizer_batch_encode=False, disable_tokenizer_batch_decode=False, debug_tensor_dump_output_folder=None, debug_tensor_dump_layers=None, debug_tensor_dump_input_file=None, enable_memory_saver=True, enable_weights_cpu_backup=False, enable_draft_weights_cpu_backup=True, enable_custom_logit_processor=False, enable_return_hidden_states=False, enable_return_routed_experts=False, enable_return_indexer_topk=False, disable_outlines_disk_cache=False, enable_mis=False, forward_hooks=None, msprobe_dump_config=None)
[36m(SGLangEngine pid=41514)[0m [2026-08-06 03:40:03] User lacks permission to set NUMA affinity, skipping NUMA node configuration for GPU. If using docker, try adding --cap-add SYS_NICE to your docker run command.
[36m(SGLangEngine pid=41514)[0m [2026-08-06 03:40:03] Failed to load generation config for /root/models/Qwen3.5-4B: /root/models/Qwen3.5-4B does not appear to have a file named generation_config.json. Checkout 'https://huggingface.co//root/models/Qwen3.5-4B/tree/main' for available files.. Proceeding without generation config.
[33m(raylet)[0m [2026-08-06 03:40:03,768 E 37762 37786] (raylet) file_system_monitor.cc:116: /tmp/ray/session_2026-08-06_03-34-52_628859_37062 is over 95% full, available space: 0.00137329 GB; capacity: 100 GB. Object creation will fail if spilling is required.
[36m(SGLangEngine pid=41514)[0m [2026-08-06 03:40:03] Detected Megatron Core, using Megatron-FSDP with Megatron.
[36m(SGLangEngine pid=41514)[0m [2026-08-06 03:40:03] Detected Megatron Core, using Megatron-FSDP with Megatron.
[36m(SGLangEngine pid=41514)[0m [transformers] The `use_fast` parameter is deprecated and will be removed in a future version. Use `backend="torchvision"` instead of `use_fast=True`, or `backend="pil"` instead of `use_fast=False`.
[36m(SGLangEngine pid=41514)[0m [2026-08-06 03:40:07] Using default HuggingFace chat template with detected content format: openai
[36m(SGLangEngine pid=41514)[0m [2026-08-06 03:40:07] Auto-detected template features: reasoning_config=ReasoningToggleConfig(toggle_param='enable_thinking', default_enabled=True, special_case=None, effort_kwarg=None), reasoning_parser=qwen3, tool_call_parser=qwen3_coder
[36m(SGLangEngine pid=41514)[0m <frozen importlib._bootstrap_external>:1297: FutureWarning: The cuda.cudart module is deprecated and will be removed in a future release, please switch to use the cuda.bindings.runtime module instead.
[36m(SGLangEngine pid=41514)[0m <frozen importlib._bootstrap_external>:1297: FutureWarning: The cuda.nvrtc module is deprecated and will be removed in a future release, please switch to use the cuda.bindings.nvrtc module instead.
[36m(SGLangEngine pid=41514)[0m [2026-08-06 03:40:12] Failed to load generation config for /root/models/Qwen3.5-4B: /root/models/Qwen3.5-4B does not appear to have a file named generation_config.json. Checkout 'https://huggingface.co//root/models/Qwen3.5-4B/tree/main' for available files.. Proceeding without generation config.
[36m(SGLangEngine pid=41514)[0m [transformers] The `use_fast` parameter is deprecated and will be removed in a future version. Use `backend="torchvision"` instead of `use_fast=True`, or `backend="pil"` instead of `use_fast=False`.
[36m(SGLangEngine pid=41514)[0m [2026-08-06 03:40:13] Detected Megatron Core, using Megatron-FSDP with Megatron.
[36m(SGLangEngine pid=41514)[0m [2026-08-06 03:40:13] Detected Megatron Core, using Megatron-FSDP with Megatron.
[33m(raylet)[0m [2026-08-06 03:40:13,770 E 37762 37786] (raylet) file_system_monitor.cc:116: /tmp/ray/session_2026-08-06_03-34-52_628859_37062 is over 95% full, available space: 0.00133133 GB; capacity: 100 GB. Object creation will fail if spilling is required.
[36m(SGLangEngine pid=41514)[0m [2026-08-06 03:40:15] Init torch distributed begin.
[36m(SGLangEngine pid=41514)[0m [2026-08-06 03:40:15] Init torch distributed ends. elapsed=0.27 s, mem usage=0.09 GB
[36m(SGLangEngine pid=41514)[0m [2026-08-06 03:40:16] Load weight begin. avail mem=139.11 GB
[36m(SGLangEngine pid=41514)[0m [2026-08-06 03:40:16] Multimodal attention backend not set. Use fa3.
[36m(SGLangEngine pid=41514)[0m [2026-08-06 03:40:16] Using fa3 as multimodal attention backend.
[36m(SGLangEngine pid=41514)[0m [2026-08-06 03:40:16] using attn output gate!
[36m(SGLangEngine pid=41514)[0m 
Multi-thread loading shards:   0% Completed | 0/2 [00:00<?, ?it/s]
[36m(SGLangEngine pid=41514)[0m 
Multi-thread loading shards:  50% Completed | 1/2 [00:00<00:00,  1.07it/s]
[36m(SGLangEngine pid=41514)[0m 
Multi-thread loading shards: 100% Completed | 2/2 [00:01<00:00,  1.30it/s]
Multi-thread loading shards: 100% Completed | 2/2 [00:01<00:00,  1.26it/s]
[36m(SGLangEngine pid=41514)[0m [2026-08-06 03:40:17] Load weight end. elapsed=1.78 s, type=Qwen3_5ForConditionalGeneration, avail mem=130.48 GB, mem usage=8.62 GB.
[36m(SGLangEngine pid=41514)[0m [2026-08-06 03:40:18] Mamba Cache is allocated. max_mamba_cache_size: 600, conv_state size: 0.66GB, ssm_state size: 28.17GB 
[36m(SGLangEngine pid=41514)[0m [2026-08-06 03:40:18] KV Cache is allocated. dtype: torch.bfloat16, #tokens: 1048532, K size: 16.00 GB, V size: 16.00 GB
[36m(SGLangEngine pid=41514)[0m [2026-08-06 03:40:18] Memory pool end. avail mem=69.41 GB
[36m(SGLangEngine pid=41514)[0m [2026-08-06 03:40:18] Linear attention kernel backend: decode=triton, prefill=triton
[36m(SGLangEngine pid=41514)[0m [2026-08-06 03:40:18] Using hybrid linear attention backend for hybrid GDN models.
[36m(SGLangEngine pid=41514)[0m [2026-08-06 03:40:18] GDN kernel dispatcher: decode=TritonGDNKernel, extend=TritonGDNKernel, verify=TritonGDNKernel packed_decode=True
[36m(SGLangEngine pid=41514)[0m [2026-08-06 03:40:18] Disable prefill CUDA graph because cuda_graph_config resolved prefill.backend='disabled' (e.g. via --cuda-graph-backend-prefill=disabled or auto-disable rules).
[36m(SGLangEngine pid=41514)[0m [2026-08-06 03:40:18] Capture target decode CUDA graph begin. backend=full, num_tokens_per_req=1, bs=[1, 2, 4, 8, 12, 16, 24, 32, 40, 48, 56, 64, 72, 80, 88, 96, 104, 112, 120], avail mem=69.27 GB
[36m(SGLangEngine pid=41514)[0m 
  0%|          | 0/19 [00:00<?, ?it/s]
Capturing batches (bs=120 avail_mem=69.05 GB):   0%|          | 0/19 [00:00<?, ?it/s]
[36m(SGLangEngine pid=41514)[0m 
Capturing batches (bs=120 avail_mem=69.05 GB):   5%|▌         | 1/19 [00:01<00:24,  1.35s/it]
Capturing batches (bs=112 avail_mem=68.89 GB):   5%|▌         | 1/19 [00:01<00:24,  1.35s/it]
[36m(SGLangEngine pid=41514)[0m 
Capturing batches (bs=112 avail_mem=68.89 GB):  11%|█         | 2/19 [00:01<00:11,  1.45it/s]
Capturing batches (bs=104 avail_mem=68.89 GB):  11%|█         | 2/19 [00:01<00:11,  1.45it/s]
[36m(SGLangEngine pid=41514)[0m 
Capturing batches (bs=96 avail_mem=68.88 GB):  11%|█         | 2/19 [00:01<00:11,  1.45it/s] 
[36m(SGLangEngine pid=41514)[0m 
Capturing batches (bs=96 avail_mem=68.88 GB):  21%|██        | 4/19 [00:01<00:04,  3.27it/s]
Capturing batches (bs=88 avail_mem=68.88 GB):  21%|██        | 4/19 [00:01<00:04,  3.27it/s]
[36m(SGLangEngine pid=41514)[0m 
Capturing batches (bs=80 avail_mem=68.87 GB):  21%|██        | 4/19 [00:01<00:04,  3.27it/s]
[36m(SGLangEngine pid=41514)[0m 
Capturing batches (bs=80 avail_mem=68.87 GB):  32%|███▏      | 6/19 [00:01<00:02,  5.05it/s]
Capturing batches (bs=72 avail_mem=68.86 GB):  32%|███▏      | 6/19 [00:01<00:02,  5.05it/s]
[36m(SGLangEngine pid=41514)[0m 
Capturing batches (bs=64 avail_mem=68.86 GB):  32%|███▏      | 6/19 [00:01<00:02,  5.05it/s]
[36m(SGLangEngine pid=41514)[0m 
Capturing batches (bs=64 avail_mem=68.86 GB):  42%|████▏     | 8/19 [00:02<00:01,  6.63it/s]
Capturing batches (bs=56 avail_mem=68.85 GB):  42%|████▏     | 8/19 [00:02<00:01,  6.63it/s]
[36m(SGLangEngine pid=41514)[0m 
Capturing batches (bs=48 avail_mem=68.85 GB):  42%|████▏     | 8/19 [00:02<00:01,  6.63it/s]
Capturing batches (bs=48 avail_mem=68.85 GB):  53%|█████▎    | 10/19 [00:02<00:01,  7.95it/s]
Capturing batches (bs=40 avail_mem=68.84 GB):  53%|█████▎    | 10/19 [00:02<00:01,  7.95it/s]
[36m(SGLangEngine pid=41514)[0m 
Capturing batches (bs=32 avail_mem=68.84 GB):  53%|█████▎    | 10/19 [00:02<00:01,  7.95it/s]
[36m(SGLangEngine pid=41514)[0m 
Capturing batches (bs=32 avail_mem=68.84 GB):  63%|██████▎   | 12/19 [00:02<00:00,  8.94it/s]
Capturing batches (bs=24 avail_mem=68.84 GB):  63%|██████▎   | 12/19 [00:02<00:00,  8.94it/s]
[36m(SGLangEngine pid=41514)[0m 
Capturing batches (bs=16 avail_mem=68.83 GB):  63%|██████▎   | 12/19 [00:02<00:00,  8.94it/s]
[36m(SGLangEngine pid=41514)[0m 
Capturing batches (bs=16 avail_mem=68.83 GB):  74%|███████▎  | 14/19 [00:02<00:00,  8.87it/s]
Capturing batches (bs=12 avail_mem=68.83 GB):  74%|███████▎  | 14/19 [00:02<00:00,  8.87it/s]
[36m(SGLangEngine pid=41514)[0m 
Capturing batches (bs=8 avail_mem=68.82 GB):  74%|███████▎  | 14/19 [00:02<00:00,  8.87it/s] 
[36m(SGLangEngine pid=41514)[0m 
Capturing batches (bs=8 avail_mem=68.82 GB):  84%|████████▍ | 16/19 [00:02<00:00,  7.88it/s]
Capturing batches (bs=4 avail_mem=68.82 GB):  84%|████████▍ | 16/19 [00:02<00:00,  7.88it/s]
[36m(SGLangEngine pid=41514)[0m 
Capturing batches (bs=2 avail_mem=68.81 GB):  84%|████████▍ | 16/19 [00:03<00:00,  7.88it/s]
[36m(SGLangEngine pid=41514)[0m 
Capturing batches (bs=2 avail_mem=68.81 GB):  95%|█████████▍| 18/19 [00:03<00:00,  8.75it/s]
Capturing batches (bs=1 avail_mem=68.81 GB):  95%|█████████▍| 18/19 [00:03<00:00,  8.75it/s]
[36m(SGLangEngine pid=41514)[0m 
Capturing batches (bs=1 avail_mem=68.81 GB): 100%|██████████| 19/19 [00:03<00:00,  5.97it/s]
[36m(SGLangEngine pid=41514)[0m [2026-08-06 03:40:22] Capture target decode CUDA graph end. elapsed=3.79 s, mem usage=0.47 GB, avail mem=68.80 GB.
[36m(SGLangEngine pid=41514)[0m [2026-08-06 03:40:22] max_total_num_tokens=1048532, chunked_prefill_size=8192, max_prefill_tokens=16384, max_running_requests=120, context_len=262144, available_gpu_mem=68.80 GB
[36m(SGLangEngine pid=41514)[0m [2026-08-06 03:40:22] Init Unified RadixTree with components (<ComponentType.FULL: 0>, <ComponentType.MAMBA: 2>)
[36m(SGLangEngine pid=41514)[0m [2026-08-06 03:40:22] Tree cache initialized: source=default impl=UnifiedRadixCache hybrid_swa=False hybrid_ssm=True hierarchical=False streaming_wrapped=False
[36m(SGLangEngine pid=41514)[0m [2026-08-06 03:40:23] INFO:     Started server process [41629]
[36m(SGLangEngine pid=41514)[0m [2026-08-06 03:40:23] INFO:     Waiting for application startup.
[36m(SGLangEngine pid=41514)[0m [2026-08-06 03:40:23] The server is fired up and ready to roll!
[36m(SGLangEngine pid=41514)[0m [2026-08-06 03:40:23] INFO:     Application startup complete.
[36m(SGLangEngine pid=41514)[0m [2026-08-06 03:40:23] INFO:     Uvicorn running on http://172.25.0.2:15000 (Press CTRL+C to quit)
[33m(raylet)[0m [2026-08-06 03:40:23,771 E 37762 37786] (raylet) file_system_monitor.cc:116: /tmp/ray/session_2026-08-06_03-34-52_628859_37062 is over 95% full, available space: 0.00128174 GB; capacity: 100 GB. Object creation will fail if spilling is required.
[36m(SGLangEngine pid=41514)[0m [2026-08-06 03:40:24] Prefill batch, #new-seq: 1, #new-token: 1, #cached-token: 0, full token usage: 0.00, mamba usage: 0.00, #running-req: 0, #queue-req: 0, #pending-token: 0, cuda graph: False, input throughput (token/s): 0.47
[36m(RolloutManager pid=41303)[0m [2026-08-06 03:40:25.385 rollout_manager] server_engine.py:56 - mark_alive start old=actor_handle=Actor(SGLangEngine, 641a644a358805b9c115915903000000)
[36m(RolloutManager pid=41303)[0m [2026-08-06 03:40:25.385 rollout_manager] server_engine.py:59 - mark_alive end new=actor_handle=Actor(SGLangEngine, 641a644a358805b9c115915903000000)
[36m(SGLangEngine pid=41514)[0m [2026-08-06 03:40:25] INFO:     172.25.0.2:49626 - "GET /health_generate HTTP/1.1" 200 OK
[36m(SGLangEngine pid=41514)[0m [2026-08-06 03:40:25] INFO:     172.25.0.2:49626 - "GET /flush_cache HTTP/1.1" 200 OK
[36m(SGLangEngine pid=41514)[0m [2026-08-06 03:40:25] INFO:     172.25.0.2:49650 - "PRI %2A HTTP/2.0" 404 Not Found
[36m(SGLangEngine pid=41514)[0m [2026-08-06 03:40:25] INFO:     172.25.0.2:49640 - "GET /health HTTP/1.1" 200 OK
[36m(SGLangEngine pid=41514)[0m [2026-08-06 03:40:25] INFO:     172.25.0.2:49656 - "PRI %2A HTTP/2.0" 404 Not Found
[36m(SGLangEngine pid=41514)[0m [2026-08-06 03:40:25] INFO:     172.25.0.2:49668 - "GET /server_info HTTP/1.1" 200 OK
[36m(SGLangEngine pid=41514)[0m [2026-08-06 03:40:25] INFO:     172.25.0.2:49668 - "GET /model_info HTTP/1.1" 200 OK
[36m(SGLangEngine pid=41514)[0m [2026-08-06 03:40:25] INFO:     172.25.0.2:49678 - "GET /flush_cache HTTP/1.1" 200 OK
[36m(SGLangEngine pid=41514)[0m [2026-08-06 03:40:25] Reset HybridReqToTokenPool
[36m(SGLangEngine pid=41514)[0m [2026-08-06 03:40:25] Cache flushed successfully!
[36m(SGLangEngine pid=41514)[0m [2026-08-06 03:40:25] WARNING:  Invalid HTTP request received.
[36m(SGLangEngine pid=41514)[0m [2026-08-06 03:40:25] WARNING:  Invalid HTTP request received.
[36m(SGLangEngine pid=41514)[0m [2026-08-06 03:40:25] Reset HybridReqToTokenPool
[36m(SGLangEngine pid=41514)[0m [2026-08-06 03:40:25] Cache flushed successfully!
[36m(SGLangEngine pid=41514)[0m [2026-08-06 03:40:25] INFO:     172.25.0.2:49688 - "POST /release_memory_occupation HTTP/1.1" 200 OK
[36m(SGLangEngine pid=41514)[0m [2026-08-06 03:40:25] Reset HybridReqToTokenPool
[36m(SGLangEngine pid=41514)[0m [2026-08-06 03:40:25] Cache flushed successfully!
[33m(raylet)[0m [2026-08-06 03:40:33,773 E 37762 37786] (raylet) file_system_monitor.cc:116: /tmp/ray/session_2026-08-06_03-34-52_628859_37062 is over 95% full, available space: 0.00112915 GB; capacity: 100 GB. Object creation will fail if spilling is required.
[36m(pid=41865)[0m Unable to import `torchao` Tensor objects. This may affect loading checkpoints serialized with `torchao`
[36m(pid=41865)[0m /usr/local/lib/python3.12/dist-packages/modelopt/torch/__init__.py:51: UserWarning: transformers 5.12.1 is not tested with current version of modelopt and may cause issues. Please install recommended version with `pip install -U nvidia-modelopt[hf]` if working with HF models.
[36m(pid=41865)[0m   _warnings.warn(
[36m(pid=41865)[0m [ERROR] `cache_position` is part of Qwen3ASRThinkerTextModel.forward's signature, but not documented. Make sure to add it to the docstring of the function in /usr/local/lib/python3.12/dist-packages/megatron/bridge/models/qwen3_asr/hf_qwen3_asr/modeling_qwen3_asr.py.
[36m(pid=41865)[0m [ERROR] `cache_position` is part of Qwen3ASRThinkerForConditionalGeneration.forward's signature, but not documented. Make sure to add it to the docstring of the function in /usr/local/lib/python3.12/dist-packages/megatron/bridge/models/qwen3_asr/hf_qwen3_asr/modeling_qwen3_asr.py.
[36m(SGLangEngine pid=41514)[0m [2026-08-06 03:40:38] INFO:     172.25.0.2:54360 - "GET /health HTTP/1.1" 200 OK
[36m(pid=41865)[0m LANG_RL Log directory: None
[36m(pid=41865)[0m <frozen importlib._bootstrap_external>:1297: FutureWarning: The cuda.cudart module is deprecated and will be removed in a future release, please switch to use the cuda.bindings.runtime module instead.
[36m(pid=41865)[0m <frozen importlib._bootstrap_external>:1297: FutureWarning: The cuda.nvrtc module is deprecated and will be removed in a future release, please switch to use the cuda.bindings.nvrtc module instead.
[36m(MegatronTrainRayActor pid=41865)[0m [2026-08-06 03:40:39.614 actor_cell0_rank0] structured_log.py:23 - ft cls=MegatronTrainRayActor fn=init phase=start
[36m(MegatronTrainRayActor pid=41865)[0m [2026-08-06 03:40:39.614 actor_cell0_rank0] reloadable_process_group.py:21 - Applying monkey patch to torch.distributed
[36m(MegatronTrainRayActor pid=41865)[0m > building HuggingFaceTokenizer tokenizer ...
[36m(MegatronTrainRayActor pid=41865)[0m [2026-08-06 03:40:39.813 actor_cell0_rank0] train_actor.py:132 - Set NUMA affinity for GPU 0
[36m(MegatronTrainRayActor pid=41865)[0m [2026-08-06 03:40:39.819 actor_cell0_rank0] initialize.py:95 - > setting random seeds to 1234 ...
[36m(MegatronTrainRayActor pid=41865)[0m [2026-08-06 03:40:39.831 actor_cell0_rank0] _rank_utils.py:43 - You're using the legacy tokenizer system, which is deprecated and will be removed in a future release. Please migrate to the new tokenizer system (`megatron.core.tokenizers.MegatronTokenizer`).
[36m(MegatronTrainRayActor pid=41865)[0m [2026-08-06 03:40:40.459 actor_cell0_rank0] miles_init.py:32 - RMCT: replaced compute_advantages_and_returns with slime_port.rmct_advantage.compute_advantages
[36m(pid=41864)[0m Unable to import `torchao` Tensor objects. This may affect loading checkpoints serialized with `torchao`
[36m(MegatronTrainRayActor pid=41865)[0m [2026-08-06 03:40:41.325 actor_cell0_rank0] actor.py:164 - Set torch_memory_saver.memory_margin_bytes to 1073741824
[36m(MegatronTrainRayActor pid=41865)[0m [2026-08-06 03:40:41.326 actor_cell0_rank0] auto_bridge.py:328 - Loading a model with trust_remote_code=True allows arbitrary code execution from the model repository. Only use this with models you trust.
[36m(MegatronTrainRayActor pid=41865)[0m [transformers] `torch_dtype` is deprecated! Use `dtype` instead!
[36m(MegatronTrainRayActor pid=41865)[0m /root/Megatron-LM/megatron/core/transformer/transformer_config.py:1811: UserWarning: full scope is deprecated. Use empty cuda_graph_scope to capture the whole layer.
[36m(MegatronTrainRayActor pid=41865)[0m   warnings.warn(
[36m(MegatronTrainRayActor pid=41865)[0m  > number of parameters on (tensor, pipeline) model parallel rank (0, 0): 4659865088
[36m(MegatronTrainRayActor pid=41865)[0m sharded_state_dict metadata loaded from the checkpoint: {'distrib_optim_sharding_type': 'dp_reshardable', 'singleton_local_shards': False, 'chained_optim_avoid_prefix': True}
[36m(MegatronTrainRayActor pid=41865)[0m  loading release distributed checkpoint from /root/models/Qwen3.5-4B_torch_dist
[36m(pid=41864)[0m [ERROR] `cache_position` is part of Qwen3ASRThinkerForConditionalGeneration.forward's signature, but not documented. Make sure to add it to the docstring of the function in /usr/local/lib/python3.12/dist-packages/megatron/bridge/models/qwen3_asr/hf_qwen3_asr/modeling_qwen3_asr.py.[32m [repeated 2x across cluster] (Ray deduplicates logs by default. Set RAY_DEDUP_LOGS=0 to disable log deduplication, or see https://docs.ray.io/en/master/ray-observability/user-guides/configure-logging.html#log-deduplication for more options.)[0m
[36m(MegatronTrainRayActor pid=41865)[0m [2026-08-06 03:40:43.124 actor_cell0_rank0] utils.py:972 - make_tp_sharded_tensor_for_checkpoint received extra kwargs: ['allow_shape_mismatch']
[36m(pid=41864)[0m /usr/local/lib/python3.12/dist-packages/modelopt/torch/__init__.py:51: UserWarning: transformers 5.12.1 is not tested with current version of modelopt and may cause issues. Please install recommended version with `pip install -U nvidia-modelopt[hf]` if working with HF models.
[36m(pid=41864)[0m   _warnings.warn(
[36m(MegatronTrainRayActor pid=41865)[0m /root/Megatron-LM/megatron/core/dist_checkpointing/strategies/torch.py:805: FutureWarning: `load_state_dict` is deprecated and will be removed in future versions. Please use `load` instead.
[36m(MegatronTrainRayActor pid=41865)[0m   checkpoint.load_state_dict(
[36m(MegatronTrainRayActor pid=41865)[0m vision_model.patch_embed.proj.weight from model not in state dict, will skip
[36m(MegatronTrainRayActor pid=41865)[0m vision_model.patch_embed.proj.bias from model not in state dict, will skip
[36m(MegatronTrainRayActor pid=41865)[0m vision_model.pos_embed.weight from model not in state dict, will skip
[36m(MegatronTrainRayActor pid=41865)[0m vision_model.decoder.layers.self_attention.linear_proj.weight from model not in state dict, will skip
[36m(MegatronTrainRayActor pid=41865)[0m vision_model.decoder.layers.self_attention.linear_proj.bias from model not in state dict, will skip
[36m(MegatronTrainRayActor pid=41865)[0m vision_model.decoder.layers.self_attention.linear_qkv.layer_norm_weight from model not in state dict, will skip
[36m(MegatronTrainRayActor pid=41865)[0m vision_model.decoder.layers.self_attention.linear_qkv.layer_norm_bias from model not in state dict, will skip
[36m(MegatronTrainRayActor pid=41865)[0m vision_model.decoder.layers.self_attention.linear_qkv.weight from model not in state dict, will skip
[36m(MegatronTrainRayActor pid=41865)[0m vision_model.decoder.layers.self_attention.linear_qkv.bias from model not in state dict, will skip
[36m(MegatronTrainRayActor pid=41865)[0m vision_model.decoder.layers.mlp.linear_fc1.layer_norm_weight from model not in state dict, will skip
[36m(MegatronTrainRayActor pid=41865)[0m vision_model.decoder.layers.mlp.linear_fc1.layer_norm_bias from model not in state dict, will skip
[36m(MegatronTrainRayActor pid=41865)[0m vision_model.decoder.layers.mlp.linear_fc1.weight from model not in state dict, will skip
[36m(MegatronTrainRayActor pid=41865)[0m vision_model.decoder.layers.mlp.linear_fc1.bias from model not in state dict, will skip
[36m(MegatronTrainRayActor pid=41865)[0m vision_model.decoder.layers.mlp.linear_fc2.weight from model not in state dict, will skip
[36m(MegatronTrainRayActor pid=41865)[0m vision_model.decoder.layers.mlp.linear_fc2.bias from model not in state dict, will skip
[36m(MegatronTrainRayActor pid=41865)[0m vision_model.decoder.layers.self_attention.linear_proj.weight from model not in state dict, will skip
[36m(MegatronTrainRayActor pid=41865)[0m vision_model.decoder.layers.self_attention.linear_proj.bias from model not in state dict, will skip
[36m(MegatronTrainRayActor pid=41865)[0m vision_model.decoder.layers.self_attention.linear_qkv.layer_norm_weight from model not in state dict, will skip
[36m(MegatronTrainRayActor pid=41865)[0m vision_model.decoder.layers.self_attention.linear_qkv.layer_norm_bias from model not in state dict, will skip
[36m(MegatronTrainRayActor pid=41865)[0m vision_model.decoder.layers.self_attention.linear_qkv.weight from model not in state dict, will skip
[36m(MegatronTrainRayActor pid=41865)[0m vision_model.decoder.layers.self_attention.linear_qkv.bias from model not in state dict, will skip
[36m(MegatronTrainRayActor pid=41865)[0m vision_model.decoder.layers.mlp.linear_fc1.layer_norm_weight from model not in state dict, will skip
[36m(MegatronTrainRayActor pid=41865)[0m vision_model.decoder.layers.mlp.linear_fc1.layer_norm_bias from model not in state dict, will skip
[36m(MegatronTrainRayActor pid=41865)[0m vision_model.decoder.layers.mlp.linear_fc1.weight from model not in state dict, will skip
[36m(MegatronTrainRayActor pid=41865)[0m vision_model.decoder.layers.mlp.linear_fc1.bias from model not in state dict, will skip
[36m(MegatronTrainRayActor pid=41865)[0m vision_model.decoder.layers.mlp.linear_fc2.weight from model not in state dict, will skip
[36m(MegatronTrainRayActor pid=41865)[0m vision_model.decoder.layers.mlp.linear_fc2.bias from model not in state dict, will skip
[36m(MegatronTrainRayActor pid=41865)[0m vision_model.decoder.layers.self_attention.linear_proj.weight from model not in state dict, will skip
[36m(MegatronTrainRayActor pid=41865)[0m vision_model.decoder.layers.self_attention.linear_proj.bias from model not in state dict, will skip
[36m(MegatronTrainRayActor pid=41865)[0m vision_model.decoder.layers.self_attention.linear_qkv.layer_norm_weight from model not in state dict, will skip
[36m(MegatronTrainRayActor pid=41865)[0m vision_model.decoder.layers.self_attention.linear_qkv.layer_norm_bias from model not in state dict, will skip
[36m(MegatronTrainRayActor pid=41865)[0m vision_model.decoder.layers.self_attention.linear_qkv.weight from model not in state dict, will skip
[36m(MegatronTrainRayActor pid=41865)[0m vision_model.decoder.layers.self_attention.linear_qkv.bias from model not in state dict, will skip
[36m(MegatronTrainRayActor pid=41865)[0m vision_model.decoder.layers.mlp.linear_fc1.layer_norm_weight from model not in state dict, will skip
[36m(MegatronTrainRayActor pid=41865)[0m vision_model.decoder.layers.mlp.linear_fc1.layer_norm_bias from model not in state dict, will skip
[36m(MegatronTrainRayActor pid=41865)[0m vision_model.decoder.layers.mlp.linear_fc1.weight from model not in state dict, will skip
[36m(MegatronTrainRayActor pid=41865)[0m vision_model.decoder.layers.mlp.linear_fc1.bias from model not in state dict, will skip
[36m(MegatronTrainRayActor pid=41865)[0m vision_model.decoder.layers.mlp.linear_fc2.weight from model not in state dict, will skip
[36m(MegatronTrainRayActor pid=41865)[0m vision_model.decoder.layers.mlp.linear_fc2.bias from model not in state dict, will skip
[36m(MegatronTrainRayActor pid=41865)[0m vision_model.decoder.layers.self_attention.linear_proj.weight from model not in state dict, will skip
[36m(MegatronTrainRayActor pid=41865)[0m vision_model.decoder.layers.self_attention.linear_proj.bias from model not in state dict, will skip
[36m(MegatronTrainRayActor pid=41865)[0m vision_model.decoder.layers.self_attention.linear_qkv.layer_norm_weight from model not in state dict, will skip
[36m(MegatronTrainRayActor pid=41865)[0m vision_model.decoder.layers.self_attention.linear_qkv.layer_norm_bias from model not in state dict, will skip
[36m(MegatronTrainRayActor pid=41865)[0m vision_model.decoder.layers.self_attention.linear_qkv.weight from model not in state dict, will skip
[36m(MegatronTrainRayActor pid=41865)[0m vision_model.decoder.layers.self_attention.linear_qkv.bias from model not in state dict, will skip
[36m(MegatronTrainRayActor pid=41865)[0m vision_model.decoder.layers.mlp.linear_fc1.layer_norm_weight from model not in state dict, will skip
[36m(MegatronTrainRayActor pid=41865)[0m vision_model.decoder.layers.mlp.linear_fc1.layer_norm_bias from model not in state dict, will skip
[36m(MegatronTrainRayActor pid=41865)[0m vision_model.decoder.layers.mlp.linear_fc1.weight from model not in state dict, will skip
[36m(MegatronTrainRayActor pid=41865)[0m vision_model.decoder.layers.mlp.linear_fc1.bias from model not in state dict, will skip
[36m(MegatronTrainRayActor pid=41865)[0m vision_model.decoder.layers.mlp.linear_fc2.weight from model not in state dict, will skip
[36m(MegatronTrainRayActor pid=41865)[0m vision_model.decoder.layers.mlp.linear_fc2.bias from model not in state dict, will skip
[36m(MegatronTrainRayActor pid=41865)[0m vision_model.decoder.layers.self_attention.linear_proj.weight from model not in state dict, will skip
[36m(MegatronTrainRayActor pid=41865)[0m vision_model.decoder.layers.self_attention.linear_proj.bias from model not in state dict, will skip
[36m(MegatronTrainRayActor pid=41865)[0m vision_model.decoder.layers.self_attention.linear_qkv.layer_norm_weight from model not in state dict, will skip
[36m(MegatronTrainRayActor pid=41865)[0m vision_model.decoder.layers.self_attention.linear_qkv.layer_norm_bias from model not in state dict, will skip
[36m(MegatronTrainRayActor pid=41865)[0m vision_model.decoder.layers.self_attention.linear_qkv.weight from model not in state dict, will skip
[36m(MegatronTrainRayActor pid=41865)[0m vision_model.decoder.layers.self_attention.linear_qkv.bias from model not in state dict, will skip
[36m(MegatronTrainRayActor pid=41865)[0m vision_model.decoder.layers.mlp.linear_fc1.layer_norm_weight from model not in state dict, will skip
[36m(MegatronTrainRayActor pid=41865)[0m vision_model.decoder.layers.mlp.linear_fc1.layer_norm_bias from model not in state dict, will skip
[36m(MegatronTrainRayActor pid=41865)[0m vision_model.decoder.layers.mlp.linear_fc1.weight from model not in state dict, will skip
[36m(MegatronTrainRayActor pid=41865)[0m vision_model.decoder.layers.mlp.linear_fc1.bias from model not in state dict, will skip
[36m(MegatronTrainRayActor pid=41865)[0m vision_model.decoder.layers.mlp.linear_fc2.weight from model not in state dict, will skip
[36m(MegatronTrainRayActor pid=41865)[0m vision_model.decoder.layers.mlp.linear_fc2.bias from model not in state dict, will skip
[36m(MegatronTrainRayActor pid=41865)[0m vision_model.decoder.layers.self_attention.linear_proj.weight from model not in state dict, will skip
[36m(MegatronTrainRayActor pid=41865)[0m vision_model.decoder.layers.self_attention.linear_proj.bias from model not in state dict, will skip
[36m(MegatronTrainRayActor pid=41865)[0m vision_model.decoder.layers.self_attention.linear_qkv.layer_norm_weight from model not in state dict, will skip
[36m(MegatronTrainRayActor pid=41865)[0m vision_model.decoder.layers.self_attention.linear_qkv.layer_norm_bias from model not in state dict, will skip
[36m(MegatronTrainRayActor pid=41865)[0m vision_model.decoder.layers.self_attention.linear_qkv.weight from model not in state dict, will skip
[36m(MegatronTrainRayActor pid=41865)[0m vision_model.decoder.layers.self_attention.linear_qkv.bias from model not in state dict, will skip
[36m(MegatronTrainRayActor pid=41865)[0m vision_model.decoder.layers.mlp.linear_fc1.layer_norm_weight from model not in state dict, will skip
[36m(MegatronTrainRayActor pid=41865)[0m vision_model.decoder.layers.mlp.linear_fc1.layer_norm_bias from model not in state dict, will skip
[36m(MegatronTrainRayActor pid=41865)[0m vision_model.decoder.layers.mlp.linear_fc1.weight from model not in state dict, will skip
[36m(MegatronTrainRayActor pid=41865)[0m vision_model.decoder.layers.mlp.linear_fc1.bias from model not in state dict, will skip
[36m(MegatronTrainRayActor pid=41865)[0m vision_model.decoder.layers.mlp.linear_fc2.weight from model not in state dict, will skip
[36m(MegatronTrainRayActor pid=41865)[0m vision_model.decoder.layers.mlp.linear_fc2.bias from model not in state dict, will skip
[36m(MegatronTrainRayActor pid=41865)[0m vision_model.decoder.layers.self_attention.linear_proj.weight from model not in state dict, will skip
[36m(MegatronTrainRayActor pid=41865)[0m vision_model.decoder.layers.self_attention.linear_proj.bias from model not in state dict, will skip
[36m(MegatronTrainRayActor pid=41865)[0m vision_model.decoder.layers.self_attention.linear_qkv.layer_norm_weight from model not in state dict, will skip
[36m(MegatronTrainRayActor pid=41865)[0m vision_model.decoder.layers.self_attention.linear_qkv.layer_norm_bias from model not in state dict, will skip
[36m(MegatronTrainRayActor pid=41865)[0m vision_model.decoder.layers.self_attention.linear_qkv.weight from model not in state dict, will skip
[36m(MegatronTrainRayActor pid=41865)[0m vision_model.decoder.layers.self_attention.linear_qkv.bias from model not in state dict, will skip
[36m(MegatronTrainRayActor pid=41865)[0m vision_model.decoder.layers.mlp.linear_fc1.layer_norm_weight from model not in state dict, will skip
[36m(MegatronTrainRayActor pid=41865)[0m vision_model.decoder.layers.mlp.linear_fc1.layer_norm_bias from model not in state dict, will skip
[36m(MegatronTrainRayActor pid=41865)[0m vision_model.decoder.layers.mlp.linear_fc1.weight from model not in state dict, will skip
[36m(MegatronTrainRayActor pid=41865)[0m vision_model.decoder.layers.mlp.linear_fc1.bias from model not in state dict, will skip
[36m(MegatronTrainRayActor pid=41865)[0m vision_model.decoder.layers.mlp.linear_fc2.weight from model not in state dict, will skip
[36m(MegatronTrainRayActor pid=41865)[0m vision_model.decoder.layers.mlp.linear_fc2.bias from model not in state dict, will skip
[36m(MegatronTrainRayActor pid=41865)[0m vision_model.decoder.layers.self_attention.linear_proj.weight from model not in state dict, will skip
[36m(MegatronTrainRayActor pid=41865)[0m vision_model.decoder.layers.self_attention.linear_proj.bias from model not in state dict, will skip
[36m(MegatronTrainRayActor pid=41865)[0m vision_model.decoder.layers.self_attention.linear_qkv.layer_norm_weight from model not in state dict, will skip
[36m(MegatronTrainRayActor pid=41865)[0m vision_model.decoder.layers.self_attention.linear_qkv.layer_norm_bias from model not in state dict, will skip
[36m(MegatronTrainRayActor pid=41865)[0m vision_model.decoder.layers.self_attention.linear_qkv.weight from model not in state dict, will skip
[36m(MegatronTrainRayActor pid=41865)[0m vision_model.decoder.layers.self_attention.linear_qkv.bias from model not in state dict, will skip
[36m(MegatronTrainRayActor pid=41865)[0m vision_model.decoder.layers.mlp.linear_fc1.layer_norm_weight from model not in state dict, will skip
[36m(MegatronTrainRayActor pid=41865)[0m vision_model.decoder.layers.mlp.linear_fc1.layer_norm_bias from model not in state dict, will skip
[36m(MegatronTrainRayActor pid=41865)[0m vision_model.decoder.layers.mlp.linear_fc1.weight from model not in state dict, will skip
[36m(MegatronTrainRayActor pid=41865)[0m vision_model.decoder.layers.mlp.linear_fc1.bias from model not in state dict, will skip
[36m(MegatronTrainRayActor pid=41865)[0m vision_model.decoder.layers.mlp.linear_fc2.weight from model not in state dict, will skip
[36m(MegatronTrainRayActor pid=41865)[0m vision_model.decoder.layers.mlp.linear_fc2.bias from model not in state dict, will skip
[36m(MegatronTrainRayActor pid=41865)[0m vision_model.decoder.layers.self_attention.linear_proj.weight from model not in state dict, will skip
[36m(MegatronTrainRayActor pid=41865)[0m vision_model.decoder.layers.self_attention.linear_proj.bias from model not in state dict, will skip
[36m(MegatronTrainRayActor pid=41865)[0m vision_model.decoder.layers.self_attention.linear_qkv.layer_norm_weight from model not in state dict, will skip
[36m(MegatronTrainRayActor pid=41865)[0m vision_model.decoder.layers.self_attention.linear_qkv.layer_norm_bias from model not in state dict, will skip
[36m(MegatronTrainRayActor pid=41865)[0m vision_model.decoder.layers.self_attention.linear_qkv.weight from model not in state dict, will skip
[36m(MegatronTrainRayActor pid=41865)[0m vision_model.decoder.layers.self_attention.linear_qkv.bias from model not in state dict, will skip
[36m(MegatronTrainRayActor pid=41865)[0m vision_model.decoder.layers.mlp.linear_fc1.layer_norm_weight from model not in state dict, will skip
[36m(MegatronTrainRayActor pid=41865)[0m vision_model.decoder.layers.mlp.linear_fc1.layer_norm_bias from model not in state dict, will skip
[36m(MegatronTrainRayActor pid=41865)[0m vision_model.decoder.layers.mlp.linear_fc1.weight from model not in state dict, will skip
[36m(MegatronTrainRayActor pid=41865)[0m vision_model.decoder.layers.mlp.linear_fc1.bias from model not in state dict, will skip
[36m(MegatronTrainRayActor pid=41865)[0m vision_model.decoder.layers.mlp.linear_fc2.weight from model not in state dict, will skip
[36m(MegatronTrainRayActor pid=41865)[0m vision_model.decoder.layers.mlp.linear_fc2.bias from model not in state dict, will skip
[36m(MegatronTrainRayActor pid=41865)[0m vision_model.decoder.layers.self_attention.linear_proj.weight from model not in state dict, will skip
[36m(MegatronTrainRayActor pid=41865)[0m vision_model.decoder.layers.self_attention.linear_proj.bias from model not in state dict, will skip
[36m(MegatronTrainRayActor pid=41865)[0m vision_model.decoder.layers.self_attention.linear_qkv.layer_norm_weight from model not in state dict, will skip
[36m(MegatronTrainRayActor pid=41865)[0m vision_model.decoder.layers.self_attention.linear_qkv.layer_norm_bias from model not in state dict, will skip
[36m(MegatronTrainRayActor pid=41865)[0m vision_model.decoder.layers.self_attention.linear_qkv.weight from model not in state dict, will skip
[36m(MegatronTrainRayActor pid=41865)[0m vision_model.decoder.layers.self_attention.linear_qkv.bias from model not in state dict, will skip
[36m(MegatronTrainRayActor pid=41865)[0m vision_model.decoder.layers.mlp.linear_fc1.layer_norm_weight from model not in state dict, will skip
[36m(MegatronTrainRayActor pid=41865)[0m vision_model.decoder.layers.mlp.linear_fc1.layer_norm_bias from model not in state dict, will skip
[36m(MegatronTrainRayActor pid=41865)[0m vision_model.decoder.layers.mlp.linear_fc1.weight from model not in state dict, will skip
[36m(MegatronTrainRayActor pid=41865)[0m vision_model.decoder.layers.mlp.linear_fc1.bias from model not in state dict, will skip
[36m(MegatronTrainRayActor pid=41865)[0m vision_model.decoder.layers.mlp.linear_fc2.weight from model not in state dict, will skip
[36m(MegatronTrainRayActor pid=41865)[0m vision_model.decoder.layers.mlp.linear_fc2.bias from model not in state dict, will skip
[36m(MegatronTrainRayActor pid=41865)[0m vision_model.decoder.layers.self_attention.linear_proj.weight from model not in state dict, will skip
[36m(MegatronTrainRayActor pid=41865)[0m vision_model.decoder.layers.self_attention.linear_proj.bias from model not in state dict, will skip
[36m(MegatronTrainRayActor pid=41865)[0m vision_model.decoder.layers.self_attention.linear_qkv.layer_norm_weight from model not in state dict, will skip
[36m(MegatronTrainRayActor pid=41865)[0m vision_model.decoder.layers.self_attention.linear_qkv.layer_norm_bias from model not in state dict, will skip
[36m(MegatronTrainRayActor pid=41865)[0m vision_model.decoder.layers.self_attention.linear_qkv.weight from model not in state dict, will skip
[36m(MegatronTrainRayActor pid=41865)[0m vision_model.decoder.layers.self_attention.linear_qkv.bias from model not in state dict, will skip
[36m(MegatronTrainRayActor pid=41865)[0m vision_model.decoder.layers.mlp.linear_fc1.layer_norm_weight from model not in state dict, will skip
[36m(MegatronTrainRayActor pid=41865)[0m vision_model.decoder.layers.mlp.linear_fc1.layer_norm_bias from model not in state dict, will skip
[36m(MegatronTrainRayActor pid=41865)[0m vision_model.decoder.layers.mlp.linear_fc1.weight from model not in state dict, will skip
[36m(MegatronTrainRayActor pid=41865)[0m vision_model.decoder.layers.mlp.linear_fc1.bias from model not in state dict, will skip
[36m(MegatronTrainRayActor pid=41865)[0m vision_model.decoder.layers.mlp.linear_fc2.weight from model not in state dict, will skip
[36m(MegatronTrainRayActor pid=41865)[0m vision_model.decoder.layers.mlp.linear_fc2.bias from model not in state dict, will skip
[36m(MegatronTrainRayActor pid=41865)[0m vision_model.decoder.layers.self_attention.linear_proj.weight from model not in state dict, will skip
[36m(MegatronTrainRayActor pid=41865)[0m vision_model.decoder.layers.self_attention.linear_proj.bias from model not in state dict, will skip
[36m(MegatronTrainRayActor pid=41865)[0m vision_model.decoder.layers.self_attention.linear_qkv.layer_norm_weight from model not in state dict, will skip
[36m(MegatronTrainRayActor pid=41865)[0m vision_model.decoder.layers.self_attention.linear_qkv.layer_norm_bias from model not in state dict, will skip
[36m(MegatronTrainRayActor pid=41865)[0m vision_model.decoder.layers.self_attention.linear_qkv.weight from model not in state dict, will skip
[36m(MegatronTrainRayActor pid=41865)[0m vision_model.decoder.layers.self_attention.linear_qkv.bias from model not in state dict, will skip
[36m(MegatronTrainRayActor pid=41865)[0m vision_model.decoder.layers.mlp.linear_fc1.layer_norm_weight from model not in state dict, will skip
[36m(MegatronTrainRayActor pid=41865)[0m vision_model.decoder.layers.mlp.linear_fc1.layer_norm_bias from model not in state dict, will skip
[36m(MegatronTrainRayActor pid=41865)[0m vision_model.decoder.layers.mlp.linear_fc1.weight from model not in state dict, will skip
[36m(MegatronTrainRayActor pid=41865)[0m vision_model.decoder.layers.mlp.linear_fc1.bias from model not in state dict, will skip
[36m(MegatronTrainRayActor pid=41865)[0m vision_model.decoder.layers.mlp.linear_fc2.weight from model not in state dict, will skip
[36m(MegatronTrainRayActor pid=41865)[0m vision_model.decoder.layers.mlp.linear_fc2.bias from model not in state dict, will skip
[36m(MegatronTrainRayActor pid=41865)[0m vision_model.decoder.layers.self_attention.linear_proj.weight from model not in state dict, will skip
[36m(MegatronTrainRayActor pid=41865)[0m vision_model.decoder.layers.self_attention.linear_proj.bias from model not in state dict, will skip
[36m(MegatronTrainRayActor pid=41865)[0m vision_model.decoder.layers.self_attention.linear_qkv.layer_norm_weight from model not in state dict, will skip
[36m(MegatronTrainRayActor pid=41865)[0m vision_model.decoder.layers.self_attention.linear_qkv.layer_norm_bias from model not in state dict, will skip
[36m(MegatronTrainRayActor pid=41865)[0m vision_model.decoder.layers.self_attention.linear_qkv.weight from model not in state dict, will skip
[36m(MegatronTrainRayActor pid=41865)[0m vision_model.decoder.layers.self_attention.linear_qkv.bias from model not in state dict, will skip
[36m(MegatronTrainRayActor pid=41865)[0m vision_model.decoder.layers.mlp.linear_fc1.layer_norm_weight from model not in state dict, will skip
[36m(MegatronTrainRayActor pid=41865)[0m vision_model.decoder.layers.mlp.linear_fc1.layer_norm_bias from model not in state dict, will skip
[36m(MegatronTrainRayActor pid=41865)[0m vision_model.decoder.layers.mlp.linear_fc1.weight from model not in state dict, will skip
[36m(MegatronTrainRayActor pid=41865)[0m vision_model.decoder.layers.mlp.linear_fc1.bias from model not in state dict, will skip
[36m(MegatronTrainRayActor pid=41865)[0m vision_model.decoder.layers.mlp.linear_fc2.weight from model not in state dict, will skip
[36m(MegatronTrainRayActor pid=41865)[0m vision_model.decoder.layers.mlp.linear_fc2.bias from model not in state dict, will skip
[36m(MegatronTrainRayActor pid=41865)[0m vision_model.decoder.layers.self_attention.linear_proj.weight from model not in state dict, will skip
[36m(MegatronTrainRayActor pid=41865)[0m vision_model.decoder.layers.self_attention.linear_proj.bias from model not in state dict, will skip
[36m(MegatronTrainRayActor pid=41865)[0m vision_model.decoder.layers.self_attention.linear_qkv.layer_norm_weight from model not in state dict, will skip
[36m(MegatronTrainRayActor pid=41865)[0m vision_model.decoder.layers.self_attention.linear_qkv.layer_norm_bias from model not in state dict, will skip
[36m(MegatronTrainRayActor pid=41865)[0m vision_model.decoder.layers.self_attention.linear_qkv.weight from model not in state dict, will skip
[36m(MegatronTrainRayActor pid=41865)[0m vision_model.decoder.layers.self_attention.linear_qkv.bias from model not in state dict, will skip
[36m(MegatronTrainRayActor pid=41865)[0m vision_model.decoder.layers.mlp.linear_fc1.layer_norm_weight from model not in state dict, will skip
[36m(MegatronTrainRayActor pid=41865)[0m vision_model.decoder.layers.mlp.linear_fc1.layer_norm_bias from model not in state dict, will skip
[36m(MegatronTrainRayActor pid=41865)[0m vision_model.decoder.layers.mlp.linear_fc1.weight from model not in state dict, will skip
[36m(MegatronTrainRayActor pid=41865)[0m vision_model.decoder.layers.mlp.linear_fc1.bias from model not in state dict, will skip
[36m(MegatronTrainRayActor pid=41865)[0m vision_model.decoder.layers.mlp.linear_fc2.weight from model not in state dict, will skip
[36m(MegatronTrainRayActor pid=41865)[0m vision_model.decoder.layers.mlp.linear_fc2.bias from model not in state dict, will skip
[36m(MegatronTrainRayActor pid=41865)[0m vision_model.decoder.layers.self_attention.linear_proj.weight from model not in state dict, will skip
[36m(MegatronTrainRayActor pid=41865)[0m vision_model.decoder.layers.self_attention.linear_proj.bias from model not in state dict, will skip
[36m(MegatronTrainRayActor pid=41865)[0m vision_model.decoder.layers.self_attention.linear_qkv.layer_norm_weight from model not in state dict, will skip
[36m(MegatronTrainRayActor pid=41865)[0m vision_model.decoder.layers.self_attention.linear_qkv.layer_norm_bias from model not in state dict, will skip
[36m(MegatronTrainRayActor pid=41865)[0m vision_model.decoder.layers.self_attention.linear_qkv.weight from model not in state dict, will skip
[36m(MegatronTrainRayActor pid=41865)[0m vision_model.decoder.layers.self_attention.linear_qkv.bias from model not in state dict, will skip
[36m(MegatronTrainRayActor pid=41865)[0m vision_model.decoder.layers.mlp.linear_fc1.layer_norm_weight from model not in state dict, will skip
[36m(MegatronTrainRayActor pid=41865)[0m vision_model.decoder.layers.mlp.linear_fc1.layer_norm_bias from model not in state dict, will skip
[36m(MegatronTrainRayActor pid=41865)[0m vision_model.decoder.layers.mlp.linear_fc1.weight from model not in state dict, will skip
[36m(MegatronTrainRayActor pid=41865)[0m vision_model.decoder.layers.mlp.linear_fc1.bias from model not in state dict, will skip
[36m(MegatronTrainRayActor pid=41865)[0m vision_model.decoder.layers.mlp.linear_fc2.weight from model not in state dict, will skip
[36m(MegatronTrainRayActor pid=41865)[0m vision_model.decoder.layers.mlp.linear_fc2.bias from model not in state dict, will skip
[36m(MegatronTrainRayActor pid=41865)[0m vision_model.decoder.layers.self_attention.linear_proj.weight from model not in state dict, will skip
[36m(MegatronTrainRayActor pid=41865)[0m vision_model.decoder.layers.self_attention.linear_proj.bias from model not in state dict, will skip
[36m(MegatronTrainRayActor pid=41865)[0m vision_model.decoder.layers.self_attention.linear_qkv.layer_norm_weight from model not in state dict, will skip
[36m(MegatronTrainRayActor pid=41865)[0m vision_model.decoder.layers.self_attention.linear_qkv.layer_norm_bias from model not in state dict, will skip
[36m(MegatronTrainRayActor pid=41865)[0m vision_model.decoder.layers.self_attention.linear_qkv.weight from model not in state dict, will skip
[36m(MegatronTrainRayActor pid=41865)[0m vision_model.decoder.layers.self_attention.linear_qkv.bias from model not in state dict, will skip
[36m(MegatronTrainRayActor pid=41865)[0m vision_model.decoder.layers.mlp.linear_fc1.layer_norm_weight from model not in state dict, will skip
[36m(MegatronTrainRayActor pid=41865)[0m vision_model.decoder.layers.mlp.linear_fc1.layer_norm_bias from model not in state dict, will skip
[36m(MegatronTrainRayActor pid=41865)[0m vision_model.decoder.layers.mlp.linear_fc1.weight from model not in state dict, will skip
[36m(MegatronTrainRayActor pid=41865)[0m vision_model.decoder.layers.mlp.linear_fc1.bias from model not in state dict, will skip
[36m(MegatronTrainRayActor pid=41865)[0m vision_model.decoder.layers.mlp.linear_fc2.weight from model not in state dict, will skip
[36m(MegatronTrainRayActor pid=41865)[0m vision_model.decoder.layers.mlp.linear_fc2.bias from model not in state dict, will skip
[36m(MegatronTrainRayActor pid=41865)[0m vision_model.decoder.layers.self_attention.linear_proj.weight from model not in state dict, will skip
[36m(MegatronTrainRayActor pid=41865)[0m vision_model.decoder.layers.self_attention.linear_proj.bias from model not in state dict, will skip
[36m(MegatronTrainRayActor pid=41865)[0m vision_model.decoder.layers.self_attention.linear_qkv.layer_norm_weight from model not in state dict, will skip
[36m(MegatronTrainRayActor pid=41865)[0m vision_model.decoder.layers.self_attention.linear_qkv.layer_norm_bias from model not in state dict, will skip
[36m(MegatronTrainRayActor pid=41865)[0m vision_model.decoder.layers.self_attention.linear_qkv.weight from model not in state dict, will skip
[36m(MegatronTrainRayActor pid=41865)[0m vision_model.decoder.layers.self_attention.linear_qkv.bias from model not in state dict, will skip
[36m(MegatronTrainRayActor pid=41865)[0m vision_model.decoder.layers.mlp.linear_fc1.layer_norm_weight from model not in state dict, will skip
[36m(MegatronTrainRayActor pid=41865)[0m vision_model.decoder.layers.mlp.linear_fc1.layer_norm_bias from model not in state dict, will skip
[36m(MegatronTrainRayActor pid=41865)[0m vision_model.decoder.layers.mlp.linear_fc1.weight from model not in state dict, will skip
[36m(MegatronTrainRayActor pid=41865)[0m vision_model.decoder.layers.mlp.linear_fc1.bias from model not in state dict, will skip
[36m(MegatronTrainRayActor pid=41865)[0m vision_model.decoder.layers.mlp.linear_fc2.weight from model not in state dict, will skip
[36m(MegatronTrainRayActor pid=41865)[0m vision_model.decoder.layers.mlp.linear_fc2.bias from model not in state dict, will skip
[36m(MegatronTrainRayActor pid=41865)[0m vision_model.decoder.layers.self_attention.linear_proj.weight from model not in state dict, will skip
[36m(MegatronTrainRayActor pid=41865)[0m vision_model.decoder.layers.self_attention.linear_proj.bias from model not in state dict, will skip
[36m(MegatronTrainRayActor pid=41865)[0m vision_model.decoder.layers.self_attention.linear_qkv.layer_norm_weight from model not in state dict, will skip
[36m(MegatronTrainRayActor pid=41865)[0m vision_model.decoder.layers.self_attention.linear_qkv.layer_norm_bias from model not in state dict, will skip
[36m(MegatronTrainRayActor pid=41865)[0m vision_model.decoder.layers.self_attention.linear_qkv.weight from model not in state dict, will skip
[36m(MegatronTrainRayActor pid=41865)[0m vision_model.decoder.layers.self_attention.linear_qkv.bias from model not in state dict, will skip
[36m(MegatronTrainRayActor pid=41865)[0m vision_model.decoder.layers.mlp.linear_fc1.layer_norm_weight from model not in state dict, will skip
[36m(MegatronTrainRayActor pid=41865)[0m vision_model.decoder.layers.mlp.linear_fc1.layer_norm_bias from model not in state dict, will skip
[36m(MegatronTrainRayActor pid=41865)[0m vision_model.decoder.layers.mlp.linear_fc1.weight from model not in state dict, will skip
[36m(MegatronTrainRayActor pid=41865)[0m vision_model.decoder.layers.mlp.linear_fc1.bias from model not in state dict, will skip
[36m(MegatronTrainRayActor pid=41865)[0m vision_model.decoder.layers.mlp.linear_fc2.weight from model not in state dict, will skip
[36m(MegatronTrainRayActor pid=41865)[0m vision_model.decoder.layers.mlp.linear_fc2.bias from model not in state dict, will skip
[36m(MegatronTrainRayActor pid=41865)[0m vision_model.decoder.layers.self_attention.linear_proj.weight from model not in state dict, will skip
[36m(MegatronTrainRayActor pid=41865)[0m vision_model.decoder.layers.self_attention.linear_proj.bias from model not in state dict, will skip
[36m(MegatronTrainRayActor pid=41865)[0m vision_model.decoder.layers.self_attention.linear_qkv.layer_norm_weight from model not in state dict, will skip
[36m(MegatronTrainRayActor pid=41865)[0m vision_model.decoder.layers.self_attention.linear_qkv.layer_norm_bias from model not in state dict, will skip
[36m(MegatronTrainRayActor pid=41865)[0m vision_model.decoder.layers.self_attention.linear_qkv.weight from model not in state dict, will skip
[36m(MegatronTrainRayActor pid=41865)[0m vision_model.decoder.layers.self_attention.linear_qkv.bias from model not in state dict, will skip
[36m(MegatronTrainRayActor pid=41865)[0m vision_model.decoder.layers.mlp.linear_fc1.layer_norm_weight from model not in state dict, will skip
[36m(MegatronTrainRayActor pid=41865)[0m vision_model.decoder.layers.mlp.linear_fc1.layer_norm_bias from model not in state dict, will skip
[36m(MegatronTrainRayActor pid=41865)[0m vision_model.decoder.layers.mlp.linear_fc1.weight from model not in state dict, will skip
[36m(MegatronTrainRayActor pid=41865)[0m vision_model.decoder.layers.mlp.linear_fc1.bias from model not in state dict, will skip
[36m(MegatronTrainRayActor pid=41865)[0m vision_model.decoder.layers.mlp.linear_fc2.weight from model not in state dict, will skip
[36m(MegatronTrainRayActor pid=41865)[0m vision_model.decoder.layers.mlp.linear_fc2.bias from model not in state dict, will skip
[36m(MegatronTrainRayActor pid=41865)[0m vision_model.decoder.layers.self_attention.linear_proj.weight from model not in state dict, will skip
[36m(MegatronTrainRayActor pid=41865)[0m vision_model.decoder.layers.self_attention.linear_proj.bias from model not in state dict, will skip
[36m(MegatronTrainRayActor pid=41865)[0m vision_model.decoder.layers.self_attention.linear_qkv.layer_norm_weight from model not in state dict, will skip
[36m(MegatronTrainRayActor pid=41865)[0m vision_model.decoder.layers.self_attention.linear_qkv.layer_norm_bias from model not in state dict, will skip
[36m(MegatronTrainRayActor pid=41865)[0m vision_model.decoder.layers.self_attention.linear_qkv.weight from model not in state dict, will skip
[36m(MegatronTrainRayActor pid=41865)[0m vision_model.decoder.layers.self_attention.linear_qkv.bias from model not in state dict, will skip
[36m(MegatronTrainRayActor pid=41865)[0m vision_model.decoder.layers.mlp.linear_fc1.layer_norm_weight from model not in state dict, will skip
[36m(MegatronTrainRayActor pid=41865)[0m vision_model.decoder.layers.mlp.linear_fc1.layer_norm_bias from model not in state dict, will skip
[36m(MegatronTrainRayActor pid=41865)[0m vision_model.decoder.layers.mlp.linear_fc1.weight from model not in state dict, will skip
[36m(MegatronTrainRayActor pid=41865)[0m vision_model.decoder.layers.mlp.linear_fc1.bias from model not in state dict, will skip
[36m(MegatronTrainRayActor pid=41865)[0m vision_model.decoder.layers.mlp.linear_fc2.weight from model not in state dict, will skip
[36m(MegatronTrainRayActor pid=41865)[0m vision_model.decoder.layers.mlp.linear_fc2.bias from model not in state dict, will skip
[36m(MegatronTrainRayActor pid=41865)[0m vision_model.decoder.layers.self_attention.linear_proj.weight from model not in state dict, will skip
[36m(MegatronTrainRayActor pid=41865)[0m vision_model.decoder.layers.self_attention.linear_proj.bias from model not in state dict, will skip
[36m(MegatronTrainRayActor pid=41865)[0m vision_model.decoder.layers.self_attention.linear_qkv.layer_norm_weight from model not in state dict, will skip
[36m(MegatronTrainRayActor pid=41865)[0m vision_model.decoder.layers.self_attention.linear_qkv.layer_norm_bias from model not in state dict, will skip
[36m(MegatronTrainRayActor pid=41865)[0m vision_model.decoder.layers.self_attention.linear_qkv.weight from model not in state dict, will skip
[36m(MegatronTrainRayActor pid=41865)[0m vision_model.decoder.layers.self_attention.linear_qkv.bias from model not in state dict, will skip
[36m(MegatronTrainRayActor pid=41865)[0m vision_model.decoder.layers.mlp.linear_fc1.layer_norm_weight from model not in state dict, will skip
[36m(MegatronTrainRayActor pid=41865)[0m vision_model.decoder.layers.mlp.linear_fc1.layer_norm_bias from model not in state dict, will skip
[36m(MegatronTrainRayActor pid=41865)[0m vision_model.decoder.layers.mlp.linear_fc1.weight from model not in state dict, will skip
[36m(MegatronTrainRayActor pid=41865)[0m vision_model.decoder.layers.mlp.linear_fc1.bias from model not in state dict, will skip
[36m(MegatronTrainRayActor pid=41865)[0m vision_model.decoder.layers.mlp.linear_fc2.weight from model not in state dict, will skip
[36m(MegatronTrainRayActor pid=41865)[0m vision_model.decoder.layers.mlp.linear_fc2.bias from model not in state dict, will skip
[36m(MegatronTrainRayActor pid=41865)[0m vision_model.decoder.layers.self_attention.linear_proj.weight from model not in state dict, will skip
[36m(MegatronTrainRayActor pid=41865)[0m vision_model.decoder.layers.self_attention.linear_proj.bias from model not in state dict, will skip
[36m(MegatronTrainRayActor pid=41865)[0m vision_model.decoder.layers.self_attention.linear_qkv.layer_norm_weight from model not in state dict, will skip
[36m(MegatronTrainRayActor pid=41865)[0m vision_model.decoder.layers.self_attention.linear_qkv.layer_norm_bias from model not in state dict, will skip
[36m(MegatronTrainRayActor pid=41865)[0m vision_model.decoder.layers.self_attention.linear_qkv.weight from model not in state dict, will skip
[36m(MegatronTrainRayActor pid=41865)[0m vision_model.decoder.layers.self_attention.linear_qkv.bias from model not in state dict, will skip
[36m(MegatronTrainRayActor pid=41865)[0m vision_model.decoder.layers.mlp.linear_fc1.layer_norm_weight from model not in state dict, will skip
[36m(MegatronTrainRayActor pid=41865)[0m vision_model.decoder.layers.mlp.linear_fc1.layer_norm_bias from model not in state dict, will skip
[36m(MegatronTrainRayActor pid=41865)[0m vision_model.decoder.layers.mlp.linear_fc1.weight from model not in state dict, will skip
[36m(MegatronTrainRayActor pid=41865)[0m vision_model.decoder.layers.mlp.linear_fc1.bias from model not in state dict, will skip
[36m(MegatronTrainRayActor pid=41865)[0m vision_model.decoder.layers.mlp.linear_fc2.weight from model not in state dict, will skip
[36m(MegatronTrainRayActor pid=41865)[0m vision_model.decoder.layers.mlp.linear_fc2.bias from model not in state dict, will skip
[36m(MegatronTrainRayActor pid=41865)[0m vision_model.decoder.layers.self_attention.linear_proj.weight from model not in state dict, will skip
[36m(MegatronTrainRayActor pid=41865)[0m vision_model.decoder.layers.self_attention.linear_proj.bias from model not in state dict, will skip
[36m(MegatronTrainRayActor pid=41865)[0m vision_model.decoder.layers.self_attention.linear_qkv.layer_norm_weight from model not in state dict, will skip
[36m(MegatronTrainRayActor pid=41865)[0m vision_model.decoder.layers.self_attention.linear_qkv.layer_norm_bias from model not in state dict, will skip
[36m(MegatronTrainRayActor pid=41865)[0m vision_model.decoder.layers.self_attention.linear_qkv.weight from model not in state dict, will skip
[36m(MegatronTrainRayActor pid=41865)[0m vision_model.decoder.layers.self_attention.linear_qkv.bias from model not in state dict, will skip
[36m(MegatronTrainRayActor pid=41865)[0m vision_model.decoder.layers.mlp.linear_fc1.layer_norm_weight from model not in state dict, will skip
[36m(MegatronTrainRayActor pid=41865)[0m vision_model.decoder.layers.mlp.linear_fc1.layer_norm_bias from model not in state dict, will skip
[36m(MegatronTrainRayActor pid=41865)[0m vision_model.decoder.layers.mlp.linear_fc1.weight from model not in state dict, will skip
[36m(MegatronTrainRayActor pid=41865)[0m vision_model.decoder.layers.mlp.linear_fc1.bias from model not in state dict, will skip
[36m(MegatronTrainRayActor pid=41865)[0m vision_model.decoder.layers.mlp.linear_fc2.weight from model not in state dict, will skip
[36m(MegatronTrainRayActor pid=41865)[0m vision_model.decoder.layers.mlp.linear_fc2.bias from model not in state dict, will skip
[36m(MegatronTrainRayActor pid=41865)[0m vision_model.decoder.layers.self_attention.linear_proj.weight from model not in state dict, will skip
[36m(MegatronTrainRayActor pid=41865)[0m vision_model.decoder.layers.self_attention.linear_proj.bias from model not in state dict, will skip
[36m(MegatronTrainRayActor pid=41865)[0m vision_model.decoder.layers.self_attention.linear_qkv.layer_norm_weight from model not in state dict, will skip
[36m(MegatronTrainRayActor pid=41865)[0m vision_model.decoder.layers.self_attention.linear_qkv.layer_norm_bias from model not in state dict, will skip
[36m(MegatronTrainRayActor pid=41865)[0m vision_model.decoder.layers.self_attention.linear_qkv.weight from model not in state dict, will skip
[36m(MegatronTrainRayActor pid=41865)[0m vision_model.decoder.layers.self_attention.linear_qkv.bias from model not in state dict, will skip
[36m(MegatronTrainRayActor pid=41865)[0m vision_model.decoder.layers.mlp.linear_fc1.layer_norm_weight from model not in state dict, will skip
[36m(MegatronTrainRayActor pid=41865)[0m vision_model.decoder.layers.mlp.linear_fc1.layer_norm_bias from model not in state dict, will skip
[36m(MegatronTrainRayActor pid=41865)[0m vision_model.decoder.layers.mlp.linear_fc1.weight from model not in state dict, will skip
[36m(MegatronTrainRayActor pid=41865)[0m vision_model.decoder.layers.mlp.linear_fc1.bias from model not in state dict, will skip
[36m(MegatronTrainRayActor pid=41865)[0m vision_model.decoder.layers.mlp.linear_fc2.weight from model not in state dict, will skip
[36m(MegatronTrainRayActor pid=41865)[0m vision_model.decoder.layers.mlp.linear_fc2.bias from model not in state dict, will skip
[36m(MegatronTrainRayActor pid=41865)[0m vision_model.merger.patch_norm.weight from model not in state dict, will skip
[36m(MegatronTrainRayActor pid=41865)[0m vision_model.merger.patch_norm.bias from model not in state dict, will skip
[36m(MegatronTrainRayActor pid=41865)[0m vision_model.merger.linear_fc1.weight from model not in state dict, will skip
[36m(MegatronTrainRayActor pid=41865)[0m vision_model.merger.linear_fc1.bias from model not in state dict, will skip
[36m(MegatronTrainRayActor pid=41865)[0m vision_model.merger.linear_fc2.weight from model not in state dict, will skip
[36m(MegatronTrainRayActor pid=41865)[0m vision_model.merger.linear_fc2.bias from model not in state dict, will skip
[36m(MegatronTrainRayActor pid=41865)[0m language_model.decoder.layers.0.self_attention.dt_bias from model not in state dict, will skip
[36m(MegatronTrainRayActor pid=41865)[0m language_model.decoder.layers.0.self_attention.A_log from model not in state dict, will skip
[36m(MegatronTrainRayActor pid=41865)[0m language_model.decoder.layers.0.self_attention.in_proj.layer_norm_weight from model not in state dict, will skip
[36m(MegatronTrainRayActor pid=41865)[0m language_model.decoder.layers.0.self_attention.in_proj.weight.query from model not in state dict, will skip
[36m(MegatronTrainRayActor pid=41865)[0m language_model.decoder.layers.0.self_attention.in_proj.weight.key from model not in state dict, will skip
[36m(MegatronTrainRayActor pid=41865)[0m language_model.decoder.layers.0.self_attention.in_proj.weight.value from model not in state dict, will skip
[36m(MegatronTrainRayActor pid=41865)[0m language_model.decoder.layers.0.self_attention.in_proj.weight.z from model not in state dict, will skip
[36m(MegatronTrainRayActor pid=41865)[0m language_model.decoder.layers.0.self_attention.in_proj.weight.beta from model not in state dict, will skip
[36m(MegatronTrainRayActor pid=41865)[0m language_model.decoder.layers.0.self_attention.in_proj.weight.alpha from model not in state dict, will skip
[36m(MegatronTrainRayActor pid=41865)[0m language_model.decoder.layers.0.self_attention.conv1d.weight.query from model not in state dict, will skip
[36m(MegatronTrainRayActor pid=41865)[0m language_model.decoder.layers.0.self_attention.conv1d.weight.key from model not in state dict, will skip
[36m(MegatronTrainRayActor pid=41865)[0m language_model.decoder.layers.0.self_attention.conv1d.weight.value from model not in state dict, will skip
[36m(MegatronTrainRayActor pid=41865)[0m language_model.decoder.layers.0.self_attention.out_norm.weight from model not in state dict, will skip
[36m(MegatronTrainRayActor pid=41865)[0m language_model.decoder.layers.0.self_attention.out_proj.weight from model not in state dict, will skip
[36m(MegatronTrainRayActor pid=41865)[0m language_model.decoder.layers.0.mlp.linear_fc1.layer_norm_weight from model not in state dict, will skip
[36m(MegatronTrainRayActor pid=41865)[0m language_model.decoder.layers.0.mlp.linear_fc1.weight from model not in state dict, will skip
[36m(MegatronTrainRayActor pid=41865)[0m language_model.decoder.layers.0.mlp.linear_fc1.weight from model not in state dict, will skip
[36m(MegatronTrainRayActor pid=41865)[0m language_model.decoder.layers.0.mlp.linear_fc2.weight from model not in state dict, will skip
[36m(MegatronTrainRayActor pid=41865)[0m language_model.decoder.layers.1.self_attention.dt_bias from model not in state dict, will skip
[36m(MegatronTrainRayActor pid=41865)[0m language_model.decoder.layers.1.self_attention.A_log from model not in state dict, will skip
[36m(MegatronTrainRayActor pid=41865)[0m language_model.decoder.layers.1.self_attention.in_proj.layer_norm_weight from model not in state dict, will skip
[36m(MegatronTrainRayActor pid=41865)[0m language_model.decoder.layers.1.self_attention.in_proj.weight.query from model not in state dict, will skip
[36m(MegatronTrainRayActor pid=41865)[0m language_model.decoder.layers.1.self_attention.in_proj.weight.key from model not in state dict, will skip
[36m(MegatronTrainRayActor pid=41865)[0m language_model.decoder.layers.1.self_attention.in_proj.weight.value from model not in state dict, will skip
[36m(MegatronTrainRayActor pid=41865)[0m language_model.decoder.layers.1.self_attention.in_proj.weight.z from model not in state dict, will skip
[36m(MegatronTrainRayActor pid=41865)[0m language_model.decoder.layers.1.self_attention.in_proj.weight.beta from model not in state dict, will skip
[36m(MegatronTrainRayActor pid=41865)[0m language_model.decoder.layers.1.self_attention.in_proj.weight.alpha from model not in state dict, will skip
[36m(MegatronTrainRayActor pid=41865)[0m language_model.decoder.layers.1.self_attention.conv1d.weight.query from model not in state dict, will skip
[36m(MegatronTrainRayActor pid=41865)[0m language_model.decoder.layers.1.self_attention.conv1d.weight.key from model not in state dict, will skip
[36m(MegatronTrainRayActor pid=41865)[0m language_model.decoder.layers.1.self_attention.conv1d.weight.value from model not in state dict, will skip
[36m(MegatronTrainRayActor pid=41865)[0m language_model.decoder.layers.1.self_attention.out_norm.weight from model not in state dict, will skip
[36m(MegatronTrainRayActor pid=41865)[0m language_model.decoder.layers.1.self_attention.out_proj.weight from model not in state dict, will skip
[36m(MegatronTrainRayActor pid=41865)[0m language_model.decoder.layers.1.mlp.linear_fc1.layer_norm_weight from model not in state dict, will skip
[36m(MegatronTrainRayActor pid=41865)[0m language_model.decoder.layers.1.mlp.linear_fc1.weight from model not in state dict, will skip
[36m(MegatronTrainRayActor pid=41865)[0m language_model.decoder.layers.1.mlp.linear_fc1.weight from model not in state dict, will skip
[36m(MegatronTrainRayActor pid=41865)[0m language_model.decoder.layers.1.mlp.linear_fc2.weight from model not in state dict, will skip
[36m(MegatronTrainRayActor pid=41865)[0m language_model.decoder.layers.2.self_attention.dt_bias from model not in state dict, will skip
[36m(MegatronTrainRayActor pid=41865)[0m language_model.decoder.layers.2.self_attention.A_log from model not in state dict, will skip
[36m(MegatronTrainRayActor pid=41865)[0m language_model.decoder.layers.2.self_attention.in_proj.layer_norm_weight from model not in state dict, will skip
[36m(MegatronTrainRayActor pid=41865)[0m language_model.decoder.layers.2.self_attention.in_proj.weight.query from model not in state dict, will skip
[36m(MegatronTrainRayActor pid=41865)[0m language_model.decoder.layers.2.self_attention.in_proj.weight.key from model not in state dict, will skip
[36m(MegatronTrainRayActor pid=41865)[0m language_model.decoder.layers.2.self_attention.in_proj.weight.value from model not in state dict, will skip
[36m(MegatronTrainRayActor pid=41865)[0m language_model.decoder.layers.2.self_attention.in_proj.weight.z from model not in state dict, will skip
[36m(MegatronTrainRayActor pid=41865)[0m language_model.decoder.layers.2.self_attention.in_proj.weight.beta from model not in state dict, will skip
[36m(MegatronTrainRayActor pid=41865)[0m language_model.decoder.layers.2.self_attention.in_proj.weight.alpha from model not in state dict, will skip
[36m(MegatronTrainRayActor pid=41865)[0m language_model.decoder.layers.2.self_attention.conv1d.weight.query from model not in state dict, will skip
[36m(MegatronTrainRayActor pid=41865)[0m language_model.decoder.layers.2.self_attention.conv1d.weight.key from model not in state dict, will skip
[36m(MegatronTrainRayActor pid=41865)[0m language_model.decoder.layers.2.self_attention.conv1d.weight.value from model not in state dict, will skip
[36m(MegatronTrainRayActor pid=41865)[0m language_model.decoder.layers.2.self_attention.out_norm.weight from model not in state dict, will skip
[36m(MegatronTrainRayActor pid=41865)[0m language_model.decoder.layers.2.self_attention.out_proj.weight from model not in state dict, will skip
[36m(MegatronTrainRayActor pid=41865)[0m language_model.decoder.layers.2.mlp.linear_fc1.layer_norm_weight from model not in state dict, will skip
[36m(MegatronTrainRayActor pid=41865)[0m language_model.decoder.layers.2.mlp.linear_fc1.weight from model not in state dict, will skip
[36m(MegatronTrainRayActor pid=41865)[0m language_model.decoder.layers.2.mlp.linear_fc1.weight from model not in state dict, will skip
[36m(MegatronTrainRayActor pid=41865)[0m language_model.decoder.layers.2.mlp.linear_fc2.weight from model not in state dict, will skip
[36m(MegatronTrainRayActor pid=41865)[0m language_model.decoder.layers.3.self_attention.linear_proj.weight from model not in state dict, will skip
[36m(MegatronTrainRayActor pid=41865)[0m language_model.decoder.layers.3.self_attention.linear_qkv.layer_norm_weight from model not in state dict, will skip
[36m(MegatronTrainRayActor pid=41865)[0m language_model.decoder.layers.3.self_attention.linear_qkv.weight from model not in state dict, will skip
[36m(MegatronTrainRayActor pid=41865)[0m language_model.decoder.layers.3.self_attention.q_layernorm.weight from model not in state dict, will skip
[36m(MegatronTrainRayActor pid=41865)[0m language_model.decoder.layers.3.self_attention.k_layernorm.weight from model not in state dict, will skip
[36m(MegatronTrainRayActor pid=41865)[0m language_model.decoder.layers.3.mlp.linear_fc1.layer_norm_weight from model not in state dict, will skip
[36m(MegatronTrainRayActor pid=41865)[0m language_model.decoder.layers.3.mlp.linear_fc1.weight from model not in state dict, will skip
[36m(MegatronTrainRayActor pid=41865)[0m language_model.decoder.layers.3.mlp.linear_fc1.weight from model not in state dict, will skip
[36m(MegatronTrainRayActor pid=41865)[0m language_model.decoder.layers.3.mlp.linear_fc2.weight from model not in state dict, will skip
[36m(MegatronTrainRayActor pid=41865)[0m language_model.decoder.layers.4.self_attention.dt_bias from model not in state dict, will skip
[36m(MegatronTrainRayActor pid=41865)[0m language_model.decoder.layers.4.self_attention.A_log from model not in state dict, will skip
[36m(MegatronTrainRayActor pid=41865)[0m language_model.decoder.layers.4.self_attention.in_proj.layer_norm_weight from model not in state dict, will skip
[36m(MegatronTrainRayActor pid=41865)[0m language_model.decoder.layers.4.self_attention.in_proj.weight.query from model not in state dict, will skip
[36m(MegatronTrainRayActor pid=41865)[0m language_model.decoder.layers.4.self_attention.in_proj.weight.key from model not in state dict, will skip
[36m(MegatronTrainRayActor pid=41865)[0m language_model.decoder.layers.4.self_attention.in_proj.weight.value from model not in state dict, will skip
[36m(MegatronTrainRayActor pid=41865)[0m language_model.decoder.layers.4.self_attention.in_proj.weight.z from model not in state dict, will skip
[36m(MegatronTrainRayActor pid=41865)[0m language_model.decoder.layers.4.self_attention.in_proj.weight.beta from model not in state dict, will skip
[36m(MegatronTrainRayActor pid=41865)[0m language_model.decoder.layers.4.self_attention.in_proj.weight.alpha from model not in state dict, will skip
[36m(MegatronTrainRayActor pid=41865)[0m language_model.decoder.layers.4.self_attention.conv1d.weight.query from model not in state dict, will skip
[36m(MegatronTrainRayActor pid=41865)[0m language_model.decoder.layers.4.self_attention.conv1d.weight.key from model not in state dict, will skip
[36m(MegatronTrainRayActor pid=41865)[0m language_model.decoder.layers.4.self_attention.conv1d.weight.value from model not in state dict, will skip
[36m(MegatronTrainRayActor pid=41865)[0m language_model.decoder.layers.4.self_attention.out_norm.weight from model not in state dict, will skip
[36m(MegatronTrainRayActor pid=41865)[0m language_model.decoder.layers.4.self_attention.out_proj.weight from model not in state dict, will skip
[36m(MegatronTrainRayActor pid=41865)[0m language_model.decoder.layers.4.mlp.linear_fc1.layer_norm_weight from model not in state dict, will skip
[36m(MegatronTrainRayActor pid=41865)[0m language_model.decoder.layers.4.mlp.linear_fc1.weight from model not in state dict, will skip
[36m(MegatronTrainRayActor pid=41865)[0m language_model.decoder.layers.4.mlp.linear_fc1.weight from model not in state dict, will skip
[36m(MegatronTrainRayActor pid=41865)[0m language_model.decoder.layers.4.mlp.linear_fc2.weight from model not in state dict, will skip
[36m(MegatronTrainRayActor pid=41865)[0m language_model.decoder.layers.5.self_attention.dt_bias from model not in state dict, will skip
[36m(MegatronTrainRayActor pid=41865)[0m language_model.decoder.layers.5.self_attention.A_log from model not in state dict, will skip
[36m(MegatronTrainRayActor pid=41865)[0m language_model.decoder.layers.5.self_attention.in_proj.layer_norm_weight from model not in state dict, will skip
[36m(MegatronTrainRayActor pid=41865)[0m language_model.decoder.layers.5.self_attention.in_proj.weight.query from model not in state dict, will skip
[36m(MegatronTrainRayActor pid=41865)[0m language_model.decoder.layers.5.self_attention.in_proj.weight.key from model not in state dict, will skip
[36m(MegatronTrainRayActor pid=41865)[0m language_model.decoder.layers.5.self_attention.in_proj.weight.value from model not in state dict, will skip
[36m(MegatronTrainRayActor pid=41865)[0m language_model.decoder.layers.5.self_attention.in_proj.weight.z from model not in state dict, will skip
[36m(MegatronTrainRayActor pid=41865)[0m language_model.decoder.layers.5.self_attention.in_proj.weight.beta from model not in state dict, will skip
[36m(MegatronTrainRayActor pid=41865)[0m language_model.decoder.layers.5.self_attention.in_proj.weight.alpha from model not in state dict, will skip
[36m(MegatronTrainRayActor pid=41865)[0m language_model.decoder.layers.5.self_attention.conv1d.weight.query from model not in state dict, will skip
[36m(MegatronTrainRayActor pid=41865)[0m language_model.decoder.layers.5.self_attention.conv1d.weight.key from model not in state dict, will skip
[36m(MegatronTrainRayActor pid=41865)[0m language_model.decoder.layers.5.self_attention.conv1d.weight.value from model not in state dict, will skip
[36m(MegatronTrainRayActor pid=41865)[0m language_model.decoder.layers.5.self_attention.out_norm.weight from model not in state dict, will skip
[36m(MegatronTrainRayActor pid=41865)[0m language_model.decoder.layers.5.self_attention.out_proj.weight from model not in state dict, will skip
[36m(MegatronTrainRayActor pid=41865)[0m language_model.decoder.layers.5.mlp.linear_fc1.layer_norm_weight from model not in state dict, will skip
[36m(MegatronTrainRayActor pid=41865)[0m language_model.decoder.layers.5.mlp.linear_fc1.weight from model not in state dict, will skip
[36m(MegatronTrainRayActor pid=41865)[0m language_model.decoder.layers.5.mlp.linear_fc1.weight from model not in state dict, will skip
[36m(MegatronTrainRayActor pid=41865)[0m language_model.decoder.layers.5.mlp.linear_fc2.weight from model not in state dict, will skip
[36m(MegatronTrainRayActor pid=41865)[0m language_model.decoder.layers.6.self_attention.dt_bias from model not in state dict, will skip
[36m(MegatronTrainRayActor pid=41865)[0m language_model.decoder.layers.6.self_attention.A_log from model not in state dict, will skip
[36m(MegatronTrainRayActor pid=41865)[0m language_model.decoder.layers.6.self_attention.in_proj.layer_norm_weight from model not in state dict, will skip
[36m(MegatronTrainRayActor pid=41865)[0m language_model.decoder.layers.6.self_attention.in_proj.weight.query from model not in state dict, will skip
[36m(MegatronTrainRayActor pid=41865)[0m language_model.decoder.layers.6.self_attention.in_proj.weight.key from model not in state dict, will skip
[36m(MegatronTrainRayActor pid=41865)[0m language_model.decoder.layers.6.self_attention.in_proj.weight.value from model not in state dict, will skip
[36m(MegatronTrainRayActor pid=41865)[0m language_model.decoder.layers.6.self_attention.in_proj.weight.z from model not in state dict, will skip
[36m(MegatronTrainRayActor pid=41865)[0m language_model.decoder.layers.6.self_attention.in_proj.weight.beta from model not in state dict, will skip
[36m(MegatronTrainRayActor pid=41865)[0m language_model.decoder.layers.6.self_attention.in_proj.weight.alpha from model not in state dict, will skip
[36m(MegatronTrainRayActor pid=41865)[0m language_model.decoder.layers.6.self_attention.conv1d.weight.query from model not in state dict, will skip
[36m(MegatronTrainRayActor pid=41865)[0m language_model.decoder.layers.6.self_attention.conv1d.weight.key from model not in state dict, will skip
[36m(MegatronTrainRayActor pid=41865)[0m language_model.decoder.layers.6.self_attention.conv1d.weight.value from model not in state dict, will skip
[36m(MegatronTrainRayActor pid=41865)[0m language_model.decoder.layers.6.self_attention.out_norm.weight from model not in state dict, will skip
[36m(MegatronTrainRayActor pid=41865)[0m language_model.decoder.layers.6.self_attention.out_proj.weight from model not in state dict, will skip
[36m(MegatronTrainRayActor pid=41865)[0m language_model.decoder.layers.6.mlp.linear_fc1.layer_norm_weight from model not in state dict, will skip
[36m(MegatronTrainRayActor pid=41865)[0m language_model.decoder.layers.6.mlp.linear_fc1.weight from model not in state dict, will skip
[36m(MegatronTrainRayActor pid=41865)[0m language_model.decoder.layers.6.mlp.linear_fc1.weight from model not in state dict, will skip
[36m(MegatronTrainRayActor pid=41865)[0m language_model.decoder.layers.6.mlp.linear_fc2.weight from model not in state dict, will skip
[36m(MegatronTrainRayActor pid=41865)[0m language_model.decoder.layers.7.self_attention.linear_proj.weight from model not in state dict, will skip
[36m(MegatronTrainRayActor pid=41865)[0m language_model.decoder.layers.7.self_attention.linear_qkv.layer_norm_weight from model not in state dict, will skip
[36m(MegatronTrainRayActor pid=41865)[0m language_model.decoder.layers.7.self_attention.linear_qkv.weight from model not in state dict, will skip
[36m(MegatronTrainRayActor pid=41865)[0m language_model.decoder.layers.7.self_attention.q_layernorm.weight from model not in state dict, will skip
[36m(MegatronTrainRayActor pid=41865)[0m language_model.decoder.layers.7.self_attention.k_layernorm.weight from model not in state dict, will skip
[36m(MegatronTrainRayActor pid=41865)[0m language_model.decoder.layers.7.mlp.linear_fc1.layer_norm_weight from model not in state dict, will skip
[36m(MegatronTrainRayActor pid=41865)[0m language_model.decoder.layers.7.mlp.linear_fc1.weight from model not in state dict, will skip
[36m(MegatronTrainRayActor pid=41865)[0m language_model.decoder.layers.7.mlp.linear_fc1.weight from model not in state dict, will skip
[36m(MegatronTrainRayActor pid=41865)[0m language_model.decoder.layers.7.mlp.linear_fc2.weight from model not in state dict, will skip
[36m(MegatronTrainRayActor pid=41865)[0m language_model.decoder.layers.8.self_attention.dt_bias from model not in state dict, will skip
[36m(MegatronTrainRayActor pid=41865)[0m language_model.decoder.layers.8.self_attention.A_log from model not in state dict, will skip
[36m(MegatronTrainRayActor pid=41865)[0m language_model.decoder.layers.8.self_attention.in_proj.layer_norm_weight from model not in state dict, will skip
[36m(MegatronTrainRayActor pid=41865)[0m language_model.decoder.layers.8.self_attention.in_proj.weight.query from model not in state dict, will skip
[36m(MegatronTrainRayActor pid=41865)[0m language_model.decoder.layers.8.self_attention.in_proj.weight.key from model not in state dict, will skip
[36m(MegatronTrainRayActor pid=41865)[0m language_model.decoder.layers.8.self_attention.in_proj.weight.value from model not in state dict, will skip
[36m(MegatronTrainRayActor pid=41865)[0m language_model.decoder.layers.8.self_attention.in_proj.weight.z from model not in state dict, will skip
[36m(MegatronTrainRayActor pid=41865)[0m language_model.decoder.layers.8.self_attention.in_proj.weight.beta from model not in state dict, will skip
[36m(MegatronTrainRayActor pid=41865)[0m language_model.decoder.layers.8.self_attention.in_proj.weight.alpha from model not in state dict, will skip
[36m(MegatronTrainRayActor pid=41865)[0m language_model.decoder.layers.8.self_attention.conv1d.weight.query from model not in state dict, will skip
[36m(MegatronTrainRayActor pid=41865)[0m language_model.decoder.layers.8.self_attention.conv1d.weight.key from model not in state dict, will skip
[36m(MegatronTrainRayActor pid=41865)[0m language_model.decoder.layers.8.self_attention.conv1d.weight.value from model not in state dict, will skip
[36m(MegatronTrainRayActor pid=41865)[0m language_model.decoder.layers.8.self_attention.out_norm.weight from model not in state dict, will skip
[36m(MegatronTrainRayActor pid=41865)[0m language_model.decoder.layers.8.self_attention.out_proj.weight from model not in state dict, will skip
[36m(MegatronTrainRayActor pid=41865)[0m language_model.decoder.layers.8.mlp.linear_fc1.layer_norm_weight from model not in state dict, will skip
[36m(MegatronTrainRayActor pid=41865)[0m language_model.decoder.layers.8.mlp.linear_fc1.weight from model not in state dict, will skip
[36m(MegatronTrainRayActor pid=41865)[0m language_model.decoder.layers.8.mlp.linear_fc1.weight from model not in state dict, will skip
[36m(MegatronTrainRayActor pid=41865)[0m language_model.decoder.layers.8.mlp.linear_fc2.weight from model not in state dict, will skip
[36m(MegatronTrainRayActor pid=41865)[0m language_model.decoder.layers.9.self_attention.dt_bias from model not in state dict, will skip
[36m(MegatronTrainRayActor pid=41865)[0m language_model.decoder.layers.9.self_attention.A_log from model not in state dict, will skip
[36m(MegatronTrainRayActor pid=41865)[0m language_model.decoder.layers.9.self_attention.in_proj.layer_norm_weight from model not in state dict, will skip
[36m(MegatronTrainRayActor pid=41865)[0m language_model.decoder.layers.9.self_attention.in_proj.weight.query from model not in state dict, will skip
[36m(MegatronTrainRayActor pid=41865)[0m language_model.decoder.layers.9.self_attention.in_proj.weight.key from model not in state dict, will skip
[36m(MegatronTrainRayActor pid=41865)[0m language_model.decoder.layers.9.self_attention.in_proj.weight.value from model not in state dict, will skip
[36m(MegatronTrainRayActor pid=41865)[0m language_model.decoder.layers.9.self_attention.in_proj.weight.z from model not in state dict, will skip
[36m(MegatronTrainRayActor pid=41865)[0m language_model.decoder.layers.9.self_attention.in_proj.weight.beta from model not in state dict, will skip
[36m(MegatronTrainRayActor pid=41865)[0m language_model.decoder.layers.9.self_attention.in_proj.weight.alpha from model not in state dict, will skip
[36m(MegatronTrainRayActor pid=41865)[0m language_model.decoder.layers.9.self_attention.conv1d.weight.query from model not in state dict, will skip
[36m(MegatronTrainRayActor pid=41865)[0m language_model.decoder.layers.9.self_attention.conv1d.weight.key from model not in state dict, will skip
[36m(MegatronTrainRayActor pid=41865)[0m language_model.decoder.layers.9.self_attention.conv1d.weight.value from model not in state dict, will skip
[36m(MegatronTrainRayActor pid=41865)[0m language_model.decoder.layers.9.self_attention.out_norm.weight from model not in state dict, will skip
[36m(MegatronTrainRayActor pid=41865)[0m language_model.decoder.layers.9.self_attention.out_proj.weight from model not in state dict, will skip
[36m(MegatronTrainRayActor pid=41865)[0m language_model.decoder.layers.9.mlp.linear_fc1.layer_norm_weight from model not in state dict, will skip
[36m(MegatronTrainRayActor pid=41865)[0m language_model.decoder.layers.9.mlp.linear_fc1.weight from model not in state dict, will skip
[36m(MegatronTrainRayActor pid=41865)[0m language_model.decoder.layers.9.mlp.linear_fc1.weight from model not in state dict, will skip
[36m(MegatronTrainRayActor pid=41865)[0m language_model.decoder.layers.9.mlp.linear_fc2.weight from model not in state dict, will skip
[36m(MegatronTrainRayActor pid=41865)[0m language_model.decoder.layers.10.self_attention.dt_bias from model not in state dict, will skip
[36m(MegatronTrainRayActor pid=41865)[0m language_model.decoder.layers.10.self_attention.A_log from model not in state dict, will skip
[36m(MegatronTrainRayActor pid=41865)[0m language_model.decoder.layers.10.self_attention.in_proj.layer_norm_weight from model not in state dict, will skip
[36m(MegatronTrainRayActor pid=41865)[0m language_model.decoder.layers.10.self_attention.in_proj.weight.query from model not in state dict, will skip
[36m(MegatronTrainRayActor pid=41865)[0m language_model.decoder.layers.10.self_attention.in_proj.weight.key from model not in state dict, will skip
[36m(MegatronTrainRayActor pid=41865)[0m language_model.decoder.layers.10.self_attention.in_proj.weight.value from model not in state dict, will skip
[36m(MegatronTrainRayActor pid=41865)[0m language_model.decoder.layers.10.self_attention.in_proj.weight.z from model not in state dict, will skip
[36m(MegatronTrainRayActor pid=41865)[0m language_model.decoder.layers.10.self_attention.in_proj.weight.beta from model not in state dict, will skip
[36m(MegatronTrainRayActor pid=41865)[0m language_model.decoder.layers.10.self_attention.in_proj.weight.alpha from model not in state dict, will skip
[36m(MegatronTrainRayActor pid=41865)[0m language_model.decoder.layers.10.self_attention.conv1d.weight.query from model not in state dict, will skip
[36m(MegatronTrainRayActor pid=41865)[0m language_model.decoder.layers.10.self_attention.conv1d.weight.key from model not in state dict, will skip
[36m(MegatronTrainRayActor pid=41865)[0m language_model.decoder.layers.10.self_attention.conv1d.weight.value from model not in state dict, will skip
[36m(MegatronTrainRayActor pid=41865)[0m language_model.decoder.layers.10.self_attention.out_norm.weight from model not in state dict, will skip
[36m(MegatronTrainRayActor pid=41865)[0m language_model.decoder.layers.10.self_attention.out_proj.weight from model not in state dict, will skip
[36m(MegatronTrainRayActor pid=41865)[0m language_model.decoder.layers.10.mlp.linear_fc1.layer_norm_weight from model not in state dict, will skip
[36m(MegatronTrainRayActor pid=41865)[0m language_model.decoder.layers.10.mlp.linear_fc1.weight from model not in state dict, will skip
[36m(MegatronTrainRayActor pid=41865)[0m language_model.decoder.layers.10.mlp.linear_fc1.weight from model not in state dict, will skip
[36m(MegatronTrainRayActor pid=41865)[0m language_model.decoder.layers.10.mlp.linear_fc2.weight from model not in state dict, will skip
[36m(MegatronTrainRayActor pid=41865)[0m language_model.decoder.layers.11.self_attention.linear_proj.weight from model not in state dict, will skip
[36m(MegatronTrainRayActor pid=41865)[0m language_model.decoder.layers.11.self_attention.linear_qkv.layer_norm_weight from model not in state dict, will skip
[36m(MegatronTrainRayActor pid=41865)[0m language_model.decoder.layers.11.self_attention.linear_qkv.weight from model not in state dict, will skip
[36m(MegatronTrainRayActor pid=41865)[0m language_model.decoder.layers.11.self_attention.q_layernorm.weight from model not in state dict, will skip
[36m(MegatronTrainRayActor pid=41865)[0m language_model.decoder.layers.11.self_attention.k_layernorm.weight from model not in state dict, will skip
[36m(MegatronTrainRayActor pid=41865)[0m language_model.decoder.layers.11.mlp.linear_fc1.layer_norm_weight from model not in state dict, will skip
[36m(MegatronTrainRayActor pid=41865)[0m language_model.decoder.layers.11.mlp.linear_fc1.weight from model not in state dict, will skip
[36m(MegatronTrainRayActor pid=41865)[0m language_model.decoder.layers.11.mlp.linear_fc1.weight from model not in state dict, will skip
[36m(MegatronTrainRayActor pid=41865)[0m language_model.decoder.layers.11.mlp.linear_fc2.weight from model not in state dict, will skip
[36m(MegatronTrainRayActor pid=41865)[0m language_model.decoder.layers.12.self_attention.dt_bias from model not in state dict, will skip
[36m(MegatronTrainRayActor pid=41865)[0m language_model.decoder.layers.12.self_attention.A_log from model not in state dict, will skip
[36m(MegatronTrainRayActor pid=41865)[0m language_model.decoder.layers.12.self_attention.in_proj.layer_norm_weight from model not in state dict, will skip
[36m(MegatronTrainRayActor pid=41865)[0m language_model.decoder.layers.12.self_attention.in_proj.weight.query from model not in state dict, will skip
[36m(MegatronTrainRayActor pid=41865)[0m language_model.decoder.layers.12.self_attention.in_proj.weight.key from model not in state dict, will skip
[36m(MegatronTrainRayActor pid=41865)[0m language_model.decoder.layers.12.self_attention.in_proj.weight.value from model not in state dict, will skip
[36m(MegatronTrainRayActor pid=41865)[0m language_model.decoder.layers.12.self_attention.in_proj.weight.z from model not in state dict, will skip
[36m(MegatronTrainRayActor pid=41865)[0m language_model.decoder.layers.12.self_attention.in_proj.weight.beta from model not in state dict, will skip
[36m(MegatronTrainRayActor pid=41865)[0m language_model.decoder.layers.12.self_attention.in_proj.weight.alpha from model not in state dict, will skip
[36m(MegatronTrainRayActor pid=41865)[0m language_model.decoder.layers.12.self_attention.conv1d.weight.query from model not in state dict, will skip
[36m(MegatronTrainRayActor pid=41865)[0m language_model.decoder.layers.12.self_attention.conv1d.weight.key from model not in state dict, will skip
[36m(MegatronTrainRayActor pid=41865)[0m language_model.decoder.layers.12.self_attention.conv1d.weight.value from model not in state dict, will skip
[36m(MegatronTrainRayActor pid=41865)[0m language_model.decoder.layers.12.self_attention.out_norm.weight from model not in state dict, will skip
[36m(MegatronTrainRayActor pid=41865)[0m language_model.decoder.layers.12.self_attention.out_proj.weight from model not in state dict, will skip
[36m(MegatronTrainRayActor pid=41865)[0m language_model.decoder.layers.12.mlp.linear_fc1.layer_norm_weight from model not in state dict, will skip
[36m(MegatronTrainRayActor pid=41865)[0m language_model.decoder.layers.12.mlp.linear_fc1.weight from model not in state dict, will skip
[36m(MegatronTrainRayActor pid=41865)[0m language_model.decoder.layers.12.mlp.linear_fc1.weight from model not in state dict, will skip
[36m(MegatronTrainRayActor pid=41865)[0m language_model.decoder.layers.12.mlp.linear_fc2.weight from model not in state dict, will skip
[36m(MegatronTrainRayActor pid=41865)[0m language_model.decoder.layers.13.self_attention.dt_bias from model not in state dict, will skip
[36m(MegatronTrainRayActor pid=41865)[0m language_model.decoder.layers.13.self_attention.A_log from model not in state dict, will skip
[36m(MegatronTrainRayActor pid=41865)[0m language_model.decoder.layers.13.self_attention.in_proj.layer_norm_weight from model not in state dict, will skip
[36m(MegatronTrainRayActor pid=41865)[0m language_model.decoder.layers.13.self_attention.in_proj.weight.query from model not in state dict, will skip
[36m(MegatronTrainRayActor pid=41865)[0m language_model.decoder.layers.13.self_attention.in_proj.weight.key from model not in state dict, will skip
[36m(MegatronTrainRayActor pid=41865)[0m language_model.decoder.layers.13.self_attention.in_proj.weight.value from model not in state dict, will skip
[36m(MegatronTrainRayActor pid=41865)[0m language_model.decoder.layers.13.self_attention.in_proj.weight.z from model not in state dict, will skip
[36m(MegatronTrainRayActor pid=41865)[0m language_model.decoder.layers.13.self_attention.in_proj.weight.beta from model not in state dict, will skip
[36m(MegatronTrainRayActor pid=41865)[0m language_model.decoder.layers.13.self_attention.in_proj.weight.alpha from model not in state dict, will skip
[36m(MegatronTrainRayActor pid=41865)[0m language_model.decoder.layers.13.self_attention.conv1d.weight.query from model not in state dict, will skip
[36m(MegatronTrainRayActor pid=41865)[0m language_model.decoder.layers.13.self_attention.conv1d.weight.key from model not in state dict, will skip
[36m(MegatronTrainRayActor pid=41865)[0m language_model.decoder.layers.13.self_attention.conv1d.weight.value from model not in state dict, will skip
[36m(MegatronTrainRayActor pid=41865)[0m language_model.decoder.layers.13.self_attention.out_norm.weight from model not in state dict, will skip
[36m(MegatronTrainRayActor pid=41865)[0m language_model.decoder.layers.13.self_attention.out_proj.weight from model not in state dict, will skip
[36m(MegatronTrainRayActor pid=41865)[0m language_model.decoder.layers.13.mlp.linear_fc1.layer_norm_weight from model not in state dict, will skip
[36m(MegatronTrainRayActor pid=41865)[0m language_model.decoder.layers.13.mlp.linear_fc1.weight from model not in state dict, will skip
[36m(MegatronTrainRayActor pid=41865)[0m language_model.decoder.layers.13.mlp.linear_fc1.weight from model not in state dict, will skip
[36m(MegatronTrainRayActor pid=41865)[0m language_model.decoder.layers.13.mlp.linear_fc2.weight from model not in state dict, will skip
[36m(MegatronTrainRayActor pid=41865)[0m language_model.decoder.layers.14.self_attention.dt_bias from model not in state dict, will skip
[36m(MegatronTrainRayActor pid=41865)[0m language_model.decoder.layers.14.self_attention.A_log from model not in state dict, will skip
[36m(MegatronTrainRayActor pid=41865)[0m language_model.decoder.layers.14.self_attention.in_proj.layer_norm_weight from model not in state dict, will skip
[36m(MegatronTrainRayActor pid=41865)[0m language_model.decoder.layers.14.self_attention.in_proj.weight.query from model not in state dict, will skip
[36m(MegatronTrainRayActor pid=41865)[0m language_model.decoder.layers.14.self_attention.in_proj.weight.key from model not in state dict, will skip
[36m(MegatronTrainRayActor pid=41865)[0m language_model.decoder.layers.14.self_attention.in_proj.weight.value from model not in state dict, will skip
[36m(MegatronTrainRayActor pid=41865)[0m language_model.decoder.layers.14.self_attention.in_proj.weight.z from model not in state dict, will skip
[36m(MegatronTrainRayActor pid=41865)[0m language_model.decoder.layers.14.self_attention.in_proj.weight.beta from model not in state dict, will skip
[36m(MegatronTrainRayActor pid=41865)[0m language_model.decoder.layers.14.self_attention.in_proj.weight.alpha from model not in state dict, will skip
[36m(MegatronTrainRayActor pid=41865)[0m language_model.decoder.layers.14.self_attention.conv1d.weight.query from model not in state dict, will skip
[36m(MegatronTrainRayActor pid=41865)[0m language_model.decoder.layers.14.self_attention.conv1d.weight.key from model not in state dict, will skip
[36m(MegatronTrainRayActor pid=41865)[0m language_model.decoder.layers.14.self_attention.conv1d.weight.value from model not in state dict, will skip
[36m(MegatronTrainRayActor pid=41865)[0m language_model.decoder.layers.14.self_attention.out_norm.weight from model not in state dict, will skip
[36m(MegatronTrainRayActor pid=41865)[0m language_model.decoder.layers.14.self_attention.out_proj.weight from model not in state dict, will skip
[36m(MegatronTrainRayActor pid=41865)[0m language_model.decoder.layers.14.mlp.linear_fc1.layer_norm_weight from model not in state dict, will skip
[36m(MegatronTrainRayActor pid=41865)[0m language_model.decoder.layers.14.mlp.linear_fc1.weight from model not in state dict, will skip
[36m(MegatronTrainRayActor pid=41865)[0m language_model.decoder.layers.14.mlp.linear_fc1.weight from model not in state dict, will skip
[36m(MegatronTrainRayActor pid=41865)[0m language_model.decoder.layers.14.mlp.linear_fc2.weight from model not in state dict, will skip
[36m(MegatronTrainRayActor pid=41865)[0m language_model.decoder.layers.15.self_attention.linear_proj.weight from model not in state dict, will skip
[36m(MegatronTrainRayActor pid=41865)[0m language_model.decoder.layers.15.self_attention.linear_qkv.layer_norm_weight from model not in state dict, will skip
[36m(MegatronTrainRayActor pid=41865)[0m language_model.decoder.layers.15.self_attention.linear_qkv.weight from model not in state dict, will skip
[36m(MegatronTrainRayActor pid=41865)[0m language_model.decoder.layers.15.self_attention.q_layernorm.weight from model not in state dict, will skip
[36m(MegatronTrainRayActor pid=41865)[0m language_model.decoder.layers.15.self_attention.k_layernorm.weight from model not in state dict, will skip
[36m(MegatronTrainRayActor pid=41865)[0m language_model.decoder.layers.15.mlp.linear_fc1.layer_norm_weight from model not in state dict, will skip
[36m(MegatronTrainRayActor pid=41865)[0m language_model.decoder.layers.15.mlp.linear_fc1.weight from model not in state dict, will skip
[36m(MegatronTrainRayActor pid=41865)[0m language_model.decoder.layers.15.mlp.linear_fc1.weight from model not in state dict, will skip
[36m(MegatronTrainRayActor pid=41865)[0m language_model.decoder.layers.15.mlp.linear_fc2.weight from model not in state dict, will skip
[36m(MegatronTrainRayActor pid=41865)[0m language_model.decoder.layers.16.self_attention.dt_bias from model not in state dict, will skip
[36m(MegatronTrainRayActor pid=41865)[0m language_model.decoder.layers.16.self_attention.A_log from model not in state dict, will skip
[36m(MegatronTrainRayActor pid=41865)[0m language_model.decoder.layers.16.self_attention.in_proj.layer_norm_weight from model not in state dict, will skip
[36m(MegatronTrainRayActor pid=41865)[0m language_model.decoder.layers.16.self_attention.in_proj.weight.query from model not in state dict, will skip
[36m(MegatronTrainRayActor pid=41865)[0m language_model.decoder.layers.16.self_attention.in_proj.weight.key from model not in state dict, will skip
[36m(MegatronTrainRayActor pid=41865)[0m language_model.decoder.layers.16.self_attention.in_proj.weight.value from model not in state dict, will skip
[36m(MegatronTrainRayActor pid=41865)[0m language_model.decoder.layers.16.self_attention.in_proj.weight.z from model not in state dict, will skip
[36m(MegatronTrainRayActor pid=41865)[0m language_model.decoder.layers.16.self_attention.in_proj.weight.beta from model not in state dict, will skip
[36m(MegatronTrainRayActor pid=41865)[0m language_model.decoder.layers.16.self_attention.in_proj.weight.alpha from model not in state dict, will skip
[36m(MegatronTrainRayActor pid=41865)[0m language_model.decoder.layers.16.self_attention.conv1d.weight.query from model not in state dict, will skip
[36m(MegatronTrainRayActor pid=41865)[0m language_model.decoder.layers.16.self_attention.conv1d.weight.key from model not in state dict, will skip
[36m(MegatronTrainRayActor pid=41865)[0m language_model.decoder.layers.16.self_attention.conv1d.weight.value from model not in state dict, will skip
[36m(MegatronTrainRayActor pid=41865)[0m language_model.decoder.layers.16.self_attention.out_norm.weight from model not in state dict, will skip
[36m(MegatronTrainRayActor pid=41865)[0m language_model.decoder.layers.16.self_attention.out_proj.weight from model not in state dict, will skip
[36m(MegatronTrainRayActor pid=41865)[0m language_model.decoder.layers.16.mlp.linear_fc1.layer_norm_weight from model not in state dict, will skip
[36m(MegatronTrainRayActor pid=41865)[0m language_model.decoder.layers.16.mlp.linear_fc1.weight from model not in state dict, will skip
[36m(MegatronTrainRayActor pid=41865)[0m language_model.decoder.layers.16.mlp.linear_fc1.weight from model not in state dict, will skip
[36m(MegatronTrainRayActor pid=41865)[0m language_model.decoder.layers.16.mlp.linear_fc2.weight from model not in state dict, will skip
[36m(MegatronTrainRayActor pid=41865)[0m language_model.decoder.layers.17.self_attention.dt_bias from model not in state dict, will skip
[36m(MegatronTrainRayActor pid=41865)[0m language_model.decoder.layers.17.self_attention.A_log from model not in state dict, will skip
[36m(MegatronTrainRayActor pid=41865)[0m language_model.decoder.layers.17.self_attention.in_proj.layer_norm_weight from model not in state dict, will skip
[36m(MegatronTrainRayActor pid=41865)[0m language_model.decoder.layers.17.self_attention.in_proj.weight.query from model not in state dict, will skip
[36m(MegatronTrainRayActor pid=41865)[0m language_model.decoder.layers.17.self_attention.in_proj.weight.key from model not in state dict, will skip
[36m(MegatronTrainRayActor pid=41865)[0m language_model.decoder.layers.17.self_attention.in_proj.weight.value from model not in state dict, will skip
[36m(MegatronTrainRayActor pid=41865)[0m language_model.decoder.layers.17.self_attention.in_proj.weight.z from model not in state dict, will skip
[36m(MegatronTrainRayActor pid=41865)[0m language_model.decoder.layers.17.self_attention.in_proj.weight.beta from model not in state dict, will skip
[36m(MegatronTrainRayActor pid=41865)[0m language_model.decoder.layers.17.self_attention.in_proj.weight.alpha from model not in state dict, will skip
[36m(MegatronTrainRayActor pid=41865)[0m language_model.decoder.layers.17.self_attention.conv1d.weight.query from model not in state dict, will skip
[36m(MegatronTrainRayActor pid=41865)[0m language_model.decoder.layers.17.self_attention.conv1d.weight.key from model not in state dict, will skip
[36m(MegatronTrainRayActor pid=41865)[0m language_model.decoder.layers.17.self_attention.conv1d.weight.value from model not in state dict, will skip
[36m(MegatronTrainRayActor pid=41865)[0m language_model.decoder.layers.17.self_attention.out_norm.weight from model not in state dict, will skip
[36m(MegatronTrainRayActor pid=41865)[0m language_model.decoder.layers.17.self_attention.out_proj.weight from model not in state dict, will skip
[36m(MegatronTrainRayActor pid=41865)[0m language_model.decoder.layers.17.mlp.linear_fc1.layer_norm_weight from model not in state dict, will skip
[36m(MegatronTrainRayActor pid=41865)[0m language_model.decoder.layers.17.mlp.linear_fc1.weight from model not in state dict, will skip
[36m(MegatronTrainRayActor pid=41865)[0m language_model.decoder.layers.17.mlp.linear_fc1.weight from model not in state dict, will skip
[36m(MegatronTrainRayActor pid=41865)[0m language_model.decoder.layers.17.mlp.linear_fc2.weight from model not in state dict, will skip
[36m(MegatronTrainRayActor pid=41865)[0m language_model.decoder.layers.18.self_attention.dt_bias from model not in state dict, will skip
[36m(MegatronTrainRayActor pid=41865)[0m language_model.decoder.layers.18.self_attention.A_log from model not in state dict, will skip
[36m(MegatronTrainRayActor pid=41865)[0m language_model.decoder.layers.18.self_attention.in_proj.layer_norm_weight from model not in state dict, will skip
[36m(MegatronTrainRayActor pid=41865)[0m language_model.decoder.layers.18.self_attention.in_proj.weight.query from model not in state dict, will skip
[36m(MegatronTrainRayActor pid=41865)[0m language_model.decoder.layers.18.self_attention.in_proj.weight.key from model not in state dict, will skip
[36m(MegatronTrainRayActor pid=41865)[0m language_model.decoder.layers.18.self_attention.in_proj.weight.value from model not in state dict, will skip
[36m(MegatronTrainRayActor pid=41865)[0m language_model.decoder.layers.18.self_attention.in_proj.weight.z from model not in state dict, will skip
[36m(MegatronTrainRayActor pid=41865)[0m language_model.decoder.layers.18.self_attention.in_proj.weight.beta from model not in state dict, will skip
[36m(MegatronTrainRayActor pid=41865)[0m language_model.decoder.layers.18.self_attention.in_proj.weight.alpha from model not in state dict, will skip
[36m(MegatronTrainRayActor pid=41865)[0m language_model.decoder.layers.18.self_attention.conv1d.weight.query from model not in state dict, will skip
[36m(MegatronTrainRayActor pid=41865)[0m language_model.decoder.layers.18.self_attention.conv1d.weight.key from model not in state dict, will skip
[36m(MegatronTrainRayActor pid=41865)[0m language_model.decoder.layers.18.self_attention.conv1d.weight.value from model not in state dict, will skip
[36m(MegatronTrainRayActor pid=41865)[0m language_model.decoder.layers.18.self_attention.out_norm.weight from model not in state dict, will skip
[36m(MegatronTrainRayActor pid=41865)[0m language_model.decoder.layers.18.self_attention.out_proj.weight from model not in state dict, will skip
[36m(MegatronTrainRayActor pid=41865)[0m language_model.decoder.layers.18.mlp.linear_fc1.layer_norm_weight from model not in state dict, will skip
[36m(MegatronTrainRayActor pid=41865)[0m language_model.decoder.layers.18.mlp.linear_fc1.weight from model not in state dict, will skip
[36m(MegatronTrainRayActor pid=41865)[0m language_model.decoder.layers.18.mlp.linear_fc1.weight from model not in state dict, will skip
[36m(MegatronTrainRayActor pid=41865)[0m language_model.decoder.layers.18.mlp.linear_fc2.weight from model not in state dict, will skip
[36m(MegatronTrainRayActor pid=41865)[0m language_model.decoder.layers.19.self_attention.linear_proj.weight from model not in state dict, will skip
[36m(MegatronTrainRayActor pid=41865)[0m language_model.decoder.layers.19.self_attention.linear_qkv.layer_norm_weight from model not in state dict, will skip
[36m(MegatronTrainRayActor pid=41865)[0m language_model.decoder.layers.19.self_attention.linear_qkv.weight from model not in state dict, will skip
[36m(MegatronTrainRayActor pid=41865)[0m language_model.decoder.layers.19.self_attention.q_layernorm.weight from model not in state dict, will skip
[36m(MegatronTrainRayActor pid=41865)[0m language_model.decoder.layers.19.self_attention.k_layernorm.weight from model not in state dict, will skip
[36m(MegatronTrainRayActor pid=41865)[0m language_model.decoder.layers.19.mlp.linear_fc1.layer_norm_weight from model not in state dict, will skip
[36m(MegatronTrainRayActor pid=41865)[0m language_model.decoder.layers.19.mlp.linear_fc1.weight from model not in state dict, will skip
[36m(MegatronTrainRayActor pid=41865)[0m language_model.decoder.layers.19.mlp.linear_fc1.weight from model not in state dict, will skip
[36m(MegatronTrainRayActor pid=41865)[0m language_model.decoder.layers.19.mlp.linear_fc2.weight from model not in state dict, will skip
[36m(MegatronTrainRayActor pid=41865)[0m language_model.decoder.layers.20.self_attention.dt_bias from model not in state dict, will skip
[36m(MegatronTrainRayActor pid=41865)[0m language_model.decoder.layers.20.self_attention.A_log from model not in state dict, will skip
[36m(MegatronTrainRayActor pid=41865)[0m language_model.decoder.layers.20.self_attention.in_proj.layer_norm_weight from model not in state dict, will skip
[36m(MegatronTrainRayActor pid=41865)[0m language_model.decoder.layers.20.self_attention.in_proj.weight.query from model not in state dict, will skip
[36m(MegatronTrainRayActor pid=41865)[0m language_model.decoder.layers.20.self_attention.in_proj.weight.key from model not in state dict, will skip
[36m(MegatronTrainRayActor pid=41865)[0m language_model.decoder.layers.20.self_attention.in_proj.weight.value from model not in state dict, will skip
[36m(MegatronTrainRayActor pid=41865)[0m language_model.decoder.layers.20.self_attention.in_proj.weight.z from model not in state dict, will skip
[36m(MegatronTrainRayActor pid=41865)[0m language_model.decoder.layers.20.self_attention.in_proj.weight.beta from model not in state dict, will skip
[36m(MegatronTrainRayActor pid=41865)[0m language_model.decoder.layers.20.self_attention.in_proj.weight.alpha from model not in state dict, will skip
[36m(MegatronTrainRayActor pid=41865)[0m language_model.decoder.layers.20.self_attention.conv1d.weight.query from model not in state dict, will skip
[36m(MegatronTrainRayActor pid=41865)[0m language_model.decoder.layers.20.self_attention.conv1d.weight.key from model not in state dict, will skip
[36m(MegatronTrainRayActor pid=41865)[0m language_model.decoder.layers.20.self_attention.conv1d.weight.value from model not in state dict, will skip
[36m(MegatronTrainRayActor pid=41865)[0m language_model.decoder.layers.20.self_attention.out_norm.weight from model not in state dict, will skip
[36m(MegatronTrainRayActor pid=41865)[0m language_model.decoder.layers.20.self_attention.out_proj.weight from model not in state dict, will skip
[36m(MegatronTrainRayActor pid=41865)[0m language_model.decoder.layers.20.mlp.linear_fc1.layer_norm_weight from model not in state dict, will skip
[36m(MegatronTrainRayActor pid=41865)[0m language_model.decoder.layers.20.mlp.linear_fc1.weight from model not in state dict, will skip
[36m(MegatronTrainRayActor pid=41865)[0m language_model.decoder.layers.20.mlp.linear_fc1.weight from model not in state dict, will skip
[36m(MegatronTrainRayActor pid=41865)[0m language_model.decoder.layers.20.mlp.linear_fc2.weight from model not in state dict, will skip
[36m(MegatronTrainRayActor pid=41865)[0m language_model.decoder.layers.21.self_attention.dt_bias from model not in state dict, will skip
[36m(MegatronTrainRayActor pid=41865)[0m language_model.decoder.layers.21.self_attention.A_log from model not in state dict, will skip
[36m(MegatronTrainRayActor pid=41865)[0m language_model.decoder.layers.21.self_attention.in_proj.layer_norm_weight from model not in state dict, will skip
[36m(MegatronTrainRayActor pid=41865)[0m language_model.decoder.layers.21.self_attention.in_proj.weight.query from model not in state dict, will skip
[36m(MegatronTrainRayActor pid=41865)[0m language_model.decoder.layers.21.self_attention.in_proj.weight.key from model not in state dict, will skip
[36m(MegatronTrainRayActor pid=41865)[0m language_model.decoder.layers.21.self_attention.in_proj.weight.value from model not in state dict, will skip
[36m(MegatronTrainRayActor pid=41865)[0m language_model.decoder.layers.21.self_attention.in_proj.weight.z from model not in state dict, will skip
[36m(MegatronTrainRayActor pid=41865)[0m language_model.decoder.layers.21.self_attention.in_proj.weight.beta from model not in state dict, will skip
[36m(MegatronTrainRayActor pid=41865)[0m language_model.decoder.layers.21.self_attention.in_proj.weight.alpha from model not in state dict, will skip
[36m(MegatronTrainRayActor pid=41865)[0m language_model.decoder.layers.21.self_attention.conv1d.weight.query from model not in state dict, will skip
[36m(MegatronTrainRayActor pid=41865)[0m language_model.decoder.layers.21.self_attention.conv1d.weight.key from model not in state dict, will skip
[36m(MegatronTrainRayActor pid=41865)[0m language_model.decoder.layers.21.self_attention.conv1d.weight.value from model not in state dict, will skip
[36m(MegatronTrainRayActor pid=41865)[0m language_model.decoder.layers.21.self_attention.out_norm.weight from model not in state dict, will skip
[36m(MegatronTrainRayActor pid=41865)[0m language_model.decoder.layers.21.self_attention.out_proj.weight from model not in state dict, will skip
[36m(MegatronTrainRayActor pid=41865)[0m language_model.decoder.layers.21.mlp.linear_fc1.layer_norm_weight from model not in state dict, will skip
[36m(MegatronTrainRayActor pid=41865)[0m language_model.decoder.layers.21.mlp.linear_fc1.weight from model not in state dict, will skip
[36m(MegatronTrainRayActor pid=41865)[0m language_model.decoder.layers.21.mlp.linear_fc1.weight from model not in state dict, will skip
[36m(MegatronTrainRayActor pid=41865)[0m language_model.decoder.layers.21.mlp.linear_fc2.weight from model not in state dict, will skip
[36m(MegatronTrainRayActor pid=41865)[0m language_model.decoder.layers.22.self_attention.dt_bias from model not in state dict, will skip
[36m(MegatronTrainRayActor pid=41865)[0m language_model.decoder.layers.22.self_attention.A_log from model not in state dict, will skip
[36m(MegatronTrainRayActor pid=41865)[0m language_model.decoder.layers.22.self_attention.in_proj.layer_norm_weight from model not in state dict, will skip
[36m(MegatronTrainRayActor pid=41865)[0m language_model.decoder.layers.22.self_attention.in_proj.weight.query from model not in state dict, will skip
[36m(MegatronTrainRayActor pid=41865)[0m language_model.decoder.layers.22.self_attention.in_proj.weight.key from model not in state dict, will skip
[36m(MegatronTrainRayActor pid=41865)[0m language_model.decoder.layers.22.self_attention.in_proj.weight.value from model not in state dict, will skip
[36m(MegatronTrainRayActor pid=41865)[0m language_model.decoder.layers.22.self_attention.in_proj.weight.z from model not in state dict, will skip
[36m(MegatronTrainRayActor pid=41865)[0m language_model.decoder.layers.22.self_attention.in_proj.weight.beta from model not in state dict, will skip
[36m(MegatronTrainRayActor pid=41865)[0m language_model.decoder.layers.22.self_attention.in_proj.weight.alpha from model not in state dict, will skip
[36m(MegatronTrainRayActor pid=41865)[0m language_model.decoder.layers.22.self_attention.conv1d.weight.query from model not in state dict, will skip
[36m(MegatronTrainRayActor pid=41865)[0m language_model.decoder.layers.22.self_attention.conv1d.weight.key from model not in state dict, will skip
[36m(MegatronTrainRayActor pid=41865)[0m language_model.decoder.layers.22.self_attention.conv1d.weight.value from model not in state dict, will skip
[36m(MegatronTrainRayActor pid=41865)[0m language_model.decoder.layers.22.self_attention.out_norm.weight from model not in state dict, will skip
[36m(MegatronTrainRayActor pid=41865)[0m language_model.decoder.layers.22.self_attention.out_proj.weight from model not in state dict, will skip
[36m(MegatronTrainRayActor pid=41865)[0m language_model.decoder.layers.22.mlp.linear_fc1.layer_norm_weight from model not in state dict, will skip
[36m(MegatronTrainRayActor pid=41865)[0m language_model.decoder.layers.22.mlp.linear_fc1.weight from model not in state dict, will skip
[36m(MegatronTrainRayActor pid=41865)[0m language_model.decoder.layers.22.mlp.linear_fc1.weight from model not in state dict, will skip
[36m(MegatronTrainRayActor pid=41865)[0m language_model.decoder.layers.22.mlp.linear_fc2.weight from model not in state dict, will skip
[36m(MegatronTrainRayActor pid=41865)[0m language_model.decoder.layers.23.self_attention.linear_proj.weight from model not in state dict, will skip
[36m(MegatronTrainRayActor pid=41865)[0m language_model.decoder.layers.23.self_attention.linear_qkv.layer_norm_weight from model not in state dict, will skip
[36m(MegatronTrainRayActor pid=41865)[0m language_model.decoder.layers.23.self_attention.linear_qkv.weight from model not in state dict, will skip
[36m(MegatronTrainRayActor pid=41865)[0m language_model.decoder.layers.23.self_attention.q_layernorm.weight from model not in state dict, will skip
[36m(MegatronTrainRayActor pid=41865)[0m language_model.decoder.layers.23.self_attention.k_layernorm.weight from model not in state dict, will skip
[36m(MegatronTrainRayActor pid=41865)[0m language_model.decoder.layers.23.mlp.linear_fc1.layer_norm_weight from model not in state dict, will skip
[36m(MegatronTrainRayActor pid=41865)[0m language_model.decoder.layers.23.mlp.linear_fc1.weight from model not in state dict, will skip
[36m(MegatronTrainRayActor pid=41865)[0m language_model.decoder.layers.23.mlp.linear_fc1.weight from model not in state dict, will skip
[36m(MegatronTrainRayActor pid=41865)[0m language_model.decoder.layers.23.mlp.linear_fc2.weight from model not in state dict, will skip
[36m(MegatronTrainRayActor pid=41865)[0m language_model.decoder.layers.24.self_attention.dt_bias from model not in state dict, will skip
[36m(MegatronTrainRayActor pid=41865)[0m language_model.decoder.layers.24.self_attention.A_log from model not in state dict, will skip
[36m(MegatronTrainRayActor pid=41865)[0m language_model.decoder.layers.24.self_attention.in_proj.layer_norm_weight from model not in state dict, will skip
[36m(MegatronTrainRayActor pid=41865)[0m language_model.decoder.layers.24.self_attention.in_proj.weight.query from model not in state dict, will skip
[36m(MegatronTrainRayActor pid=41865)[0m language_model.decoder.layers.24.self_attention.in_proj.weight.key from model not in state dict, will skip
[36m(MegatronTrainRayActor pid=41865)[0m language_model.decoder.layers.24.self_attention.in_proj.weight.value from model not in state dict, will skip
[36m(MegatronTrainRayActor pid=41865)[0m language_model.decoder.layers.24.self_attention.in_proj.weight.z from model not in state dict, will skip
[36m(MegatronTrainRayActor pid=41865)[0m language_model.decoder.layers.24.self_attention.in_proj.weight.beta from model not in state dict, will skip
[36m(MegatronTrainRayActor pid=41865)[0m language_model.decoder.layers.24.self_attention.in_proj.weight.alpha from model not in state dict, will skip
[36m(MegatronTrainRayActor pid=41865)[0m language_model.decoder.layers.24.self_attention.conv1d.weight.query from model not in state dict, will skip
[36m(MegatronTrainRayActor pid=41865)[0m language_model.decoder.layers.24.self_attention.conv1d.weight.key from model not in state dict, will skip
[36m(MegatronTrainRayActor pid=41865)[0m language_model.decoder.layers.24.self_attention.conv1d.weight.value from model not in state dict, will skip
[36m(MegatronTrainRayActor pid=41865)[0m language_model.decoder.layers.24.self_attention.out_norm.weight from model not in state dict, will skip
[36m(MegatronTrainRayActor pid=41865)[0m language_model.decoder.layers.24.self_attention.out_proj.weight from model not in state dict, will skip
[36m(MegatronTrainRayActor pid=41865)[0m language_model.decoder.layers.24.mlp.linear_fc1.layer_norm_weight from model not in state dict, will skip
[36m(MegatronTrainRayActor pid=41865)[0m language_model.decoder.layers.24.mlp.linear_fc1.weight from model not in state dict, will skip
[36m(MegatronTrainRayActor pid=41865)[0m language_model.decoder.layers.24.mlp.linear_fc1.weight from model not in state dict, will skip
[36m(MegatronTrainRayActor pid=41865)[0m language_model.decoder.layers.24.mlp.linear_fc2.weight from model not in state dict, will skip
[36m(MegatronTrainRayActor pid=41865)[0m language_model.decoder.layers.25.self_attention.dt_bias from model not in state dict, will skip
[36m(MegatronTrainRayActor pid=41865)[0m language_model.decoder.layers.25.self_attention.A_log from model not in state dict, will skip
[36m(MegatronTrainRayActor pid=41865)[0m language_model.decoder.layers.25.self_attention.in_proj.layer_norm_weight from model not in state dict, will skip
[36m(MegatronTrainRayActor pid=41865)[0m language_model.decoder.layers.25.self_attention.in_proj.weight.query from model not in state dict, will skip
[36m(MegatronTrainRayActor pid=41865)[0m language_model.decoder.layers.25.self_attention.in_proj.weight.key from model not in state dict, will skip
[36m(MegatronTrainRayActor pid=41865)[0m language_model.decoder.layers.25.self_attention.in_proj.weight.value from model not in state dict, will skip
[36m(MegatronTrainRayActor pid=41865)[0m language_model.decoder.layers.25.self_attention.in_proj.weight.z from model not in state dict, will skip
[36m(MegatronTrainRayActor pid=41865)[0m language_model.decoder.layers.25.self_attention.in_proj.weight.beta from model not in state dict, will skip
[36m(MegatronTrainRayActor pid=41865)[0m language_model.decoder.layers.25.self_attention.in_proj.weight.alpha from model not in state dict, will skip
[36m(MegatronTrainRayActor pid=41865)[0m language_model.decoder.layers.25.self_attention.conv1d.weight.query from model not in state dict, will skip
[36m(MegatronTrainRayActor pid=41865)[0m language_model.decoder.layers.25.self_attention.conv1d.weight.key from model not in state dict, will skip
[36m(MegatronTrainRayActor pid=41865)[0m language_model.decoder.layers.25.self_attention.conv1d.weight.value from model not in state dict, will skip
[36m(MegatronTrainRayActor pid=41865)[0m language_model.decoder.layers.25.self_attention.out_norm.weight from model not in state dict, will skip
[36m(MegatronTrainRayActor pid=41865)[0m language_model.decoder.layers.25.self_attention.out_proj.weight from model not in state dict, will skip
[36m(MegatronTrainRayActor pid=41865)[0m language_model.decoder.layers.25.mlp.linear_fc1.layer_norm_weight from model not in state dict, will skip
[36m(MegatronTrainRayActor pid=41865)[0m language_model.decoder.layers.25.mlp.linear_fc1.weight from model not in state dict, will skip
[36m(MegatronTrainRayActor pid=41865)[0m language_model.decoder.layers.25.mlp.linear_fc1.weight from model not in state dict, will skip
[36m(MegatronTrainRayActor pid=41865)[0m language_model.decoder.layers.25.mlp.linear_fc2.weight from model not in state dict, will skip
[36m(MegatronTrainRayActor pid=41865)[0m language_model.decoder.layers.26.self_attention.dt_bias from model not in state dict, will skip
[36m(MegatronTrainRayActor pid=41865)[0m language_model.decoder.layers.26.self_attention.A_log from model not in state dict, will skip
[36m(MegatronTrainRayActor pid=41865)[0m language_model.decoder.layers.26.self_attention.in_proj.layer_norm_weight from model not in state dict, will skip
[36m(MegatronTrainRayActor pid=41865)[0m language_model.decoder.layers.26.self_attention.in_proj.weight.query from model not in state dict, will skip
[36m(MegatronTrainRayActor pid=41865)[0m language_model.decoder.layers.26.self_attention.in_proj.weight.key from model not in state dict, will skip
[36m(MegatronTrainRayActor pid=41865)[0m language_model.decoder.layers.26.self_attention.in_proj.weight.value from model not in state dict, will skip
[36m(MegatronTrainRayActor pid=41865)[0m language_model.decoder.layers.26.self_attention.in_proj.weight.z from model not in state dict, will skip
[36m(MegatronTrainRayActor pid=41865)[0m language_model.decoder.layers.26.self_attention.in_proj.weight.beta from model not in state dict, will skip
[36m(MegatronTrainRayActor pid=41865)[0m language_model.decoder.layers.26.self_attention.in_proj.weight.alpha from model not in state dict, will skip
[36m(MegatronTrainRayActor pid=41865)[0m language_model.decoder.layers.26.self_attention.conv1d.weight.query from model not in state dict, will skip
[36m(MegatronTrainRayActor pid=41865)[0m language_model.decoder.layers.26.self_attention.conv1d.weight.key from model not in state dict, will skip
[36m(MegatronTrainRayActor pid=41865)[0m language_model.decoder.layers.26.self_attention.conv1d.weight.value from model not in state dict, will skip
[36m(MegatronTrainRayActor pid=41865)[0m language_model.decoder.layers.26.self_attention.out_norm.weight from model not in state dict, will skip
[36m(MegatronTrainRayActor pid=41865)[0m language_model.decoder.layers.26.self_attention.out_proj.weight from model not in state dict, will skip
[36m(MegatronTrainRayActor pid=41865)[0m language_model.decoder.layers.26.mlp.linear_fc1.layer_norm_weight from model not in state dict, will skip
[36m(MegatronTrainRayActor pid=41865)[0m language_model.decoder.layers.26.mlp.linear_fc1.weight from model not in state dict, will skip
[36m(MegatronTrainRayActor pid=41865)[0m language_model.decoder.layers.26.mlp.linear_fc1.weight from model not in state dict, will skip
[36m(MegatronTrainRayActor pid=41865)[0m language_model.decoder.layers.26.mlp.linear_fc2.weight from model not in state dict, will skip
[36m(MegatronTrainRayActor pid=41865)[0m language_model.decoder.layers.27.self_attention.linear_proj.weight from model not in state dict, will skip
[36m(MegatronTrainRayActor pid=41865)[0m language_model.decoder.layers.27.self_attention.linear_qkv.layer_norm_weight from model not in state dict, will skip
[36m(MegatronTrainRayActor pid=41865)[0m language_model.decoder.layers.27.self_attention.linear_qkv.weight from model not in state dict, will skip
[36m(MegatronTrainRayActor pid=41865)[0m language_model.decoder.layers.27.self_attention.q_layernorm.weight from model not in state dict, will skip
[36m(MegatronTrainRayActor pid=41865)[0m language_model.decoder.layers.27.self_attention.k_layernorm.weight from model not in state dict, will skip
[36m(MegatronTrainRayActor pid=41865)[0m language_model.decoder.layers.27.mlp.linear_fc1.layer_norm_weight from model not in state dict, will skip
[36m(MegatronTrainRayActor pid=41865)[0m language_model.decoder.layers.27.mlp.linear_fc1.weight from model not in state dict, will skip
[36m(MegatronTrainRayActor pid=41865)[0m language_model.decoder.layers.27.mlp.linear_fc1.weight from model not in state dict, will skip
[36m(MegatronTrainRayActor pid=41865)[0m language_model.decoder.layers.27.mlp.linear_fc2.weight from model not in state dict, will skip
[36m(MegatronTrainRayActor pid=41865)[0m language_model.decoder.layers.28.self_attention.dt_bias from model not in state dict, will skip
[36m(MegatronTrainRayActor pid=41865)[0m language_model.decoder.layers.28.self_attention.A_log from model not in state dict, will skip
[36m(MegatronTrainRayActor pid=41865)[0m language_model.decoder.layers.28.self_attention.in_proj.layer_norm_weight from model not in state dict, will skip
[36m(MegatronTrainRayActor pid=41865)[0m language_model.decoder.layers.28.self_attention.in_proj.weight.query from model not in state dict, will skip
[36m(MegatronTrainRayActor pid=41865)[0m language_model.decoder.layers.28.self_attention.in_proj.weight.key from model not in state dict, will skip
[36m(MegatronTrainRayActor pid=41865)[0m language_model.decoder.layers.28.self_attention.in_proj.weight.value from model not in state dict, will skip
[36m(MegatronTrainRayActor pid=41865)[0m language_model.decoder.layers.28.self_attention.in_proj.weight.z from model not in state dict, will skip
[36m(MegatronTrainRayActor pid=41865)[0m language_model.decoder.layers.28.self_attention.in_proj.weight.beta from model not in state dict, will skip
[36m(MegatronTrainRayActor pid=41865)[0m language_model.decoder.layers.28.self_attention.in_proj.weight.alpha from model not in state dict, will skip
[36m(MegatronTrainRayActor pid=41865)[0m language_model.decoder.layers.28.self_attention.conv1d.weight.query from model not in state dict, will skip
[36m(MegatronTrainRayActor pid=41865)[0m language_model.decoder.layers.28.self_attention.conv1d.weight.key from model not in state dict, will skip
[36m(MegatronTrainRayActor pid=41865)[0m language_model.decoder.layers.28.self_attention.conv1d.weight.value from model not in state dict, will skip
[36m(MegatronTrainRayActor pid=41865)[0m language_model.decoder.layers.28.self_attention.out_norm.weight from model not in state dict, will skip
[36m(MegatronTrainRayActor pid=41865)[0m language_model.decoder.layers.28.self_attention.out_proj.weight from model not in state dict, will skip
[36m(MegatronTrainRayActor pid=41865)[0m language_model.decoder.layers.28.mlp.linear_fc1.layer_norm_weight from model not in state dict, will skip
[36m(MegatronTrainRayActor pid=41865)[0m language_model.decoder.layers.28.mlp.linear_fc1.weight from model not in state dict, will skip
[36m(MegatronTrainRayActor pid=41865)[0m language_model.decoder.layers.28.mlp.linear_fc1.weight from model not in state dict, will skip
[36m(MegatronTrainRayActor pid=41865)[0m language_model.decoder.layers.28.mlp.linear_fc2.weight from model not in state dict, will skip
[36m(MegatronTrainRayActor pid=41865)[0m language_model.decoder.layers.29.self_attention.dt_bias from model not in state dict, will skip
[36m(MegatronTrainRayActor pid=41865)[0m language_model.decoder.layers.29.self_attention.A_log from model not in state dict, will skip
[36m(MegatronTrainRayActor pid=41865)[0m language_model.decoder.layers.29.self_attention.in_proj.layer_norm_weight from model not in state dict, will skip
[36m(MegatronTrainRayActor pid=41865)[0m language_model.decoder.layers.29.self_attention.in_proj.weight.query from model not in state dict, will skip
[36m(MegatronTrainRayActor pid=41865)[0m language_model.decoder.layers.29.self_attention.in_proj.weight.key from model not in state dict, will skip
[36m(MegatronTrainRayActor pid=41865)[0m language_model.decoder.layers.29.self_attention.in_proj.weight.value from model not in state dict, will skip
[36m(MegatronTrainRayActor pid=41865)[0m language_model.decoder.layers.29.self_attention.in_proj.weight.z from model not in state dict, will skip
[36m(MegatronTrainRayActor pid=41865)[0m language_model.decoder.layers.29.self_attention.in_proj.weight.beta from model not in state dict, will skip
[36m(MegatronTrainRayActor pid=41865)[0m language_model.decoder.layers.29.self_attention.in_proj.weight.alpha from model not in state dict, will skip
[36m(MegatronTrainRayActor pid=41865)[0m language_model.decoder.layers.29.self_attention.conv1d.weight.query from model not in state dict, will skip
[36m(MegatronTrainRayActor pid=41865)[0m language_model.decoder.layers.29.self_attention.conv1d.weight.key from model not in state dict, will skip
[36m(MegatronTrainRayActor pid=41865)[0m language_model.decoder.layers.29.self_attention.conv1d.weight.value from model not in state dict, will skip
[36m(MegatronTrainRayActor pid=41865)[0m language_model.decoder.layers.29.self_attention.out_norm.weight from model not in state dict, will skip
[36m(MegatronTrainRayActor pid=41865)[0m language_model.decoder.layers.29.self_attention.out_proj.weight from model not in state dict, will skip
[36m(MegatronTrainRayActor pid=41865)[0m language_model.decoder.layers.29.mlp.linear_fc1.layer_norm_weight from model not in state dict, will skip
[36m(MegatronTrainRayActor pid=41865)[0m language_model.decoder.layers.29.mlp.linear_fc1.weight from model not in state dict, will skip
[36m(MegatronTrainRayActor pid=41865)[0m language_model.decoder.layers.29.mlp.linear_fc1.weight from model not in state dict, will skip
[36m(MegatronTrainRayActor pid=41865)[0m language_model.decoder.layers.29.mlp.linear_fc2.weight from model not in state dict, will skip
[36m(MegatronTrainRayActor pid=41865)[0m language_model.decoder.layers.30.self_attention.dt_bias from model not in state dict, will skip
[36m(MegatronTrainRayActor pid=41865)[0m language_model.decoder.layers.30.self_attention.A_log from model not in state dict, will skip
[36m(MegatronTrainRayActor pid=41865)[0m language_model.decoder.layers.30.self_attention.in_proj.layer_norm_weight from model not in state dict, will skip
[36m(MegatronTrainRayActor pid=41865)[0m language_model.decoder.layers.30.self_attention.in_proj.weight.query from model not in state dict, will skip
[36m(MegatronTrainRayActor pid=41865)[0m language_model.decoder.layers.30.self_attention.in_proj.weight.key from model not in state dict, will skip
[36m(MegatronTrainRayActor pid=41865)[0m language_model.decoder.layers.30.self_attention.in_proj.weight.value from model not in state dict, will skip
[36m(MegatronTrainRayActor pid=41865)[0m language_model.decoder.layers.30.self_attention.in_proj.weight.z from model not in state dict, will skip
[36m(MegatronTrainRayActor pid=41865)[0m language_model.decoder.layers.30.self_attention.in_proj.weight.beta from model not in state dict, will skip
[36m(MegatronTrainRayActor pid=41865)[0m language_model.decoder.layers.30.self_attention.in_proj.weight.alpha from model not in state dict, will skip
[36m(MegatronTrainRayActor pid=41865)[0m language_model.decoder.layers.30.self_attention.conv1d.weight.query from model not in state dict, will skip
[36m(MegatronTrainRayActor pid=41865)[0m language_model.decoder.layers.30.self_attention.conv1d.weight.key from model not in state dict, will skip
[36m(MegatronTrainRayActor pid=41865)[0m language_model.decoder.layers.30.self_attention.conv1d.weight.value from model not in state dict, will skip
[36m(MegatronTrainRayActor pid=41865)[0m language_model.decoder.layers.30.self_attention.out_norm.weight from model not in state dict, will skip
[36m(MegatronTrainRayActor pid=41865)[0m language_model.decoder.layers.30.self_attention.out_proj.weight from model not in state dict, will skip
[36m(MegatronTrainRayActor pid=41865)[0m language_model.decoder.layers.30.mlp.linear_fc1.layer_norm_weight from model not in state dict, will skip
[36m(MegatronTrainRayActor pid=41865)[0m language_model.decoder.layers.30.mlp.linear_fc1.weight from model not in state dict, will skip
[36m(MegatronTrainRayActor pid=41865)[0m language_model.decoder.layers.30.mlp.linear_fc1.weight from model not in state dict, will skip
[36m(MegatronTrainRayActor pid=41865)[0m language_model.decoder.layers.30.mlp.linear_fc2.weight from model not in state dict, will skip
[36m(MegatronTrainRayActor pid=41865)[0m language_model.decoder.layers.31.self_attention.linear_proj.weight from model not in state dict, will skip
[36m(MegatronTrainRayActor pid=41865)[0m language_model.decoder.layers.31.self_attention.linear_qkv.layer_norm_weight from model not in state dict, will skip
[36m(MegatronTrainRayActor pid=41865)[0m language_model.decoder.layers.31.self_attention.linear_qkv.weight from model not in state dict, will skip
[36m(MegatronTrainRayActor pid=41865)[0m language_model.decoder.layers.31.self_attention.q_layernorm.weight from model not in state dict, will skip
[36m(MegatronTrainRayActor pid=41865)[0m language_model.decoder.layers.31.self_attention.k_layernorm.weight from model not in state dict, will skip
[36m(MegatronTrainRayActor pid=41865)[0m language_model.decoder.layers.31.mlp.linear_fc1.layer_norm_weight from model not in state dict, will skip
[36m(MegatronTrainRayActor pid=41865)[0m language_model.decoder.layers.31.mlp.linear_fc1.weight from model not in state dict, will skip
[36m(MegatronTrainRayActor pid=41865)[0m language_model.decoder.layers.31.mlp.linear_fc1.weight from model not in state dict, will skip
[36m(MegatronTrainRayActor pid=41865)[0m language_model.decoder.layers.31.mlp.linear_fc2.weight from model not in state dict, will skip
[36m(MegatronTrainRayActor pid=41865)[0m language_model.decoder.final_layernorm.weight from model not in state dict, will skip
[36m(MegatronTrainRayActor pid=41865)[0m language_model.mtp.layers.0.enorm.weight from model not in state dict, will skip
[36m(MegatronTrainRayActor pid=41865)[0m language_model.mtp.layers.0.hnorm.weight from model not in state dict, will skip
[36m(MegatronTrainRayActor pid=41865)[0m language_model.mtp.layers.0.eh_proj.weight from model not in state dict, will skip
[36m(MegatronTrainRayActor pid=41865)[0m language_model.mtp.layers.0.transformer_layer.self_attention.linear_proj.weight from model not in state dict, will skip
[36m(MegatronTrainRayActor pid=41865)[0m language_model.mtp.layers.0.transformer_layer.self_attention.linear_qkv.layer_norm_weight from model not in state dict, will skip
[36m(MegatronTrainRayActor pid=41865)[0m language_model.mtp.layers.0.transformer_layer.self_attention.linear_qkv.weight from model not in state dict, will skip
[36m(MegatronTrainRayActor pid=41865)[0m language_model.mtp.layers.0.transformer_layer.self_attention.q_layernorm.weight from model not in state dict, will skip
[36m(MegatronTrainRayActor pid=41865)[0m language_model.mtp.layers.0.transformer_layer.self_attention.k_layernorm.weight from model not in state dict, will skip
[36m(MegatronTrainRayActor pid=41865)[0m language_model.mtp.layers.0.transformer_layer.mlp.linear_fc1.layer_norm_weight from model not in state dict, will skip
[36m(MegatronTrainRayActor pid=41865)[0m language_model.mtp.layers.0.transformer_layer.mlp.linear_fc1.weight from model not in state dict, will skip
[36m(MegatronTrainRayActor pid=41865)[0m language_model.mtp.layers.0.transformer_layer.mlp.linear_fc1.weight from model not in state dict, will skip
[36m(MegatronTrainRayActor pid=41865)[0m language_model.mtp.layers.0.transformer_layer.mlp.linear_fc2.weight from model not in state dict, will skip
[36m(MegatronTrainRayActor pid=41865)[0m language_model.mtp.layers.0.final_layernorm.weight from model not in state dict, will skip
[36m(MegatronTrainRayActor pid=41865)[0m  checkpoint version 3.0
[36m(MegatronTrainRayActor pid=41865)[0m   successfully loaded checkpoint from /root/models/Qwen3.5-4B_torch_dist [ t 1/1, p 1/1 ] at iteration 0
[36m(MegatronTrainRayActor pid=41865)[0m /usr/local/lib/python3.12/dist-packages/torch/distributed/checkpoint/planner_helpers.py:489: FutureWarning: Please use DTensor instead and we are deprecating ShardedTensor.
[36m(MegatronTrainRayActor pid=41865)[0m   device = getattr(value, "device", None)
[36m(MegatronTrainRayActor pid=41865)[0m /usr/local/lib/python3.12/dist-packages/torch/distributed/c10d_logger.py:83: UserWarning: barrier(): using the device under current context. You can specify `device_id` in `init_process_group` to mute this warning.
[36m(MegatronTrainRayActor pid=41865)[0m   return func(*args, **kwargs)
[33m(raylet)[0m [2026-08-06 03:40:43,775 E 37762 37786] (raylet) file_system_monitor.cc:116: /tmp/ray/session_2026-08-06_03-34-52_628859_37062 is over 95% full, available space: 0.000881195 GB; capacity: 100 GB. Object creation will fail if spilling is required.
[36m(MegatronTrainRayActor pid=41865)[0m sharded_state_dict metadata loaded from the checkpoint: {'distrib_optim_sharding_type': 'dp_reshardable', 'singleton_local_shards': False, 'chained_optim_avoid_prefix': True}
[36m(MegatronTrainRayActor pid=41865)[0m  loading release distributed checkpoint from /root/models/Qwen3.5-4B_torch_dist
[36m(MegatronTrainRayActor pid=41865)[0m [2026-08-06 03:40:48.123 actor_cell0_rank0] structured_log.py:23 - ft cls=MegatronTrainRayActor fn=load_other_checkpoint phase=start
[36m(MegatronTrainRayActor pid=41865)[0m [2026-08-06 03:40:48.133 actor_cell0_rank0] utils.py:972 - make_tp_sharded_tensor_for_checkpoint received extra kwargs: ['allow_shape_mismatch']
[36m(MegatronTrainRayActor pid=41865)[0m vision_model.patch_embed.proj.weight from model not in state dict, will skip
[36m(MegatronTrainRayActor pid=41865)[0m vision_model.patch_embed.proj.bias from model not in state dict, will skip
[36m(MegatronTrainRayActor pid=41865)[0m vision_model.pos_embed.weight from model not in state dict, will skip
[36m(MegatronTrainRayActor pid=41865)[0m vision_model.decoder.layers.self_attention.linear_proj.weight from model not in state dict, will skip
[36m(MegatronTrainRayActor pid=41865)[0m vision_model.decoder.layers.self_attention.linear_proj.bias from model not in state dict, will skip
[36m(MegatronTrainRayActor pid=41865)[0m vision_model.decoder.layers.self_attention.linear_qkv.layer_norm_weight from model not in state dict, will skip
[36m(MegatronTrainRayActor pid=41865)[0m vision_model.decoder.layers.self_attention.linear_qkv.layer_norm_bias from model not in state dict, will skip
[36m(MegatronTrainRayActor pid=41865)[0m vision_model.decoder.layers.self_attention.linear_qkv.weight from model not in state dict, will skip
[36m(MegatronTrainRayActor pid=41865)[0m vision_model.decoder.layers.self_attention.linear_qkv.bias from model not in state dict, will skip
[36m(MegatronTrainRayActor pid=41865)[0m vision_model.decoder.layers.mlp.linear_fc1.layer_norm_weight from model not in state dict, will skip
[36m(MegatronTrainRayActor pid=41865)[0m vision_model.decoder.layers.mlp.linear_fc1.layer_norm_bias from model not in state dict, will skip
[36m(MegatronTrainRayActor pid=41865)[0m vision_model.decoder.layers.mlp.linear_fc1.weight from model not in state dict, will skip
[36m(MegatronTrainRayActor pid=41865)[0m vision_model.decoder.layers.mlp.linear_fc1.bias from model not in state dict, will skip
[36m(MegatronTrainRayActor pid=41865)[0m vision_model.decoder.layers.mlp.linear_fc2.weight from model not in state dict, will skip
[36m(MegatronTrainRayActor pid=41865)[0m vision_model.decoder.layers.mlp.linear_fc2.bias from model not in state dict, will skip
[36m(MegatronTrainRayActor pid=41865)[0m vision_model.decoder.layers.self_attention.linear_proj.weight from model not in state dict, will skip
[36m(MegatronTrainRayActor pid=41865)[0m vision_model.decoder.layers.self_attention.linear_proj.bias from model not in state dict, will skip
[36m(MegatronTrainRayActor pid=41865)[0m vision_model.decoder.layers.self_attention.linear_qkv.layer_norm_weight from model not in state dict, will skip
[36m(MegatronTrainRayActor pid=41865)[0m vision_model.decoder.layers.self_attention.linear_qkv.layer_norm_bias from model not in state dict, will skip
[36m(MegatronTrainRayActor pid=41865)[0m vision_model.decoder.layers.self_attention.linear_qkv.weight from model not in state dict, will skip
[36m(MegatronTrainRayActor pid=41865)[0m vision_model.decoder.layers.self_attention.linear_qkv.bias from model not in state dict, will skip
[36m(MegatronTrainRayActor pid=41865)[0m vision_model.decoder.layers.mlp.linear_fc1.layer_norm_weight from model not in state dict, will skip
[36m(MegatronTrainRayActor pid=41865)[0m vision_model.decoder.layers.mlp.linear_fc1.layer_norm_bias from model not in state dict, will skip
[36m(MegatronTrainRayActor pid=41865)[0m vision_model.decoder.layers.mlp.linear_fc1.weight from model not in state dict, will skip
[36m(MegatronTrainRayActor pid=41865)[0m vision_model.decoder.layers.mlp.linear_fc1.bias from model not in state dict, will skip
[36m(MegatronTrainRayActor pid=41865)[0m vision_model.decoder.layers.mlp.linear_fc2.weight from model not in state dict, will skip
[36m(MegatronTrainRayActor pid=41865)[0m vision_model.decoder.layers.mlp.linear_fc2.bias from model not in state dict, will skip
[36m(MegatronTrainRayActor pid=41865)[0m vision_model.decoder.layers.self_attention.linear_proj.weight from model not in state dict, will skip
[36m(MegatronTrainRayActor pid=41865)[0m vision_model.decoder.layers.self_attention.linear_proj.bias from model not in state dict, will skip
[36m(MegatronTrainRayActor pid=41865)[0m vision_model.decoder.layers.self_attention.linear_qkv.layer_norm_weight from model not in state dict, will skip
[36m(MegatronTrainRayActor pid=41865)[0m vision_model.decoder.layers.self_attention.linear_qkv.layer_norm_bias from model not in state dict, will skip
[36m(MegatronTrainRayActor pid=41865)[0m vision_model.decoder.layers.self_attention.linear_qkv.weight from model not in state dict, will skip
[36m(MegatronTrainRayActor pid=41865)[0m vision_model.decoder.layers.self_attention.linear_qkv.bias from model not in state dict, will skip
[36m(MegatronTrainRayActor pid=41865)[0m vision_model.decoder.layers.mlp.linear_fc1.layer_norm_weight from model not in state dict, will skip
[36m(MegatronTrainRayActor pid=41865)[0m vision_model.decoder.layers.mlp.linear_fc1.layer_norm_bias from model not in state dict, will skip
[36m(MegatronTrainRayActor pid=41865)[0m vision_model.decoder.layers.mlp.linear_fc1.weight from model not in state dict, will skip
[36m(MegatronTrainRayActor pid=41865)[0m vision_model.decoder.layers.mlp.linear_fc1.bias from model not in state dict, will skip
[36m(MegatronTrainRayActor pid=41865)[0m vision_model.decoder.layers.mlp.linear_fc2.weight from model not in state dict, will skip
[36m(MegatronTrainRayActor pid=41865)[0m vision_model.decoder.layers.mlp.linear_fc2.bias from model not in state dict, will skip
[36m(MegatronTrainRayActor pid=41865)[0m vision_model.decoder.layers.self_attention.linear_proj.weight from model not in state dict, will skip
[36m(MegatronTrainRayActor pid=41865)[0m vision_model.decoder.layers.self_attention.linear_proj.bias from model not in state dict, will skip
[36m(MegatronTrainRayActor pid=41865)[0m vision_model.decoder.layers.self_attention.linear_qkv.layer_norm_weight from model not in state dict, will skip
[36m(MegatronTrainRayActor pid=41865)[0m vision_model.decoder.layers.self_attention.linear_qkv.layer_norm_bias from model not in state dict, will skip
[36m(MegatronTrainRayActor pid=41865)[0m vision_model.decoder.layers.self_attention.linear_qkv.weight from model not in state dict, will skip
[36m(MegatronTrainRayActor pid=41865)[0m vision_model.decoder.layers.self_attention.linear_qkv.bias from model not in state dict, will skip
[36m(MegatronTrainRayActor pid=41865)[0m vision_model.decoder.layers.mlp.linear_fc1.layer_norm_weight from model not in state dict, will skip
[36m(MegatronTrainRayActor pid=41865)[0m vision_model.decoder.layers.mlp.linear_fc1.layer_norm_bias from model not in state dict, will skip
[36m(MegatronTrainRayActor pid=41865)[0m vision_model.decoder.layers.mlp.linear_fc1.weight from model not in state dict, will skip
[36m(MegatronTrainRayActor pid=41865)[0m vision_model.decoder.layers.mlp.linear_fc1.bias from model not in state dict, will skip
[36m(MegatronTrainRayActor pid=41865)[0m vision_model.decoder.layers.mlp.linear_fc2.weight from model not in state dict, will skip
[36m(MegatronTrainRayActor pid=41865)[0m vision_model.decoder.layers.mlp.linear_fc2.bias from model not in state dict, will skip
[36m(MegatronTrainRayActor pid=41865)[0m vision_model.decoder.layers.self_attention.linear_proj.weight from model not in state dict, will skip
[36m(MegatronTrainRayActor pid=41865)[0m vision_model.decoder.layers.self_attention.linear_proj.bias from model not in state dict, will skip
[36m(MegatronTrainRayActor pid=41865)[0m vision_model.decoder.layers.self_attention.linear_qkv.layer_norm_weight from model not in state dict, will skip
[36m(MegatronTrainRayActor pid=41865)[0m vision_model.decoder.layers.self_attention.linear_qkv.layer_norm_bias from model not in state dict, will skip
[36m(MegatronTrainRayActor pid=41865)[0m vision_model.decoder.layers.self_attention.linear_qkv.weight from model not in state dict, will skip
[36m(MegatronTrainRayActor pid=41865)[0m vision_model.decoder.layers.self_attention.linear_qkv.bias from model not in state dict, will skip
[36m(MegatronTrainRayActor pid=41865)[0m vision_model.decoder.layers.mlp.linear_fc1.layer_norm_weight from model not in state dict, will skip
[36m(MegatronTrainRayActor pid=41865)[0m vision_model.decoder.layers.mlp.linear_fc1.layer_norm_bias from model not in state dict, will skip
[36m(MegatronTrainRayActor pid=41865)[0m vision_model.decoder.layers.mlp.linear_fc1.weight from model not in state dict, will skip
[36m(MegatronTrainRayActor pid=41865)[0m vision_model.decoder.layers.mlp.linear_fc1.bias from model not in state dict, will skip
[36m(MegatronTrainRayActor pid=41865)[0m vision_model.decoder.layers.mlp.linear_fc2.weight from model not in state dict, will skip
[36m(MegatronTrainRayActor pid=41865)[0m vision_model.decoder.layers.mlp.linear_fc2.bias from model not in state dict, will skip
[36m(MegatronTrainRayActor pid=41865)[0m vision_model.decoder.layers.self_attention.linear_proj.weight from model not in state dict, will skip
[36m(MegatronTrainRayActor pid=41865)[0m vision_model.decoder.layers.self_attention.linear_proj.bias from model not in state dict, will skip
[36m(MegatronTrainRayActor pid=41865)[0m vision_model.decoder.layers.self_attention.linear_qkv.layer_norm_weight from model not in state dict, will skip
[36m(MegatronTrainRayActor pid=41865)[0m vision_model.decoder.layers.self_attention.linear_qkv.layer_norm_bias from model not in state dict, will skip
[36m(MegatronTrainRayActor pid=41865)[0m vision_model.decoder.layers.self_attention.linear_qkv.weight from model not in state dict, will skip
[36m(MegatronTrainRayActor pid=41865)[0m vision_model.decoder.layers.self_attention.linear_qkv.bias from model not in state dict, will skip
[36m(MegatronTrainRayActor pid=41865)[0m vision_model.decoder.layers.mlp.linear_fc1.layer_norm_weight from model not in state dict, will skip
[36m(MegatronTrainRayActor pid=41865)[0m vision_model.decoder.layers.mlp.linear_fc1.layer_norm_bias from model not in state dict, will skip
[36m(MegatronTrainRayActor pid=41865)[0m vision_model.decoder.layers.mlp.linear_fc1.weight from model not in state dict, will skip
[36m(MegatronTrainRayActor pid=41865)[0m vision_model.decoder.layers.mlp.linear_fc1.bias from model not in state dict, will skip
[36m(MegatronTrainRayActor pid=41865)[0m vision_model.decoder.layers.mlp.linear_fc2.weight from model not in state dict, will skip
[36m(MegatronTrainRayActor pid=41865)[0m vision_model.decoder.layers.mlp.linear_fc2.bias from model not in state dict, will skip
[36m(MegatronTrainRayActor pid=41865)[0m vision_model.decoder.layers.self_attention.linear_proj.weight from model not in state dict, will skip
[36m(MegatronTrainRayActor pid=41865)[0m vision_model.decoder.layers.self_attention.linear_proj.bias from model not in state dict, will skip
[36m(MegatronTrainRayActor pid=41865)[0m vision_model.decoder.layers.self_attention.linear_qkv.layer_norm_weight from model not in state dict, will skip
[36m(MegatronTrainRayActor pid=41865)[0m vision_model.decoder.layers.self_attention.linear_qkv.layer_norm_bias from model not in state dict, will skip
[36m(MegatronTrainRayActor pid=41865)[0m vision_model.decoder.layers.self_attention.linear_qkv.weight from model not in state dict, will skip
[36m(MegatronTrainRayActor pid=41865)[0m vision_model.decoder.layers.self_attention.linear_qkv.bias from model not in state dict, will skip
[36m(MegatronTrainRayActor pid=41865)[0m vision_model.decoder.layers.mlp.linear_fc1.layer_norm_weight from model not in state dict, will skip
[36m(MegatronTrainRayActor pid=41865)[0m vision_model.decoder.layers.mlp.linear_fc1.layer_norm_bias from model not in state dict, will skip
[36m(MegatronTrainRayActor pid=41865)[0m vision_model.decoder.layers.mlp.linear_fc1.weight from model not in state dict, will skip
[36m(MegatronTrainRayActor pid=41865)[0m vision_model.decoder.layers.mlp.linear_fc1.bias from model not in state dict, will skip
[36m(MegatronTrainRayActor pid=41865)[0m vision_model.decoder.layers.mlp.linear_fc2.weight from model not in state dict, will skip
[36m(MegatronTrainRayActor pid=41865)[0m vision_model.decoder.layers.mlp.linear_fc2.bias from model not in state dict, will skip
[36m(MegatronTrainRayActor pid=41865)[0m vision_model.decoder.layers.self_attention.linear_proj.weight from model not in state dict, will skip
[36m(MegatronTrainRayActor pid=41865)[0m vision_model.decoder.layers.self_attention.linear_proj.bias from model not in state dict, will skip
[36m(MegatronTrainRayActor pid=41865)[0m vision_model.decoder.layers.self_attention.linear_qkv.layer_norm_weight from model not in state dict, will skip
[36m(MegatronTrainRayActor pid=41865)[0m vision_model.decoder.layers.self_attention.linear_qkv.layer_norm_bias from model not in state dict, will skip
[36m(MegatronTrainRayActor pid=41865)[0m vision_model.decoder.layers.self_attention.linear_qkv.weight from model not in state dict, will skip
[36m(MegatronTrainRayActor pid=41865)[0m vision_model.decoder.layers.self_attention.linear_qkv.bias from model not in state dict, will skip
[36m(MegatronTrainRayActor pid=41865)[0m vision_model.decoder.layers.mlp.linear_fc1.layer_norm_weight from model not in state dict, will skip
[36m(MegatronTrainRayActor pid=41865)[0m vision_model.decoder.layers.mlp.linear_fc1.layer_norm_bias from model not in state dict, will skip
[36m(MegatronTrainRayActor pid=41865)[0m vision_model.decoder.layers.mlp.linear_fc1.weight from model not in state dict, will skip
[36m(MegatronTrainRayActor pid=41865)[0m vision_model.decoder.layers.mlp.linear_fc1.bias from model not in state dict, will skip
[36m(MegatronTrainRayActor pid=41865)[0m vision_model.decoder.layers.mlp.linear_fc2.weight from model not in state dict, will skip
[36m(MegatronTrainRayActor pid=41865)[0m vision_model.decoder.layers.mlp.linear_fc2.bias from model not in state dict, will skip
[36m(MegatronTrainRayActor pid=41865)[0m vision_model.decoder.layers.self_attention.linear_proj.weight from model not in state dict, will skip
[36m(MegatronTrainRayActor pid=41865)[0m vision_model.decoder.layers.self_attention.linear_proj.bias from model not in state dict, will skip
[36m(MegatronTrainRayActor pid=41865)[0m vision_model.decoder.layers.self_attention.linear_qkv.layer_norm_weight from model not in state dict, will skip
[36m(MegatronTrainRayActor pid=41865)[0m vision_model.decoder.layers.self_attention.linear_qkv.layer_norm_bias from model not in state dict, will skip
[36m(MegatronTrainRayActor pid=41865)[0m vision_model.decoder.layers.self_attention.linear_qkv.weight from model not in state dict, will skip
[36m(MegatronTrainRayActor pid=41865)[0m vision_model.decoder.layers.self_attention.linear_qkv.bias from model not in state dict, will skip
[36m(MegatronTrainRayActor pid=41865)[0m vision_model.decoder.layers.mlp.linear_fc1.layer_norm_weight from model not in state dict, will skip
[36m(MegatronTrainRayActor pid=41865)[0m vision_model.decoder.layers.mlp.linear_fc1.layer_norm_bias from model not in state dict, will skip
[36m(MegatronTrainRayActor pid=41865)[0m vision_model.decoder.layers.mlp.linear_fc1.weight from model not in state dict, will skip
[36m(MegatronTrainRayActor pid=41865)[0m vision_model.decoder.layers.mlp.linear_fc1.bias from model not in state dict, will skip
[36m(MegatronTrainRayActor pid=41865)[0m vision_model.decoder.layers.mlp.linear_fc2.weight from model not in state dict, will skip
[36m(MegatronTrainRayActor pid=41865)[0m vision_model.decoder.layers.mlp.linear_fc2.bias from model not in state dict, will skip
[36m(MegatronTrainRayActor pid=41865)[0m vision_model.decoder.layers.self_attention.linear_proj.weight from model not in state dict, will skip
[36m(MegatronTrainRayActor pid=41865)[0m vision_model.decoder.layers.self_attention.linear_proj.bias from model not in state dict, will skip
[36m(MegatronTrainRayActor pid=41865)[0m vision_model.decoder.layers.self_attention.linear_qkv.layer_norm_weight from model not in state dict, will skip
[36m(MegatronTrainRayActor pid=41865)[0m vision_model.decoder.layers.self_attention.linear_qkv.layer_norm_bias from model not in state dict, will skip
[36m(MegatronTrainRayActor pid=41865)[0m vision_model.decoder.layers.self_attention.linear_qkv.weight from model not in state dict, will skip
[36m(MegatronTrainRayActor pid=41865)[0m vision_model.decoder.layers.self_attention.linear_qkv.bias from model not in state dict, will skip
[36m(MegatronTrainRayActor pid=41865)[0m vision_model.decoder.layers.mlp.linear_fc1.layer_norm_weight from model not in state dict, will skip
[36m(MegatronTrainRayActor pid=41865)[0m vision_model.decoder.layers.mlp.linear_fc1.layer_norm_bias from model not in state dict, will skip
[36m(MegatronTrainRayActor pid=41865)[0m vision_model.decoder.layers.mlp.linear_fc1.weight from model not in state dict, will skip
[36m(MegatronTrainRayActor pid=41865)[0m vision_model.decoder.layers.mlp.linear_fc1.bias from model not in state dict, will skip
[36m(MegatronTrainRayActor pid=41865)[0m vision_model.decoder.layers.mlp.linear_fc2.weight from model not in state dict, will skip
[36m(MegatronTrainRayActor pid=41865)[0m vision_model.decoder.layers.mlp.linear_fc2.bias from model not in state dict, will skip
[36m(MegatronTrainRayActor pid=41865)[0m vision_model.decoder.layers.self_attention.linear_proj.weight from model not in state dict, will skip
[36m(MegatronTrainRayActor pid=41865)[0m vision_model.decoder.layers.self_attention.linear_proj.bias from model not in state dict, will skip
[36m(MegatronTrainRayActor pid=41865)[0m vision_model.decoder.layers.self_attention.linear_qkv.layer_norm_weight from model not in state dict, will skip
[36m(MegatronTrainRayActor pid=41865)[0m vision_model.decoder.layers.self_attention.linear_qkv.layer_norm_bias from model not in state dict, will skip
[36m(MegatronTrainRayActor pid=41865)[0m vision_model.decoder.layers.self_attention.linear_qkv.weight from model not in state dict, will skip
[36m(MegatronTrainRayActor pid=41865)[0m vision_model.decoder.layers.self_attention.linear_qkv.bias from model not in state dict, will skip
[36m(MegatronTrainRayActor pid=41865)[0m vision_model.decoder.layers.mlp.linear_fc1.layer_norm_weight from model not in state dict, will skip
[36m(MegatronTrainRayActor pid=41865)[0m vision_model.decoder.layers.mlp.linear_fc1.layer_norm_bias from model not in state dict, will skip
[36m(MegatronTrainRayActor pid=41865)[0m vision_model.decoder.layers.mlp.linear_fc1.weight from model not in state dict, will skip
[36m(MegatronTrainRayActor pid=41865)[0m vision_model.decoder.layers.mlp.linear_fc1.bias from model not in state dict, will skip
[36m(MegatronTrainRayActor pid=41865)[0m vision_model.decoder.layers.mlp.linear_fc2.weight from model not in state dict, will skip
[36m(MegatronTrainRayActor pid=41865)[0m vision_model.decoder.layers.mlp.linear_fc2.bias from model not in state dict, will skip
[36m(MegatronTrainRayActor pid=41865)[0m vision_model.decoder.layers.self_attention.linear_proj.weight from model not in state dict, will skip
[36m(MegatronTrainRayActor pid=41865)[0m vision_model.decoder.layers.self_attention.linear_proj.bias from model not in state dict, will skip
[36m(MegatronTrainRayActor pid=41865)[0m vision_model.decoder.layers.self_attention.linear_qkv.layer_norm_weight from model not in state dict, will skip
[36m(MegatronTrainRayActor pid=41865)[0m vision_model.decoder.layers.self_attention.linear_qkv.layer_norm_bias from model not in state dict, will skip
[36m(MegatronTrainRayActor pid=41865)[0m vision_model.decoder.layers.self_attention.linear_qkv.weight from model not in state dict, will skip
[36m(MegatronTrainRayActor pid=41865)[0m vision_model.decoder.layers.self_attention.linear_qkv.bias from model not in state dict, will skip
[36m(MegatronTrainRayActor pid=41865)[0m vision_model.decoder.layers.mlp.linear_fc1.layer_norm_weight from model not in state dict, will skip
[36m(MegatronTrainRayActor pid=41865)[0m vision_model.decoder.layers.mlp.linear_fc1.layer_norm_bias from model not in state dict, will skip
[36m(MegatronTrainRayActor pid=41865)[0m vision_model.decoder.layers.mlp.linear_fc1.weight from model not in state dict, will skip
[36m(MegatronTrainRayActor pid=41865)[0m vision_model.decoder.layers.mlp.linear_fc1.bias from model not in state dict, will skip
[36m(MegatronTrainRayActor pid=41865)[0m vision_model.decoder.layers.mlp.linear_fc2.weight from model not in state dict, will skip
[36m(MegatronTrainRayActor pid=41865)[0m vision_model.decoder.layers.mlp.linear_fc2.bias from model not in state dict, will skip
[36m(MegatronTrainRayActor pid=41865)[0m vision_model.decoder.layers.self_attention.linear_proj.weight from model not in state dict, will skip
[36m(MegatronTrainRayActor pid=41865)[0m vision_model.decoder.layers.self_attention.linear_proj.bias from model not in state dict, will skip
[36m(MegatronTrainRayActor pid=41865)[0m vision_model.decoder.layers.self_attention.linear_qkv.layer_norm_weight from model not in state dict, will skip
[36m(MegatronTrainRayActor pid=41865)[0m vision_model.decoder.layers.self_attention.linear_qkv.layer_norm_bias from model not in state dict, will skip
[36m(MegatronTrainRayActor pid=41865)[0m vision_model.decoder.layers.self_attention.linear_qkv.weight from model not in state dict, will skip
[36m(MegatronTrainRayActor pid=41865)[0m vision_model.decoder.layers.self_attention.linear_qkv.bias from model not in state dict, will skip
[36m(MegatronTrainRayActor pid=41865)[0m vision_model.decoder.layers.mlp.linear_fc1.layer_norm_weight from model not in state dict, will skip
[36m(MegatronTrainRayActor pid=41865)[0m vision_model.decoder.layers.mlp.linear_fc1.layer_norm_bias from model not in state dict, will skip
[36m(MegatronTrainRayActor pid=41865)[0m vision_model.decoder.layers.mlp.linear_fc1.weight from model not in state dict, will skip
[36m(MegatronTrainRayActor pid=41865)[0m vision_model.decoder.layers.mlp.linear_fc1.bias from model not in state dict, will skip
[36m(MegatronTrainRayActor pid=41865)[0m vision_model.decoder.layers.mlp.linear_fc2.weight from model not in state dict, will skip
[36m(MegatronTrainRayActor pid=41865)[0m vision_model.decoder.layers.mlp.linear_fc2.bias from model not in state dict, will skip
[36m(MegatronTrainRayActor pid=41865)[0m vision_model.decoder.layers.self_attention.linear_proj.weight from model not in state dict, will skip
[36m(MegatronTrainRayActor pid=41865)[0m vision_model.decoder.layers.self_attention.linear_proj.bias from model not in state dict, will skip
[36m(MegatronTrainRayActor pid=41865)[0m vision_model.decoder.layers.self_attention.linear_qkv.layer_norm_weight from model not in state dict, will skip
[36m(MegatronTrainRayActor pid=41865)[0m vision_model.decoder.layers.self_attention.linear_qkv.layer_norm_bias from model not in state dict, will skip
[36m(MegatronTrainRayActor pid=41865)[0m vision_model.decoder.layers.self_attention.linear_qkv.weight from model not in state dict, will skip
[36m(MegatronTrainRayActor pid=41865)[0m vision_model.decoder.layers.self_attention.linear_qkv.bias from model not in state dict, will skip
[36m(MegatronTrainRayActor pid=41865)[0m vision_model.decoder.layers.mlp.linear_fc1.layer_norm_weight from model not in state dict, will skip
[36m(MegatronTrainRayActor pid=41865)[0m vision_model.decoder.layers.mlp.linear_fc1.layer_norm_bias from model not in state dict, will skip
[36m(MegatronTrainRayActor pid=41865)[0m vision_model.decoder.layers.mlp.linear_fc1.weight from model not in state dict, will skip
[36m(MegatronTrainRayActor pid=41865)[0m vision_model.decoder.layers.mlp.linear_fc1.bias from model not in state dict, will skip
[36m(MegatronTrainRayActor pid=41865)[0m vision_model.decoder.layers.mlp.linear_fc2.weight from model not in state dict, will skip
[36m(MegatronTrainRayActor pid=41865)[0m vision_model.decoder.layers.mlp.linear_fc2.bias from model not in state dict, will skip
[36m(MegatronTrainRayActor pid=41865)[0m vision_model.decoder.layers.self_attention.linear_proj.weight from model not in state dict, will skip
[36m(MegatronTrainRayActor pid=41865)[0m vision_model.decoder.layers.self_attention.linear_proj.bias from model not in state dict, will skip
[36m(MegatronTrainRayActor pid=41865)[0m vision_model.decoder.layers.self_attention.linear_qkv.layer_norm_weight from model not in state dict, will skip
[36m(MegatronTrainRayActor pid=41865)[0m vision_model.decoder.layers.self_attention.linear_qkv.layer_norm_bias from model not in state dict, will skip
[36m(MegatronTrainRayActor pid=41865)[0m vision_model.decoder.layers.self_attention.linear_qkv.weight from model not in state dict, will skip
[36m(MegatronTrainRayActor pid=41865)[0m vision_model.decoder.layers.self_attention.linear_qkv.bias from model not in state dict, will skip
[36m(MegatronTrainRayActor pid=41865)[0m vision_model.decoder.layers.mlp.linear_fc1.layer_norm_weight from model not in state dict, will skip
[36m(MegatronTrainRayActor pid=41865)[0m vision_model.decoder.layers.mlp.linear_fc1.layer_norm_bias from model not in state dict, will skip
[36m(MegatronTrainRayActor pid=41865)[0m vision_model.decoder.layers.mlp.linear_fc1.weight from model not in state dict, will skip
[36m(MegatronTrainRayActor pid=41865)[0m vision_model.decoder.layers.mlp.linear_fc1.bias from model not in state dict, will skip
[36m(MegatronTrainRayActor pid=41865)[0m vision_model.decoder.layers.mlp.linear_fc2.weight from model not in state dict, will skip
[36m(MegatronTrainRayActor pid=41865)[0m vision_model.decoder.layers.mlp.linear_fc2.bias from model not in state dict, will skip
[36m(MegatronTrainRayActor pid=41865)[0m vision_model.decoder.layers.self_attention.linear_proj.weight from model not in state dict, will skip
[36m(MegatronTrainRayActor pid=41865)[0m vision_model.decoder.layers.self_attention.linear_proj.bias from model not in state dict, will skip
[36m(MegatronTrainRayActor pid=41865)[0m vision_model.decoder.layers.self_attention.linear_qkv.layer_norm_weight from model not in state dict, will skip
[36m(MegatronTrainRayActor pid=41865)[0m vision_model.decoder.layers.self_attention.linear_qkv.layer_norm_bias from model not in state dict, will skip
[36m(MegatronTrainRayActor pid=41865)[0m vision_model.decoder.layers.self_attention.linear_qkv.weight from model not in state dict, will skip
[36m(MegatronTrainRayActor pid=41865)[0m vision_model.decoder.layers.self_attention.linear_qkv.bias from model not in state dict, will skip
[36m(MegatronTrainRayActor pid=41865)[0m vision_model.decoder.layers.mlp.linear_fc1.layer_norm_weight from model not in state dict, will skip
[36m(MegatronTrainRayActor pid=41865)[0m vision_model.decoder.layers.mlp.linear_fc1.layer_norm_bias from model not in state dict, will skip
[36m(MegatronTrainRayActor pid=41865)[0m vision_model.decoder.layers.mlp.linear_fc1.weight from model not in state dict, will skip
[36m(MegatronTrainRayActor pid=41865)[0m vision_model.decoder.layers.mlp.linear_fc1.bias from model not in state dict, will skip
[36m(MegatronTrainRayActor pid=41865)[0m vision_model.decoder.layers.mlp.linear_fc2.weight from model not in state dict, will skip
[36m(MegatronTrainRayActor pid=41865)[0m vision_model.decoder.layers.mlp.linear_fc2.bias from model not in state dict, will skip
[36m(MegatronTrainRayActor pid=41865)[0m vision_model.decoder.layers.self_attention.linear_proj.weight from model not in state dict, will skip
[36m(MegatronTrainRayActor pid=41865)[0m vision_model.decoder.layers.self_attention.linear_proj.bias from model not in state dict, will skip
[36m(MegatronTrainRayActor pid=41865)[0m vision_model.decoder.layers.self_attention.linear_qkv.layer_norm_weight from model not in state dict, will skip
[36m(MegatronTrainRayActor pid=41865)[0m vision_model.decoder.layers.self_attention.linear_qkv.layer_norm_bias from model not in state dict, will skip
[36m(MegatronTrainRayActor pid=41865)[0m vision_model.decoder.layers.self_attention.linear_qkv.weight from model not in state dict, will skip
[36m(MegatronTrainRayActor pid=41865)[0m vision_model.decoder.layers.self_attention.linear_qkv.bias from model not in state dict, will skip
[36m(MegatronTrainRayActor pid=41865)[0m vision_model.decoder.layers.mlp.linear_fc1.layer_norm_weight from model not in state dict, will skip
[36m(MegatronTrainRayActor pid=41865)[0m vision_model.decoder.layers.mlp.linear_fc1.layer_norm_bias from model not in state dict, will skip
[36m(MegatronTrainRayActor pid=41865)[0m vision_model.decoder.layers.mlp.linear_fc1.weight from model not in state dict, will skip
[36m(MegatronTrainRayActor pid=41865)[0m vision_model.decoder.layers.mlp.linear_fc1.bias from model not in state dict, will skip
[36m(MegatronTrainRayActor pid=41865)[0m vision_model.decoder.layers.mlp.linear_fc2.weight from model not in state dict, will skip
[36m(MegatronTrainRayActor pid=41865)[0m vision_model.decoder.layers.mlp.linear_fc2.bias from model not in state dict, will skip
[36m(MegatronTrainRayActor pid=41865)[0m vision_model.decoder.layers.self_attention.linear_proj.weight from model not in state dict, will skip
[36m(MegatronTrainRayActor pid=41865)[0m vision_model.decoder.layers.self_attention.linear_proj.bias from model not in state dict, will skip
[36m(MegatronTrainRayActor pid=41865)[0m vision_model.decoder.layers.self_attention.linear_qkv.layer_norm_weight from model not in state dict, will skip
[36m(MegatronTrainRayActor pid=41865)[0m vision_model.decoder.layers.self_attention.linear_qkv.layer_norm_bias from model not in state dict, will skip
[36m(MegatronTrainRayActor pid=41865)[0m vision_model.decoder.layers.self_attention.linear_qkv.weight from model not in state dict, will skip
[36m(MegatronTrainRayActor pid=41865)[0m vision_model.decoder.layers.self_attention.linear_qkv.bias from model not in state dict, will skip
[36m(MegatronTrainRayActor pid=41865)[0m vision_model.decoder.layers.mlp.linear_fc1.layer_norm_weight from model not in state dict, will skip
[36m(MegatronTrainRayActor pid=41865)[0m vision_model.decoder.layers.mlp.linear_fc1.layer_norm_bias from model not in state dict, will skip
[36m(MegatronTrainRayActor pid=41865)[0m vision_model.decoder.layers.mlp.linear_fc1.weight from model not in state dict, will skip
[36m(MegatronTrainRayActor pid=41865)[0m vision_model.decoder.layers.mlp.linear_fc1.bias from model not in state dict, will skip
[36m(MegatronTrainRayActor pid=41865)[0m vision_model.decoder.layers.mlp.linear_fc2.weight from model not in state dict, will skip
[36m(MegatronTrainRayActor pid=41865)[0m vision_model.decoder.layers.mlp.linear_fc2.bias from model not in state dict, will skip
[36m(MegatronTrainRayActor pid=41865)[0m vision_model.decoder.layers.self_attention.linear_proj.weight from model not in state dict, will skip
[36m(MegatronTrainRayActor pid=41865)[0m vision_model.decoder.layers.self_attention.linear_proj.bias from model not in state dict, will skip
[36m(MegatronTrainRayActor pid=41865)[0m vision_model.decoder.layers.self_attention.linear_qkv.layer_norm_weight from model not in state dict, will skip
[36m(MegatronTrainRayActor pid=41865)[0m vision_model.decoder.layers.self_attention.linear_qkv.layer_norm_bias from model not in state dict, will skip
[36m(MegatronTrainRayActor pid=41865)[0m vision_model.decoder.layers.self_attention.linear_qkv.weight from model not in state dict, will skip
[36m(MegatronTrainRayActor pid=41865)[0m vision_model.decoder.layers.self_attention.linear_qkv.bias from model not in state dict, will skip
[36m(MegatronTrainRayActor pid=41865)[0m vision_model.decoder.layers.mlp.linear_fc1.layer_norm_weight from model not in state dict, will skip
[36m(MegatronTrainRayActor pid=41865)[0m vision_model.decoder.layers.mlp.linear_fc1.layer_norm_bias from model not in state dict, will skip
[36m(MegatronTrainRayActor pid=41865)[0m vision_model.decoder.layers.mlp.linear_fc1.weight from model not in state dict, will skip
[36m(MegatronTrainRayActor pid=41865)[0m vision_model.decoder.layers.mlp.linear_fc1.bias from model not in state dict, will skip
[36m(MegatronTrainRayActor pid=41865)[0m vision_model.decoder.layers.mlp.linear_fc2.weight from model not in state dict, will skip
[36m(MegatronTrainRayActor pid=41865)[0m vision_model.decoder.layers.mlp.linear_fc2.bias from model not in state dict, will skip
[36m(MegatronTrainRayActor pid=41865)[0m vision_model.decoder.layers.self_attention.linear_proj.weight from model not in state dict, will skip
[36m(MegatronTrainRayActor pid=41865)[0m vision_model.decoder.layers.self_attention.linear_proj.bias from model not in state dict, will skip
[36m(MegatronTrainRayActor pid=41865)[0m vision_model.decoder.layers.self_attention.linear_qkv.layer_norm_weight from model not in state dict, will skip
[36m(MegatronTrainRayActor pid=41865)[0m vision_model.decoder.layers.self_attention.linear_qkv.layer_norm_bias from model not in state dict, will skip
[36m(MegatronTrainRayActor pid=41865)[0m vision_model.decoder.layers.self_attention.linear_qkv.weight from model not in state dict, will skip
[36m(MegatronTrainRayActor pid=41865)[0m vision_model.decoder.layers.self_attention.linear_qkv.bias from model not in state dict, will skip
[36m(MegatronTrainRayActor pid=41865)[0m vision_model.decoder.layers.mlp.linear_fc1.layer_norm_weight from model not in state dict, will skip
[36m(MegatronTrainRayActor pid=41865)[0m vision_model.decoder.layers.mlp.linear_fc1.layer_norm_bias from model not in state dict, will skip
[36m(MegatronTrainRayActor pid=41865)[0m vision_model.decoder.layers.mlp.linear_fc1.weight from model not in state dict, will skip
[36m(MegatronTrainRayActor pid=41865)[0m vision_model.decoder.layers.mlp.linear_fc1.bias from model not in state dict, will skip
[36m(MegatronTrainRayActor pid=41865)[0m vision_model.decoder.layers.mlp.linear_fc2.weight from model not in state dict, will skip
[36m(MegatronTrainRayActor pid=41865)[0m vision_model.decoder.layers.mlp.linear_fc2.bias from model not in state dict, will skip
[36m(MegatronTrainRayActor pid=41865)[0m vision_model.decoder.layers.self_attention.linear_proj.weight from model not in state dict, will skip
[36m(MegatronTrainRayActor pid=41865)[0m vision_model.decoder.layers.self_attention.linear_proj.bias from model not in state dict, will skip
[36m(MegatronTrainRayActor pid=41865)[0m vision_model.decoder.layers.self_attention.linear_qkv.layer_norm_weight from model not in state dict, will skip
[36m(MegatronTrainRayActor pid=41865)[0m vision_model.decoder.layers.self_attention.linear_qkv.layer_norm_bias from model not in state dict, will skip
[36m(MegatronTrainRayActor pid=41865)[0m vision_model.decoder.layers.self_attention.linear_qkv.weight from model not in state dict, will skip
[36m(MegatronTrainRayActor pid=41865)[0m vision_model.decoder.layers.self_attention.linear_qkv.bias from model not in state dict, will skip
[36m(MegatronTrainRayActor pid=41865)[0m vision_model.decoder.layers.mlp.linear_fc1.layer_norm_weight from model not in state dict, will skip
[36m(MegatronTrainRayActor pid=41865)[0m vision_model.decoder.layers.mlp.linear_fc1.layer_norm_bias from model not in state dict, will skip
[36m(MegatronTrainRayActor pid=41865)[0m vision_model.decoder.layers.mlp.linear_fc1.weight from model not in state dict, will skip
[36m(MegatronTrainRayActor pid=41865)[0m vision_model.decoder.layers.mlp.linear_fc1.bias from model not in state dict, will skip
[36m(MegatronTrainRayActor pid=41865)[0m vision_model.decoder.layers.mlp.linear_fc2.weight from model not in state dict, will skip
[36m(MegatronTrainRayActor pid=41865)[0m vision_model.decoder.layers.mlp.linear_fc2.bias from model not in state dict, will skip
[36m(MegatronTrainRayActor pid=41865)[0m vision_model.decoder.layers.self_attention.linear_proj.weight from model not in state dict, will skip
[36m(MegatronTrainRayActor pid=41865)[0m vision_model.decoder.layers.self_attention.linear_proj.bias from model not in state dict, will skip
[36m(MegatronTrainRayActor pid=41865)[0m vision_model.decoder.layers.self_attention.linear_qkv.layer_norm_weight from model not in state dict, will skip
[36m(MegatronTrainRayActor pid=41865)[0m vision_model.decoder.layers.self_attention.linear_qkv.layer_norm_bias from model not in state dict, will skip
[36m(MegatronTrainRayActor pid=41865)[0m vision_model.decoder.layers.self_attention.linear_qkv.weight from model not in state dict, will skip
[36m(MegatronTrainRayActor pid=41865)[0m vision_model.decoder.layers.self_attention.linear_qkv.bias from model not in state dict, will skip
[36m(MegatronTrainRayActor pid=41865)[0m vision_model.decoder.layers.mlp.linear_fc1.layer_norm_weight from model not in state dict, will skip
[36m(MegatronTrainRayActor pid=41865)[0m vision_model.decoder.layers.mlp.linear_fc1.layer_norm_bias from model not in state dict, will skip
[36m(MegatronTrainRayActor pid=41865)[0m vision_model.decoder.layers.mlp.linear_fc1.weight from model not in state dict, will skip
[36m(MegatronTrainRayActor pid=41865)[0m vision_model.decoder.layers.mlp.linear_fc1.bias from model not in state dict, will skip
[36m(MegatronTrainRayActor pid=41865)[0m vision_model.decoder.layers.mlp.linear_fc2.weight from model not in state dict, will skip
[36m(MegatronTrainRayActor pid=41865)[0m vision_model.decoder.layers.mlp.linear_fc2.bias from model not in state dict, will skip
[36m(MegatronTrainRayActor pid=41865)[0m vision_model.decoder.layers.self_attention.linear_proj.weight from model not in state dict, will skip
[36m(MegatronTrainRayActor pid=41865)[0m vision_model.decoder.layers.self_attention.linear_proj.bias from model not in state dict, will skip
[36m(MegatronTrainRayActor pid=41865)[0m vision_model.decoder.layers.self_attention.linear_qkv.layer_norm_weight from model not in state dict, will skip
[36m(MegatronTrainRayActor pid=41865)[0m vision_model.decoder.layers.self_attention.linear_qkv.layer_norm_bias from model not in state dict, will skip
[36m(MegatronTrainRayActor pid=41865)[0m vision_model.decoder.layers.self_attention.linear_qkv.weight from model not in state dict, will skip
[36m(MegatronTrainRayActor pid=41865)[0m vision_model.decoder.layers.self_attention.linear_qkv.bias from model not in state dict, will skip
[36m(MegatronTrainRayActor pid=41865)[0m vision_model.decoder.layers.mlp.linear_fc1.layer_norm_weight from model not in state dict, will skip
[36m(MegatronTrainRayActor pid=41865)[0m vision_model.decoder.layers.mlp.linear_fc1.layer_norm_bias from model not in state dict, will skip
[36m(MegatronTrainRayActor pid=41865)[0m vision_model.decoder.layers.mlp.linear_fc1.weight from model not in state dict, will skip
[36m(MegatronTrainRayActor pid=41865)[0m vision_model.decoder.layers.mlp.linear_fc1.bias from model not in state dict, will skip
[36m(MegatronTrainRayActor pid=41865)[0m vision_model.decoder.layers.mlp.linear_fc2.weight from model not in state dict, will skip
[36m(MegatronTrainRayActor pid=41865)[0m vision_model.decoder.layers.mlp.linear_fc2.bias from model not in state dict, will skip
[36m(MegatronTrainRayActor pid=41865)[0m vision_model.decoder.layers.self_attention.linear_proj.weight from model not in state dict, will skip
[36m(MegatronTrainRayActor pid=41865)[0m vision_model.decoder.layers.self_attention.linear_proj.bias from model not in state dict, will skip
[36m(MegatronTrainRayActor pid=41865)[0m vision_model.decoder.layers.self_attention.linear_qkv.layer_norm_weight from model not in state dict, will skip
[36m(MegatronTrainRayActor pid=41865)[0m vision_model.decoder.layers.self_attention.linear_qkv.layer_norm_bias from model not in state dict, will skip
[36m(MegatronTrainRayActor pid=41865)[0m vision_model.decoder.layers.self_attention.linear_qkv.weight from model not in state dict, will skip
[36m(MegatronTrainRayActor pid=41865)[0m vision_model.decoder.layers.self_attention.linear_qkv.bias from model not in state dict, will skip
[36m(MegatronTrainRayActor pid=41865)[0m vision_model.decoder.layers.mlp.linear_fc1.layer_norm_weight from model not in state dict, will skip
[36m(MegatronTrainRayActor pid=41865)[0m vision_model.decoder.layers.mlp.linear_fc1.layer_norm_bias from model not in state dict, will skip
[36m(MegatronTrainRayActor pid=41865)[0m vision_model.decoder.layers.mlp.linear_fc1.weight from model not in state dict, will skip
[36m(MegatronTrainRayActor pid=41865)[0m vision_model.decoder.layers.mlp.linear_fc1.bias from model not in state dict, will skip
[36m(MegatronTrainRayActor pid=41865)[0m vision_model.decoder.layers.mlp.linear_fc2.weight from model not in state dict, will skip
[36m(MegatronTrainRayActor pid=41865)[0m vision_model.decoder.layers.mlp.linear_fc2.bias from model not in state dict, will skip
[36m(MegatronTrainRayActor pid=41865)[0m vision_model.merger.patch_norm.weight from model not in state dict, will skip
[36m(MegatronTrainRayActor pid=41865)[0m vision_model.merger.patch_norm.bias from model not in state dict, will skip
[36m(MegatronTrainRayActor pid=41865)[0m vision_model.merger.linear_fc1.weight from model not in state dict, will skip
[36m(MegatronTrainRayActor pid=41865)[0m vision_model.merger.linear_fc1.bias from model not in state dict, will skip
[36m(MegatronTrainRayActor pid=41865)[0m vision_model.merger.linear_fc2.weight from model not in state dict, will skip
[36m(MegatronTrainRayActor pid=41865)[0m vision_model.merger.linear_fc2.bias from model not in state dict, will skip
[36m(MegatronTrainRayActor pid=41865)[0m language_model.decoder.layers.0.self_attention.dt_bias from model not in state dict, will skip
[36m(MegatronTrainRayActor pid=41865)[0m language_model.decoder.layers.0.self_attention.A_log from model not in state dict, will skip
[36m(MegatronTrainRayActor pid=41865)[0m language_model.decoder.layers.0.self_attention.in_proj.layer_norm_weight from model not in state dict, will skip
[36m(MegatronTrainRayActor pid=41865)[0m language_model.decoder.layers.0.self_attention.in_proj.weight.query from model not in state dict, will skip
[36m(MegatronTrainRayActor pid=41865)[0m language_model.decoder.layers.0.self_attention.in_proj.weight.key from model not in state dict, will skip
[36m(MegatronTrainRayActor pid=41865)[0m language_model.decoder.layers.0.self_attention.in_proj.weight.value from model not in state dict, will skip
[36m(MegatronTrainRayActor pid=41865)[0m language_model.decoder.layers.0.self_attention.in_proj.weight.z from model not in state dict, will skip
[36m(MegatronTrainRayActor pid=41865)[0m language_model.decoder.layers.0.self_attention.in_proj.weight.beta from model not in state dict, will skip
[36m(MegatronTrainRayActor pid=41865)[0m language_model.decoder.layers.0.self_attention.in_proj.weight.alpha from model not in state dict, will skip
[36m(MegatronTrainRayActor pid=41865)[0m language_model.decoder.layers.0.self_attention.conv1d.weight.query from model not in state dict, will skip
[36m(MegatronTrainRayActor pid=41865)[0m language_model.decoder.layers.0.self_attention.conv1d.weight.key from model not in state dict, will skip
[36m(MegatronTrainRayActor pid=41865)[0m language_model.decoder.layers.0.self_attention.conv1d.weight.value from model not in state dict, will skip
[36m(MegatronTrainRayActor pid=41865)[0m language_model.decoder.layers.0.self_attention.out_norm.weight from model not in state dict, will skip
[36m(MegatronTrainRayActor pid=41865)[0m language_model.decoder.layers.0.self_attention.out_proj.weight from model not in state dict, will skip
[36m(MegatronTrainRayActor pid=41865)[0m language_model.decoder.layers.0.mlp.linear_fc1.layer_norm_weight from model not in state dict, will skip
[36m(MegatronTrainRayActor pid=41865)[0m language_model.decoder.layers.0.mlp.linear_fc1.weight from model not in state dict, will skip
[36m(MegatronTrainRayActor pid=41865)[0m language_model.decoder.layers.0.mlp.linear_fc1.weight from model not in state dict, will skip
[36m(MegatronTrainRayActor pid=41865)[0m language_model.decoder.layers.0.mlp.linear_fc2.weight from model not in state dict, will skip
[36m(MegatronTrainRayActor pid=41865)[0m language_model.decoder.layers.1.self_attention.dt_bias from model not in state dict, will skip
[36m(MegatronTrainRayActor pid=41865)[0m language_model.decoder.layers.1.self_attention.A_log from model not in state dict, will skip
[36m(MegatronTrainRayActor pid=41865)[0m language_model.decoder.layers.1.self_attention.in_proj.layer_norm_weight from model not in state dict, will skip
[36m(MegatronTrainRayActor pid=41865)[0m language_model.decoder.layers.1.self_attention.in_proj.weight.query from model not in state dict, will skip
[36m(MegatronTrainRayActor pid=41865)[0m language_model.decoder.layers.1.self_attention.in_proj.weight.key from model not in state dict, will skip
[36m(MegatronTrainRayActor pid=41865)[0m language_model.decoder.layers.1.self_attention.in_proj.weight.value from model not in state dict, will skip
[36m(MegatronTrainRayActor pid=41865)[0m language_model.decoder.layers.1.self_attention.in_proj.weight.z from model not in state dict, will skip
[36m(MegatronTrainRayActor pid=41865)[0m language_model.decoder.layers.1.self_attention.in_proj.weight.beta from model not in state dict, will skip
[36m(MegatronTrainRayActor pid=41865)[0m language_model.decoder.layers.1.self_attention.in_proj.weight.alpha from model not in state dict, will skip
[36m(MegatronTrainRayActor pid=41865)[0m language_model.decoder.layers.1.self_attention.conv1d.weight.query from model not in state dict, will skip
[36m(MegatronTrainRayActor pid=41865)[0m language_model.decoder.layers.1.self_attention.conv1d.weight.key from model not in state dict, will skip
[36m(MegatronTrainRayActor pid=41865)[0m language_model.decoder.layers.1.self_attention.conv1d.weight.value from model not in state dict, will skip
[36m(MegatronTrainRayActor pid=41865)[0m language_model.decoder.layers.1.self_attention.out_norm.weight from model not in state dict, will skip
[36m(MegatronTrainRayActor pid=41865)[0m language_model.decoder.layers.1.self_attention.out_proj.weight from model not in state dict, will skip
[36m(MegatronTrainRayActor pid=41865)[0m language_model.decoder.layers.1.mlp.linear_fc1.layer_norm_weight from model not in state dict, will skip
[36m(MegatronTrainRayActor pid=41865)[0m language_model.decoder.layers.1.mlp.linear_fc1.weight from model not in state dict, will skip
[36m(MegatronTrainRayActor pid=41865)[0m language_model.decoder.layers.1.mlp.linear_fc1.weight from model not in state dict, will skip
[36m(MegatronTrainRayActor pid=41865)[0m language_model.decoder.layers.1.mlp.linear_fc2.weight from model not in state dict, will skip
[36m(MegatronTrainRayActor pid=41865)[0m language_model.decoder.layers.2.self_attention.dt_bias from model not in state dict, will skip
[36m(MegatronTrainRayActor pid=41865)[0m language_model.decoder.layers.2.self_attention.A_log from model not in state dict, will skip
[36m(MegatronTrainRayActor pid=41865)[0m language_model.decoder.layers.2.self_attention.in_proj.layer_norm_weight from model not in state dict, will skip
[36m(MegatronTrainRayActor pid=41865)[0m language_model.decoder.layers.2.self_attention.in_proj.weight.query from model not in state dict, will skip
[36m(MegatronTrainRayActor pid=41865)[0m language_model.decoder.layers.2.self_attention.in_proj.weight.key from model not in state dict, will skip
[36m(MegatronTrainRayActor pid=41865)[0m language_model.decoder.layers.2.self_attention.in_proj.weight.value from model not in state dict, will skip
[36m(MegatronTrainRayActor pid=41865)[0m language_model.decoder.layers.2.self_attention.in_proj.weight.z from model not in state dict, will skip
[36m(MegatronTrainRayActor pid=41865)[0m language_model.decoder.layers.2.self_attention.in_proj.weight.beta from model not in state dict, will skip
[36m(MegatronTrainRayActor pid=41865)[0m language_model.decoder.layers.2.self_attention.in_proj.weight.alpha from model not in state dict, will skip
[36m(MegatronTrainRayActor pid=41865)[0m language_model.decoder.layers.2.self_attention.conv1d.weight.query from model not in state dict, will skip
[36m(MegatronTrainRayActor pid=41865)[0m language_model.decoder.layers.2.self_attention.conv1d.weight.key from model not in state dict, will skip
[36m(MegatronTrainRayActor pid=41865)[0m language_model.decoder.layers.2.self_attention.conv1d.weight.value from model not in state dict, will skip
[36m(MegatronTrainRayActor pid=41865)[0m language_model.decoder.layers.2.self_attention.out_norm.weight from model not in state dict, will skip
[36m(MegatronTrainRayActor pid=41865)[0m language_model.decoder.layers.2.self_attention.out_proj.weight from model not in state dict, will skip
[36m(MegatronTrainRayActor pid=41865)[0m language_model.decoder.layers.2.mlp.linear_fc1.layer_norm_weight from model not in state dict, will skip
[36m(MegatronTrainRayActor pid=41865)[0m language_model.decoder.layers.2.mlp.linear_fc1.weight from model not in state dict, will skip
[36m(MegatronTrainRayActor pid=41865)[0m language_model.decoder.layers.2.mlp.linear_fc1.weight from model not in state dict, will skip
[36m(MegatronTrainRayActor pid=41865)[0m language_model.decoder.layers.2.mlp.linear_fc2.weight from model not in state dict, will skip
[36m(MegatronTrainRayActor pid=41865)[0m language_model.decoder.layers.3.self_attention.linear_proj.weight from model not in state dict, will skip
[36m(MegatronTrainRayActor pid=41865)[0m language_model.decoder.layers.3.self_attention.linear_qkv.layer_norm_weight from model not in state dict, will skip
[36m(MegatronTrainRayActor pid=41865)[0m language_model.decoder.layers.3.self_attention.linear_qkv.weight from model not in state dict, will skip
[36m(MegatronTrainRayActor pid=41865)[0m language_model.decoder.layers.3.self_attention.q_layernorm.weight from model not in state dict, will skip
[36m(MegatronTrainRayActor pid=41865)[0m language_model.decoder.layers.3.self_attention.k_layernorm.weight from model not in state dict, will skip
[36m(MegatronTrainRayActor pid=41865)[0m language_model.decoder.layers.3.mlp.linear_fc1.layer_norm_weight from model not in state dict, will skip
[36m(MegatronTrainRayActor pid=41865)[0m language_model.decoder.layers.3.mlp.linear_fc1.weight from model not in state dict, will skip
[36m(MegatronTrainRayActor pid=41865)[0m language_model.decoder.layers.3.mlp.linear_fc1.weight from model not in state dict, will skip
[36m(MegatronTrainRayActor pid=41865)[0m language_model.decoder.layers.3.mlp.linear_fc2.weight from model not in state dict, will skip
[36m(MegatronTrainRayActor pid=41865)[0m language_model.decoder.layers.4.self_attention.dt_bias from model not in state dict, will skip
[36m(MegatronTrainRayActor pid=41865)[0m language_model.decoder.layers.4.self_attention.A_log from model not in state dict, will skip
[36m(MegatronTrainRayActor pid=41865)[0m language_model.decoder.layers.4.self_attention.in_proj.layer_norm_weight from model not in state dict, will skip
[36m(MegatronTrainRayActor pid=41865)[0m language_model.decoder.layers.4.self_attention.in_proj.weight.query from model not in state dict, will skip
[36m(MegatronTrainRayActor pid=41865)[0m language_model.decoder.layers.4.self_attention.in_proj.weight.key from model not in state dict, will skip
[36m(MegatronTrainRayActor pid=41865)[0m language_model.decoder.layers.4.self_attention.in_proj.weight.value from model not in state dict, will skip
[36m(MegatronTrainRayActor pid=41865)[0m language_model.decoder.layers.4.self_attention.in_proj.weight.z from model not in state dict, will skip
[36m(MegatronTrainRayActor pid=41865)[0m language_model.decoder.layers.4.self_attention.in_proj.weight.beta from model not in state dict, will skip
[36m(MegatronTrainRayActor pid=41865)[0m language_model.decoder.layers.4.self_attention.in_proj.weight.alpha from model not in state dict, will skip
[36m(MegatronTrainRayActor pid=41865)[0m language_model.decoder.layers.4.self_attention.conv1d.weight.query from model not in state dict, will skip
[36m(MegatronTrainRayActor pid=41865)[0m language_model.decoder.layers.4.self_attention.conv1d.weight.key from model not in state dict, will skip
[36m(MegatronTrainRayActor pid=41865)[0m language_model.decoder.layers.4.self_attention.conv1d.weight.value from model not in state dict, will skip
[36m(MegatronTrainRayActor pid=41865)[0m language_model.decoder.layers.4.self_attention.out_norm.weight from model not in state dict, will skip
[36m(MegatronTrainRayActor pid=41865)[0m language_model.decoder.layers.4.self_attention.out_proj.weight from model not in state dict, will skip
[36m(MegatronTrainRayActor pid=41865)[0m language_model.decoder.layers.4.mlp.linear_fc1.layer_norm_weight from model not in state dict, will skip
[36m(MegatronTrainRayActor pid=41865)[0m language_model.decoder.layers.4.mlp.linear_fc1.weight from model not in state dict, will skip
[36m(MegatronTrainRayActor pid=41865)[0m language_model.decoder.layers.4.mlp.linear_fc1.weight from model not in state dict, will skip
[36m(MegatronTrainRayActor pid=41865)[0m language_model.decoder.layers.4.mlp.linear_fc2.weight from model not in state dict, will skip
[36m(MegatronTrainRayActor pid=41865)[0m language_model.decoder.layers.5.self_attention.dt_bias from model not in state dict, will skip
[36m(MegatronTrainRayActor pid=41865)[0m language_model.decoder.layers.5.self_attention.A_log from model not in state dict, will skip
[36m(MegatronTrainRayActor pid=41865)[0m language_model.decoder.layers.5.self_attention.in_proj.layer_norm_weight from model not in state dict, will skip
[36m(MegatronTrainRayActor pid=41865)[0m language_model.decoder.layers.5.self_attention.in_proj.weight.query from model not in state dict, will skip
[36m(MegatronTrainRayActor pid=41865)[0m language_model.decoder.layers.5.self_attention.in_proj.weight.key from model not in state dict, will skip
[36m(MegatronTrainRayActor pid=41865)[0m language_model.decoder.layers.5.self_attention.in_proj.weight.value from model not in state dict, will skip
[36m(MegatronTrainRayActor pid=41865)[0m language_model.decoder.layers.5.self_attention.in_proj.weight.z from model not in state dict, will skip
[36m(MegatronTrainRayActor pid=41865)[0m language_model.decoder.layers.5.self_attention.in_proj.weight.beta from model not in state dict, will skip
[36m(MegatronTrainRayActor pid=41865)[0m language_model.decoder.layers.5.self_attention.in_proj.weight.alpha from model not in state dict, will skip
[36m(MegatronTrainRayActor pid=41865)[0m language_model.decoder.layers.5.self_attention.conv1d.weight.query from model not in state dict, will skip
[36m(MegatronTrainRayActor pid=41865)[0m language_model.decoder.layers.5.self_attention.conv1d.weight.key from model not in state dict, will skip
[36m(MegatronTrainRayActor pid=41865)[0m language_model.decoder.layers.5.self_attention.conv1d.weight.value from model not in state dict, will skip
[36m(MegatronTrainRayActor pid=41865)[0m language_model.decoder.layers.5.self_attention.out_norm.weight from model not in state dict, will skip
[36m(MegatronTrainRayActor pid=41865)[0m language_model.decoder.layers.5.self_attention.out_proj.weight from model not in state dict, will skip
[36m(MegatronTrainRayActor pid=41865)[0m language_model.decoder.layers.5.mlp.linear_fc1.layer_norm_weight from model not in state dict, will skip
[36m(MegatronTrainRayActor pid=41865)[0m language_model.decoder.layers.5.mlp.linear_fc1.weight from model not in state dict, will skip
[36m(MegatronTrainRayActor pid=41865)[0m language_model.decoder.layers.5.mlp.linear_fc1.weight from model not in state dict, will skip
[36m(MegatronTrainRayActor pid=41865)[0m language_model.decoder.layers.5.mlp.linear_fc2.weight from model not in state dict, will skip
[36m(MegatronTrainRayActor pid=41865)[0m language_model.decoder.layers.6.self_attention.dt_bias from model not in state dict, will skip
[36m(MegatronTrainRayActor pid=41865)[0m language_model.decoder.layers.6.self_attention.A_log from model not in state dict, will skip
[36m(MegatronTrainRayActor pid=41865)[0m language_model.decoder.layers.6.self_attention.in_proj.layer_norm_weight from model not in state dict, will skip
[36m(MegatronTrainRayActor pid=41865)[0m language_model.decoder.layers.6.self_attention.in_proj.weight.query from model not in state dict, will skip
[36m(MegatronTrainRayActor pid=41865)[0m language_model.decoder.layers.6.self_attention.in_proj.weight.key from model not in state dict, will skip
[36m(MegatronTrainRayActor pid=41865)[0m language_model.decoder.layers.6.self_attention.in_proj.weight.value from model not in state dict, will skip
[36m(MegatronTrainRayActor pid=41865)[0m language_model.decoder.layers.6.self_attention.in_proj.weight.z from model not in state dict, will skip
[36m(MegatronTrainRayActor pid=41865)[0m language_model.decoder.layers.6.self_attention.in_proj.weight.beta from model not in state dict, will skip
[36m(MegatronTrainRayActor pid=41865)[0m language_model.decoder.layers.6.self_attention.in_proj.weight.alpha from model not in state dict, will skip
[36m(MegatronTrainRayActor pid=41865)[0m language_model.decoder.layers.6.self_attention.conv1d.weight.query from model not in state dict, will skip
[36m(MegatronTrainRayActor pid=41865)[0m language_model.decoder.layers.6.self_attention.conv1d.weight.key from model not in state dict, will skip
[36m(MegatronTrainRayActor pid=41865)[0m language_model.decoder.layers.6.self_attention.conv1d.weight.value from model not in state dict, will skip
[36m(MegatronTrainRayActor pid=41865)[0m language_model.decoder.layers.6.self_attention.out_norm.weight from model not in state dict, will skip
[36m(MegatronTrainRayActor pid=41865)[0m language_model.decoder.layers.6.self_attention.out_proj.weight from model not in state dict, will skip
[36m(MegatronTrainRayActor pid=41865)[0m language_model.decoder.layers.6.mlp.linear_fc1.layer_norm_weight from model not in state dict, will skip
[36m(MegatronTrainRayActor pid=41865)[0m language_model.decoder.layers.6.mlp.linear_fc1.weight from model not in state dict, will skip
[36m(MegatronTrainRayActor pid=41865)[0m language_model.decoder.layers.6.mlp.linear_fc1.weight from model not in state dict, will skip
[36m(MegatronTrainRayActor pid=41865)[0m language_model.decoder.layers.6.mlp.linear_fc2.weight from model not in state dict, will skip
[36m(MegatronTrainRayActor pid=41865)[0m language_model.decoder.layers.7.self_attention.linear_proj.weight from model not in state dict, will skip
[36m(MegatronTrainRayActor pid=41865)[0m language_model.decoder.layers.7.self_attention.linear_qkv.layer_norm_weight from model not in state dict, will skip
[36m(MegatronTrainRayActor pid=41865)[0m language_model.decoder.layers.7.self_attention.linear_qkv.weight from model not in state dict, will skip
[36m(MegatronTrainRayActor pid=41865)[0m language_model.decoder.layers.7.self_attention.q_layernorm.weight from model not in state dict, will skip
[36m(MegatronTrainRayActor pid=41865)[0m language_model.decoder.layers.7.self_attention.k_layernorm.weight from model not in state dict, will skip
[36m(MegatronTrainRayActor pid=41865)[0m language_model.decoder.layers.7.mlp.linear_fc1.layer_norm_weight from model not in state dict, will skip
[36m(MegatronTrainRayActor pid=41865)[0m language_model.decoder.layers.7.mlp.linear_fc1.weight from model not in state dict, will skip
[36m(MegatronTrainRayActor pid=41865)[0m language_model.decoder.layers.7.mlp.linear_fc1.weight from model not in state dict, will skip
[36m(MegatronTrainRayActor pid=41865)[0m language_model.decoder.layers.7.mlp.linear_fc2.weight from model not in state dict, will skip
[36m(MegatronTrainRayActor pid=41865)[0m language_model.decoder.layers.8.self_attention.dt_bias from model not in state dict, will skip
[36m(MegatronTrainRayActor pid=41865)[0m language_model.decoder.layers.8.self_attention.A_log from model not in state dict, will skip
[36m(MegatronTrainRayActor pid=41865)[0m language_model.decoder.layers.8.self_attention.in_proj.layer_norm_weight from model not in state dict, will skip
[36m(MegatronTrainRayActor pid=41865)[0m language_model.decoder.layers.8.self_attention.in_proj.weight.query from model not in state dict, will skip
[36m(MegatronTrainRayActor pid=41865)[0m language_model.decoder.layers.8.self_attention.in_proj.weight.key from model not in state dict, will skip
[36m(MegatronTrainRayActor pid=41865)[0m language_model.decoder.layers.8.self_attention.in_proj.weight.value from model not in state dict, will skip
[36m(MegatronTrainRayActor pid=41865)[0m language_model.decoder.layers.8.self_attention.in_proj.weight.z from model not in state dict, will skip
[36m(MegatronTrainRayActor pid=41865)[0m language_model.decoder.layers.8.self_attention.in_proj.weight.beta from model not in state dict, will skip
[36m(MegatronTrainRayActor pid=41865)[0m language_model.decoder.layers.8.self_attention.in_proj.weight.alpha from model not in state dict, will skip
[36m(MegatronTrainRayActor pid=41865)[0m language_model.decoder.layers.8.self_attention.conv1d.weight.query from model not in state dict, will skip
[36m(MegatronTrainRayActor pid=41865)[0m language_model.decoder.layers.8.self_attention.conv1d.weight.key from model not in state dict, will skip
[36m(MegatronTrainRayActor pid=41865)[0m language_model.decoder.layers.8.self_attention.conv1d.weight.value from model not in state dict, will skip
[36m(MegatronTrainRayActor pid=41865)[0m language_model.decoder.layers.8.self_attention.out_norm.weight from model not in state dict, will skip
[36m(MegatronTrainRayActor pid=41865)[0m language_model.decoder.layers.8.self_attention.out_proj.weight from model not in state dict, will skip
[36m(MegatronTrainRayActor pid=41865)[0m language_model.decoder.layers.8.mlp.linear_fc1.layer_norm_weight from model not in state dict, will skip
[36m(MegatronTrainRayActor pid=41865)[0m language_model.decoder.layers.8.mlp.linear_fc1.weight from model not in state dict, will skip
[36m(MegatronTrainRayActor pid=41865)[0m language_model.decoder.layers.8.mlp.linear_fc1.weight from model not in state dict, will skip
[36m(MegatronTrainRayActor pid=41865)[0m language_model.decoder.layers.8.mlp.linear_fc2.weight from model not in state dict, will skip
[36m(MegatronTrainRayActor pid=41865)[0m language_model.decoder.layers.9.self_attention.dt_bias from model not in state dict, will skip
[36m(MegatronTrainRayActor pid=41865)[0m language_model.decoder.layers.9.self_attention.A_log from model not in state dict, will skip
[36m(MegatronTrainRayActor pid=41865)[0m language_model.decoder.layers.9.self_attention.in_proj.layer_norm_weight from model not in state dict, will skip
[36m(MegatronTrainRayActor pid=41865)[0m language_model.decoder.layers.9.self_attention.in_proj.weight.query from model not in state dict, will skip
[36m(MegatronTrainRayActor pid=41865)[0m language_model.decoder.layers.9.self_attention.in_proj.weight.key from model not in state dict, will skip
[36m(MegatronTrainRayActor pid=41865)[0m language_model.decoder.layers.9.self_attention.in_proj.weight.value from model not in state dict, will skip
[36m(MegatronTrainRayActor pid=41865)[0m language_model.decoder.layers.9.self_attention.in_proj.weight.z from model not in state dict, will skip
[36m(MegatronTrainRayActor pid=41865)[0m language_model.decoder.layers.9.self_attention.in_proj.weight.beta from model not in state dict, will skip
[36m(MegatronTrainRayActor pid=41865)[0m language_model.decoder.layers.9.self_attention.in_proj.weight.alpha from model not in state dict, will skip
[36m(MegatronTrainRayActor pid=41865)[0m language_model.decoder.layers.9.self_attention.conv1d.weight.query from model not in state dict, will skip
[36m(MegatronTrainRayActor pid=41865)[0m language_model.decoder.layers.9.self_attention.conv1d.weight.key from model not in state dict, will skip
[36m(MegatronTrainRayActor pid=41865)[0m language_model.decoder.layers.9.self_attention.conv1d.weight.value from model not in state dict, will skip
[36m(MegatronTrainRayActor pid=41865)[0m language_model.decoder.layers.9.self_attention.out_norm.weight from model not in state dict, will skip
[36m(MegatronTrainRayActor pid=41865)[0m language_model.decoder.layers.9.self_attention.out_proj.weight from model not in state dict, will skip
[36m(MegatronTrainRayActor pid=41865)[0m language_model.decoder.layers.9.mlp.linear_fc1.layer_norm_weight from model not in state dict, will skip
[36m(MegatronTrainRayActor pid=41865)[0m language_model.decoder.layers.9.mlp.linear_fc1.weight from model not in state dict, will skip
[36m(MegatronTrainRayActor pid=41865)[0m language_model.decoder.layers.9.mlp.linear_fc1.weight from model not in state dict, will skip
[36m(MegatronTrainRayActor pid=41865)[0m language_model.decoder.layers.9.mlp.linear_fc2.weight from model not in state dict, will skip
[36m(MegatronTrainRayActor pid=41865)[0m language_model.decoder.layers.10.self_attention.dt_bias from model not in state dict, will skip
[36m(MegatronTrainRayActor pid=41865)[0m language_model.decoder.layers.10.self_attention.A_log from model not in state dict, will skip
[36m(MegatronTrainRayActor pid=41865)[0m language_model.decoder.layers.10.self_attention.in_proj.layer_norm_weight from model not in state dict, will skip
[36m(MegatronTrainRayActor pid=41865)[0m language_model.decoder.layers.10.self_attention.in_proj.weight.query from model not in state dict, will skip
[36m(MegatronTrainRayActor pid=41865)[0m language_model.decoder.layers.10.self_attention.in_proj.weight.key from model not in state dict, will skip
[36m(MegatronTrainRayActor pid=41865)[0m language_model.decoder.layers.10.self_attention.in_proj.weight.value from model not in state dict, will skip
[36m(MegatronTrainRayActor pid=41865)[0m language_model.decoder.layers.10.self_attention.in_proj.weight.z from model not in state dict, will skip
[36m(MegatronTrainRayActor pid=41865)[0m language_model.decoder.layers.10.self_attention.in_proj.weight.beta from model not in state dict, will skip
[36m(MegatronTrainRayActor pid=41865)[0m language_model.decoder.layers.10.self_attention.in_proj.weight.alpha from model not in state dict, will skip
[36m(MegatronTrainRayActor pid=41865)[0m language_model.decoder.layers.10.self_attention.conv1d.weight.query from model not in state dict, will skip
[36m(MegatronTrainRayActor pid=41865)[0m language_model.decoder.layers.10.self_attention.conv1d.weight.key from model not in state dict, will skip
[36m(MegatronTrainRayActor pid=41865)[0m language_model.decoder.layers.10.self_attention.conv1d.weight.value from model not in state dict, will skip
[36m(MegatronTrainRayActor pid=41865)[0m language_model.decoder.layers.10.self_attention.out_norm.weight from model not in state dict, will skip
[36m(MegatronTrainRayActor pid=41865)[0m language_model.decoder.layers.10.self_attention.out_proj.weight from model not in state dict, will skip
[36m(MegatronTrainRayActor pid=41865)[0m language_model.decoder.layers.10.mlp.linear_fc1.layer_norm_weight from model not in state dict, will skip
[36m(MegatronTrainRayActor pid=41865)[0m language_model.decoder.layers.10.mlp.linear_fc1.weight from model not in state dict, will skip
[36m(MegatronTrainRayActor pid=41865)[0m language_model.decoder.layers.10.mlp.linear_fc1.weight from model not in state dict, will skip
[36m(MegatronTrainRayActor pid=41865)[0m language_model.decoder.layers.10.mlp.linear_fc2.weight from model not in state dict, will skip
[36m(MegatronTrainRayActor pid=41865)[0m language_model.decoder.layers.11.self_attention.linear_proj.weight from model not in state dict, will skip
[36m(MegatronTrainRayActor pid=41865)[0m language_model.decoder.layers.11.self_attention.linear_qkv.layer_norm_weight from model not in state dict, will skip
[36m(MegatronTrainRayActor pid=41865)[0m language_model.decoder.layers.11.self_attention.linear_qkv.weight from model not in state dict, will skip
[36m(MegatronTrainRayActor pid=41865)[0m language_model.decoder.layers.11.self_attention.q_layernorm.weight from model not in state dict, will skip
[36m(MegatronTrainRayActor pid=41865)[0m language_model.decoder.layers.11.self_attention.k_layernorm.weight from model not in state dict, will skip
[36m(MegatronTrainRayActor pid=41865)[0m language_model.decoder.layers.11.mlp.linear_fc1.layer_norm_weight from model not in state dict, will skip
[36m(MegatronTrainRayActor pid=41865)[0m language_model.decoder.layers.11.mlp.linear_fc1.weight from model not in state dict, will skip
[36m(MegatronTrainRayActor pid=41865)[0m language_model.decoder.layers.11.mlp.linear_fc1.weight from model not in state dict, will skip
[36m(MegatronTrainRayActor pid=41865)[0m language_model.decoder.layers.11.mlp.linear_fc2.weight from model not in state dict, will skip
[36m(MegatronTrainRayActor pid=41865)[0m language_model.decoder.layers.12.self_attention.dt_bias from model not in state dict, will skip
[36m(MegatronTrainRayActor pid=41865)[0m language_model.decoder.layers.12.self_attention.A_log from model not in state dict, will skip
[36m(MegatronTrainRayActor pid=41865)[0m language_model.decoder.layers.12.self_attention.in_proj.layer_norm_weight from model not in state dict, will skip
[36m(MegatronTrainRayActor pid=41865)[0m language_model.decoder.layers.12.self_attention.in_proj.weight.query from model not in state dict, will skip
[36m(MegatronTrainRayActor pid=41865)[0m language_model.decoder.layers.12.self_attention.in_proj.weight.key from model not in state dict, will skip
[36m(MegatronTrainRayActor pid=41865)[0m language_model.decoder.layers.12.self_attention.in_proj.weight.value from model not in state dict, will skip
[36m(MegatronTrainRayActor pid=41865)[0m language_model.decoder.layers.12.self_attention.in_proj.weight.z from model not in state dict, will skip
[36m(MegatronTrainRayActor pid=41865)[0m language_model.decoder.layers.12.self_attention.in_proj.weight.beta from model not in state dict, will skip
[36m(MegatronTrainRayActor pid=41865)[0m language_model.decoder.layers.12.self_attention.in_proj.weight.alpha from model not in state dict, will skip
[36m(MegatronTrainRayActor pid=41865)[0m language_model.decoder.layers.12.self_attention.conv1d.weight.query from model not in state dict, will skip
[36m(MegatronTrainRayActor pid=41865)[0m language_model.decoder.layers.12.self_attention.conv1d.weight.key from model not in state dict, will skip
[36m(MegatronTrainRayActor pid=41865)[0m language_model.decoder.layers.12.self_attention.conv1d.weight.value from model not in state dict, will skip
[36m(MegatronTrainRayActor pid=41865)[0m language_model.decoder.layers.12.self_attention.out_norm.weight from model not in state dict, will skip
[36m(MegatronTrainRayActor pid=41865)[0m language_model.decoder.layers.12.self_attention.out_proj.weight from model not in state dict, will skip
[36m(MegatronTrainRayActor pid=41865)[0m language_model.decoder.layers.12.mlp.linear_fc1.layer_norm_weight from model not in state dict, will skip
[36m(MegatronTrainRayActor pid=41865)[0m language_model.decoder.layers.12.mlp.linear_fc1.weight from model not in state dict, will skip
[36m(MegatronTrainRayActor pid=41865)[0m language_model.decoder.layers.12.mlp.linear_fc1.weight from model not in state dict, will skip
[36m(MegatronTrainRayActor pid=41865)[0m language_model.decoder.layers.12.mlp.linear_fc2.weight from model not in state dict, will skip
[36m(MegatronTrainRayActor pid=41865)[0m language_model.decoder.layers.13.self_attention.dt_bias from model not in state dict, will skip
[36m(MegatronTrainRayActor pid=41865)[0m language_model.decoder.layers.13.self_attention.A_log from model not in state dict, will skip
[36m(MegatronTrainRayActor pid=41865)[0m language_model.decoder.layers.13.self_attention.in_proj.layer_norm_weight from model not in state dict, will skip
[36m(MegatronTrainRayActor pid=41865)[0m language_model.decoder.layers.13.self_attention.in_proj.weight.query from model not in state dict, will skip
[36m(MegatronTrainRayActor pid=41865)[0m language_model.decoder.layers.13.self_attention.in_proj.weight.key from model not in state dict, will skip
[36m(MegatronTrainRayActor pid=41865)[0m language_model.decoder.layers.13.self_attention.in_proj.weight.value from model not in state dict, will skip
[36m(MegatronTrainRayActor pid=41865)[0m language_model.decoder.layers.13.self_attention.in_proj.weight.z from model not in state dict, will skip
[36m(MegatronTrainRayActor pid=41865)[0m language_model.decoder.layers.13.self_attention.in_proj.weight.beta from model not in state dict, will skip
[36m(MegatronTrainRayActor pid=41865)[0m language_model.decoder.layers.13.self_attention.in_proj.weight.alpha from model not in state dict, will skip
[36m(MegatronTrainRayActor pid=41865)[0m language_model.decoder.layers.13.self_attention.conv1d.weight.query from model not in state dict, will skip
[36m(MegatronTrainRayActor pid=41865)[0m language_model.decoder.layers.13.self_attention.conv1d.weight.key from model not in state dict, will skip
[36m(MegatronTrainRayActor pid=41865)[0m language_model.decoder.layers.13.self_attention.conv1d.weight.value from model not in state dict, will skip
[36m(MegatronTrainRayActor pid=41865)[0m language_model.decoder.layers.13.self_attention.out_norm.weight from model not in state dict, will skip
[36m(MegatronTrainRayActor pid=41865)[0m language_model.decoder.layers.13.self_attention.out_proj.weight from model not in state dict, will skip
[36m(MegatronTrainRayActor pid=41865)[0m language_model.decoder.layers.13.mlp.linear_fc1.layer_norm_weight from model not in state dict, will skip
[36m(MegatronTrainRayActor pid=41865)[0m language_model.decoder.layers.13.mlp.linear_fc1.weight from model not in state dict, will skip
[36m(MegatronTrainRayActor pid=41865)[0m language_model.decoder.layers.13.mlp.linear_fc1.weight from model not in state dict, will skip
[36m(MegatronTrainRayActor pid=41865)[0m language_model.decoder.layers.13.mlp.linear_fc2.weight from model not in state dict, will skip
[36m(MegatronTrainRayActor pid=41865)[0m language_model.decoder.layers.14.self_attention.dt_bias from model not in state dict, will skip
[36m(MegatronTrainRayActor pid=41865)[0m language_model.decoder.layers.14.self_attention.A_log from model not in state dict, will skip
[36m(MegatronTrainRayActor pid=41865)[0m language_model.decoder.layers.14.self_attention.in_proj.layer_norm_weight from model not in state dict, will skip
[36m(MegatronTrainRayActor pid=41865)[0m language_model.decoder.layers.14.self_attention.in_proj.weight.query from model not in state dict, will skip
[36m(MegatronTrainRayActor pid=41865)[0m language_model.decoder.layers.14.self_attention.in_proj.weight.key from model not in state dict, will skip
[36m(MegatronTrainRayActor pid=41865)[0m language_model.decoder.layers.14.self_attention.in_proj.weight.value from model not in state dict, will skip
[36m(MegatronTrainRayActor pid=41865)[0m language_model.decoder.layers.14.self_attention.in_proj.weight.z from model not in state dict, will skip
[36m(MegatronTrainRayActor pid=41865)[0m language_model.decoder.layers.14.self_attention.in_proj.weight.beta from model not in state dict, will skip
[36m(MegatronTrainRayActor pid=41865)[0m language_model.decoder.layers.14.self_attention.in_proj.weight.alpha from model not in state dict, will skip
[36m(MegatronTrainRayActor pid=41865)[0m language_model.decoder.layers.14.self_attention.conv1d.weight.query from model not in state dict, will skip
[36m(MegatronTrainRayActor pid=41865)[0m language_model.decoder.layers.14.self_attention.conv1d.weight.key from model not in state dict, will skip
[36m(MegatronTrainRayActor pid=41865)[0m language_model.decoder.layers.14.self_attention.conv1d.weight.value from model not in state dict, will skip
[36m(MegatronTrainRayActor pid=41865)[0m language_model.decoder.layers.14.self_attention.out_norm.weight from model not in state dict, will skip
[36m(MegatronTrainRayActor pid=41865)[0m language_model.decoder.layers.14.self_attention.out_proj.weight from model not in state dict, will skip
[36m(MegatronTrainRayActor pid=41865)[0m language_model.decoder.layers.14.mlp.linear_fc1.layer_norm_weight from model not in state dict, will skip
[36m(MegatronTrainRayActor pid=41865)[0m language_model.decoder.layers.14.mlp.linear_fc1.weight from model not in state dict, will skip
[36m(MegatronTrainRayActor pid=41865)[0m language_model.decoder.layers.14.mlp.linear_fc1.weight from model not in state dict, will skip
[36m(MegatronTrainRayActor pid=41865)[0m language_model.decoder.layers.14.mlp.linear_fc2.weight from model not in state dict, will skip
[36m(MegatronTrainRayActor pid=41865)[0m language_model.decoder.layers.15.self_attention.linear_proj.weight from model not in state dict, will skip
[36m(MegatronTrainRayActor pid=41865)[0m language_model.decoder.layers.15.self_attention.linear_qkv.layer_norm_weight from model not in state dict, will skip
[36m(MegatronTrainRayActor pid=41865)[0m language_model.decoder.layers.15.self_attention.linear_qkv.weight from model not in state dict, will skip
[36m(MegatronTrainRayActor pid=41865)[0m language_model.decoder.layers.15.self_attention.q_layernorm.weight from model not in state dict, will skip
[36m(MegatronTrainRayActor pid=41865)[0m language_model.decoder.layers.15.self_attention.k_layernorm.weight from model not in state dict, will skip
[36m(MegatronTrainRayActor pid=41865)[0m language_model.decoder.layers.15.mlp.linear_fc1.layer_norm_weight from model not in state dict, will skip
[36m(MegatronTrainRayActor pid=41865)[0m language_model.decoder.layers.15.mlp.linear_fc1.weight from model not in state dict, will skip
[36m(MegatronTrainRayActor pid=41865)[0m language_model.decoder.layers.15.mlp.linear_fc1.weight from model not in state dict, will skip
[36m(MegatronTrainRayActor pid=41865)[0m language_model.decoder.layers.15.mlp.linear_fc2.weight from model not in state dict, will skip
[36m(MegatronTrainRayActor pid=41865)[0m language_model.decoder.layers.16.self_attention.dt_bias from model not in state dict, will skip
[36m(MegatronTrainRayActor pid=41865)[0m language_model.decoder.layers.16.self_attention.A_log from model not in state dict, will skip
[36m(MegatronTrainRayActor pid=41865)[0m language_model.decoder.layers.16.self_attention.in_proj.layer_norm_weight from model not in state dict, will skip
[36m(MegatronTrainRayActor pid=41865)[0m language_model.decoder.layers.16.self_attention.in_proj.weight.query from model not in state dict, will skip
[36m(MegatronTrainRayActor pid=41865)[0m language_model.decoder.layers.16.self_attention.in_proj.weight.key from model not in state dict, will skip
[36m(MegatronTrainRayActor pid=41865)[0m language_model.decoder.layers.16.self_attention.in_proj.weight.value from model not in state dict, will skip
[36m(MegatronTrainRayActor pid=41865)[0m language_model.decoder.layers.16.self_attention.in_proj.weight.z from model not in state dict, will skip
[36m(MegatronTrainRayActor pid=41865)[0m language_model.decoder.layers.16.self_attention.in_proj.weight.beta from model not in state dict, will skip
[36m(MegatronTrainRayActor pid=41865)[0m language_model.decoder.layers.16.self_attention.in_proj.weight.alpha from model not in state dict, will skip
[36m(MegatronTrainRayActor pid=41865)[0m language_model.decoder.layers.16.self_attention.conv1d.weight.query from model not in state dict, will skip
[36m(MegatronTrainRayActor pid=41865)[0m language_model.decoder.layers.16.self_attention.conv1d.weight.key from model not in state dict, will skip
[36m(MegatronTrainRayActor pid=41865)[0m language_model.decoder.layers.16.self_attention.conv1d.weight.value from model not in state dict, will skip
[36m(MegatronTrainRayActor pid=41865)[0m language_model.decoder.layers.16.self_attention.out_norm.weight from model not in state dict, will skip
[36m(MegatronTrainRayActor pid=41865)[0m language_model.decoder.layers.16.self_attention.out_proj.weight from model not in state dict, will skip
[36m(MegatronTrainRayActor pid=41865)[0m language_model.decoder.layers.16.mlp.linear_fc1.layer_norm_weight from model not in state dict, will skip
[36m(MegatronTrainRayActor pid=41865)[0m language_model.decoder.layers.16.mlp.linear_fc1.weight from model not in state dict, will skip
[36m(MegatronTrainRayActor pid=41865)[0m language_model.decoder.layers.16.mlp.linear_fc1.weight from model not in state dict, will skip
[36m(MegatronTrainRayActor pid=41865)[0m language_model.decoder.layers.16.mlp.linear_fc2.weight from model not in state dict, will skip
[36m(MegatronTrainRayActor pid=41865)[0m language_model.decoder.layers.17.self_attention.dt_bias from model not in state dict, will skip
[36m(MegatronTrainRayActor pid=41865)[0m language_model.decoder.layers.17.self_attention.A_log from model not in state dict, will skip
[36m(MegatronTrainRayActor pid=41865)[0m language_model.decoder.layers.17.self_attention.in_proj.layer_norm_weight from model not in state dict, will skip
[36m(MegatronTrainRayActor pid=41865)[0m language_model.decoder.layers.17.self_attention.in_proj.weight.query from model not in state dict, will skip
[36m(MegatronTrainRayActor pid=41865)[0m language_model.decoder.layers.17.self_attention.in_proj.weight.key from model not in state dict, will skip
[36m(MegatronTrainRayActor pid=41865)[0m language_model.decoder.layers.17.self_attention.in_proj.weight.value from model not in state dict, will skip
[36m(MegatronTrainRayActor pid=41865)[0m language_model.decoder.layers.17.self_attention.in_proj.weight.z from model not in state dict, will skip
[36m(MegatronTrainRayActor pid=41865)[0m language_model.decoder.layers.17.self_attention.in_proj.weight.beta from model not in state dict, will skip
[36m(MegatronTrainRayActor pid=41865)[0m language_model.decoder.layers.17.self_attention.in_proj.weight.alpha from model not in state dict, will skip
[36m(MegatronTrainRayActor pid=41865)[0m language_model.decoder.layers.17.self_attention.conv1d.weight.query from model not in state dict, will skip
[36m(MegatronTrainRayActor pid=41865)[0m language_model.decoder.layers.17.self_attention.conv1d.weight.key from model not in state dict, will skip
[36m(MegatronTrainRayActor pid=41865)[0m language_model.decoder.layers.17.self_attention.conv1d.weight.value from model not in state dict, will skip
[36m(MegatronTrainRayActor pid=41865)[0m language_model.decoder.layers.17.self_attention.out_norm.weight from model not in state dict, will skip
[36m(MegatronTrainRayActor pid=41865)[0m language_model.decoder.layers.17.self_attention.out_proj.weight from model not in state dict, will skip
[36m(MegatronTrainRayActor pid=41865)[0m language_model.decoder.layers.17.mlp.linear_fc1.layer_norm_weight from model not in state dict, will skip
[36m(MegatronTrainRayActor pid=41865)[0m language_model.decoder.layers.17.mlp.linear_fc1.weight from model not in state dict, will skip
[36m(MegatronTrainRayActor pid=41865)[0m language_model.decoder.layers.17.mlp.linear_fc1.weight from model not in state dict, will skip
[36m(MegatronTrainRayActor pid=41865)[0m language_model.decoder.layers.17.mlp.linear_fc2.weight from model not in state dict, will skip
[36m(MegatronTrainRayActor pid=41865)[0m language_model.decoder.layers.18.self_attention.dt_bias from model not in state dict, will skip
[36m(MegatronTrainRayActor pid=41865)[0m language_model.decoder.layers.18.self_attention.A_log from model not in state dict, will skip
[36m(MegatronTrainRayActor pid=41865)[0m language_model.decoder.layers.18.self_attention.in_proj.layer_norm_weight from model not in state dict, will skip
[36m(MegatronTrainRayActor pid=41865)[0m language_model.decoder.layers.18.self_attention.in_proj.weight.query from model not in state dict, will skip
[36m(MegatronTrainRayActor pid=41865)[0m language_model.decoder.layers.18.self_attention.in_proj.weight.key from model not in state dict, will skip
[36m(MegatronTrainRayActor pid=41865)[0m language_model.decoder.layers.18.self_attention.in_proj.weight.value from model not in state dict, will skip
[36m(MegatronTrainRayActor pid=41865)[0m language_model.decoder.layers.18.self_attention.in_proj.weight.z from model not in state dict, will skip
[36m(MegatronTrainRayActor pid=41865)[0m language_model.decoder.layers.18.self_attention.in_proj.weight.beta from model not in state dict, will skip
[36m(MegatronTrainRayActor pid=41865)[0m language_model.decoder.layers.18.self_attention.in_proj.weight.alpha from model not in state dict, will skip
[36m(MegatronTrainRayActor pid=41865)[0m language_model.decoder.layers.18.self_attention.conv1d.weight.query from model not in state dict, will skip
[36m(MegatronTrainRayActor pid=41865)[0m language_model.decoder.layers.18.self_attention.conv1d.weight.key from model not in state dict, will skip
[36m(MegatronTrainRayActor pid=41865)[0m language_model.decoder.layers.18.self_attention.conv1d.weight.value from model not in state dict, will skip
[36m(MegatronTrainRayActor pid=41865)[0m language_model.decoder.layers.18.self_attention.out_norm.weight from model not in state dict, will skip
[36m(MegatronTrainRayActor pid=41865)[0m language_model.decoder.layers.18.self_attention.out_proj.weight from model not in state dict, will skip
[36m(MegatronTrainRayActor pid=41865)[0m language_model.decoder.layers.18.mlp.linear_fc1.layer_norm_weight from model not in state dict, will skip
[36m(MegatronTrainRayActor pid=41865)[0m language_model.decoder.layers.18.mlp.linear_fc1.weight from model not in state dict, will skip
[36m(MegatronTrainRayActor pid=41865)[0m language_model.decoder.layers.18.mlp.linear_fc1.weight from model not in state dict, will skip
[36m(MegatronTrainRayActor pid=41865)[0m language_model.decoder.layers.18.mlp.linear_fc2.weight from model not in state dict, will skip
[36m(MegatronTrainRayActor pid=41865)[0m language_model.decoder.layers.19.self_attention.linear_proj.weight from model not in state dict, will skip
[36m(MegatronTrainRayActor pid=41865)[0m language_model.decoder.layers.19.self_attention.linear_qkv.layer_norm_weight from model not in state dict, will skip
[36m(MegatronTrainRayActor pid=41865)[0m language_model.decoder.layers.19.self_attention.linear_qkv.weight from model not in state dict, will skip
[36m(MegatronTrainRayActor pid=41865)[0m language_model.decoder.layers.19.self_attention.q_layernorm.weight from model not in state dict, will skip
[36m(MegatronTrainRayActor pid=41865)[0m language_model.decoder.layers.19.self_attention.k_layernorm.weight from model not in state dict, will skip
[36m(MegatronTrainRayActor pid=41865)[0m language_model.decoder.layers.19.mlp.linear_fc1.layer_norm_weight from model not in state dict, will skip
[36m(MegatronTrainRayActor pid=41865)[0m language_model.decoder.layers.19.mlp.linear_fc1.weight from model not in state dict, will skip
[36m(MegatronTrainRayActor pid=41865)[0m language_model.decoder.layers.19.mlp.linear_fc1.weight from model not in state dict, will skip
[36m(MegatronTrainRayActor pid=41865)[0m language_model.decoder.layers.19.mlp.linear_fc2.weight from model not in state dict, will skip
[36m(MegatronTrainRayActor pid=41865)[0m language_model.decoder.layers.20.self_attention.dt_bias from model not in state dict, will skip
[36m(MegatronTrainRayActor pid=41865)[0m language_model.decoder.layers.20.self_attention.A_log from model not in state dict, will skip
[36m(MegatronTrainRayActor pid=41865)[0m language_model.decoder.layers.20.self_attention.in_proj.layer_norm_weight from model not in state dict, will skip
[36m(MegatronTrainRayActor pid=41865)[0m language_model.decoder.layers.20.self_attention.in_proj.weight.query from model not in state dict, will skip
[36m(MegatronTrainRayActor pid=41865)[0m language_model.decoder.layers.20.self_attention.in_proj.weight.key from model not in state dict, will skip
[36m(MegatronTrainRayActor pid=41865)[0m language_model.decoder.layers.20.self_attention.in_proj.weight.value from model not in state dict, will skip
[36m(MegatronTrainRayActor pid=41865)[0m language_model.decoder.layers.20.self_attention.in_proj.weight.z from model not in state dict, will skip
[36m(MegatronTrainRayActor pid=41865)[0m language_model.decoder.layers.20.self_attention.in_proj.weight.beta from model not in state dict, will skip
[36m(MegatronTrainRayActor pid=41865)[0m language_model.decoder.layers.20.self_attention.in_proj.weight.alpha from model not in state dict, will skip
[36m(MegatronTrainRayActor pid=41865)[0m language_model.decoder.layers.20.self_attention.conv1d.weight.query from model not in state dict, will skip
[36m(MegatronTrainRayActor pid=41865)[0m language_model.decoder.layers.20.self_attention.conv1d.weight.key from model not in state dict, will skip
[36m(MegatronTrainRayActor pid=41865)[0m language_model.decoder.layers.20.self_attention.conv1d.weight.value from model not in state dict, will skip
[36m(MegatronTrainRayActor pid=41865)[0m language_model.decoder.layers.20.self_attention.out_norm.weight from model not in state dict, will skip
[36m(MegatronTrainRayActor pid=41865)[0m language_model.decoder.layers.20.self_attention.out_proj.weight from model not in state dict, will skip
[36m(MegatronTrainRayActor pid=41865)[0m language_model.decoder.layers.20.mlp.linear_fc1.layer_norm_weight from model not in state dict, will skip
[36m(MegatronTrainRayActor pid=41865)[0m language_model.decoder.layers.20.mlp.linear_fc1.weight from model not in state dict, will skip
[36m(MegatronTrainRayActor pid=41865)[0m language_model.decoder.layers.20.mlp.linear_fc1.weight from model not in state dict, will skip
[36m(MegatronTrainRayActor pid=41865)[0m language_model.decoder.layers.20.mlp.linear_fc2.weight from model not in state dict, will skip
[36m(MegatronTrainRayActor pid=41865)[0m language_model.decoder.layers.21.self_attention.dt_bias from model not in state dict, will skip
[36m(MegatronTrainRayActor pid=41865)[0m language_model.decoder.layers.21.self_attention.A_log from model not in state dict, will skip
[36m(MegatronTrainRayActor pid=41865)[0m language_model.decoder.layers.21.self_attention.in_proj.layer_norm_weight from model not in state dict, will skip
[36m(MegatronTrainRayActor pid=41865)[0m language_model.decoder.layers.21.self_attention.in_proj.weight.query from model not in state dict, will skip
[36m(MegatronTrainRayActor pid=41865)[0m language_model.decoder.layers.21.self_attention.in_proj.weight.key from model not in state dict, will skip
[36m(MegatronTrainRayActor pid=41865)[0m language_model.decoder.layers.21.self_attention.in_proj.weight.value from model not in state dict, will skip
[36m(MegatronTrainRayActor pid=41865)[0m language_model.decoder.layers.21.self_attention.in_proj.weight.z from model not in state dict, will skip
[36m(MegatronTrainRayActor pid=41865)[0m language_model.decoder.layers.21.self_attention.in_proj.weight.beta from model not in state dict, will skip
[36m(MegatronTrainRayActor pid=41865)[0m language_model.decoder.layers.21.self_attention.in_proj.weight.alpha from model not in state dict, will skip
[36m(MegatronTrainRayActor pid=41865)[0m language_model.decoder.layers.21.self_attention.conv1d.weight.query from model not in state dict, will skip
[36m(MegatronTrainRayActor pid=41865)[0m language_model.decoder.layers.21.self_attention.conv1d.weight.key from model not in state dict, will skip
[36m(MegatronTrainRayActor pid=41865)[0m language_model.decoder.layers.21.self_attention.conv1d.weight.value from model not in state dict, will skip
[36m(MegatronTrainRayActor pid=41865)[0m language_model.decoder.layers.21.self_attention.out_norm.weight from model not in state dict, will skip
[36m(MegatronTrainRayActor pid=41865)[0m language_model.decoder.layers.21.self_attention.out_proj.weight from model not in state dict, will skip
[36m(MegatronTrainRayActor pid=41865)[0m language_model.decoder.layers.21.mlp.linear_fc1.layer_norm_weight from model not in state dict, will skip
[36m(MegatronTrainRayActor pid=41865)[0m language_model.decoder.layers.21.mlp.linear_fc1.weight from model not in state dict, will skip
[36m(MegatronTrainRayActor pid=41865)[0m language_model.decoder.layers.21.mlp.linear_fc1.weight from model not in state dict, will skip
[36m(MegatronTrainRayActor pid=41865)[0m language_model.decoder.layers.21.mlp.linear_fc2.weight from model not in state dict, will skip
[36m(MegatronTrainRayActor pid=41865)[0m language_model.decoder.layers.22.self_attention.dt_bias from model not in state dict, will skip
[36m(MegatronTrainRayActor pid=41865)[0m language_model.decoder.layers.22.self_attention.A_log from model not in state dict, will skip
[36m(MegatronTrainRayActor pid=41865)[0m language_model.decoder.layers.22.self_attention.in_proj.layer_norm_weight from model not in state dict, will skip
[36m(MegatronTrainRayActor pid=41865)[0m language_model.decoder.layers.22.self_attention.in_proj.weight.query from model not in state dict, will skip
[36m(MegatronTrainRayActor pid=41865)[0m language_model.decoder.layers.22.self_attention.in_proj.weight.key from model not in state dict, will skip
[36m(MegatronTrainRayActor pid=41865)[0m language_model.decoder.layers.22.self_attention.in_proj.weight.value from model not in state dict, will skip
[36m(MegatronTrainRayActor pid=41865)[0m language_model.decoder.layers.22.self_attention.in_proj.weight.z from model not in state dict, will skip
[36m(MegatronTrainRayActor pid=41865)[0m language_model.decoder.layers.22.self_attention.in_proj.weight.beta from model not in state dict, will skip
[36m(MegatronTrainRayActor pid=41865)[0m language_model.decoder.layers.22.self_attention.in_proj.weight.alpha from model not in state dict, will skip
[36m(MegatronTrainRayActor pid=41865)[0m language_model.decoder.layers.22.self_attention.conv1d.weight.query from model not in state dict, will skip
[36m(MegatronTrainRayActor pid=41865)[0m language_model.decoder.layers.22.self_attention.conv1d.weight.key from model not in state dict, will skip
[36m(MegatronTrainRayActor pid=41865)[0m language_model.decoder.layers.22.self_attention.conv1d.weight.value from model not in state dict, will skip
[36m(MegatronTrainRayActor pid=41865)[0m language_model.decoder.layers.22.self_attention.out_norm.weight from model not in state dict, will skip
[36m(MegatronTrainRayActor pid=41865)[0m language_model.decoder.layers.22.self_attention.out_proj.weight from model not in state dict, will skip
[36m(MegatronTrainRayActor pid=41865)[0m language_model.decoder.layers.22.mlp.linear_fc1.layer_norm_weight from model not in state dict, will skip
[36m(MegatronTrainRayActor pid=41865)[0m language_model.decoder.layers.22.mlp.linear_fc1.weight from model not in state dict, will skip
[36m(MegatronTrainRayActor pid=41865)[0m language_model.decoder.layers.22.mlp.linear_fc1.weight from model not in state dict, will skip
[36m(MegatronTrainRayActor pid=41865)[0m language_model.decoder.layers.22.mlp.linear_fc2.weight from model not in state dict, will skip
[36m(MegatronTrainRayActor pid=41865)[0m language_model.decoder.layers.23.self_attention.linear_proj.weight from model not in state dict, will skip
[36m(MegatronTrainRayActor pid=41865)[0m language_model.decoder.layers.23.self_attention.linear_qkv.layer_norm_weight from model not in state dict, will skip
[36m(MegatronTrainRayActor pid=41865)[0m language_model.decoder.layers.23.self_attention.linear_qkv.weight from model not in state dict, will skip
[36m(MegatronTrainRayActor pid=41865)[0m language_model.decoder.layers.23.self_attention.q_layernorm.weight from model not in state dict, will skip
[36m(MegatronTrainRayActor pid=41865)[0m language_model.decoder.layers.23.self_attention.k_layernorm.weight from model not in state dict, will skip
[36m(MegatronTrainRayActor pid=41865)[0m language_model.decoder.layers.23.mlp.linear_fc1.layer_norm_weight from model not in state dict, will skip
[36m(MegatronTrainRayActor pid=41865)[0m language_model.decoder.layers.23.mlp.linear_fc1.weight from model not in state dict, will skip
[36m(MegatronTrainRayActor pid=41865)[0m language_model.decoder.layers.23.mlp.linear_fc1.weight from model not in state dict, will skip
[36m(MegatronTrainRayActor pid=41865)[0m language_model.decoder.layers.23.mlp.linear_fc2.weight from model not in state dict, will skip
[36m(MegatronTrainRayActor pid=41865)[0m language_model.decoder.layers.24.self_attention.dt_bias from model not in state dict, will skip
[36m(MegatronTrainRayActor pid=41865)[0m language_model.decoder.layers.24.self_attention.A_log from model not in state dict, will skip
[36m(MegatronTrainRayActor pid=41865)[0m language_model.decoder.layers.24.self_attention.in_proj.layer_norm_weight from model not in state dict, will skip
[36m(MegatronTrainRayActor pid=41865)[0m language_model.decoder.layers.24.self_attention.in_proj.weight.query from model not in state dict, will skip
[36m(MegatronTrainRayActor pid=41865)[0m language_model.decoder.layers.24.self_attention.in_proj.weight.key from model not in state dict, will skip
[36m(MegatronTrainRayActor pid=41865)[0m language_model.decoder.layers.24.self_attention.in_proj.weight.value from model not in state dict, will skip
[36m(MegatronTrainRayActor pid=41865)[0m language_model.decoder.layers.24.self_attention.in_proj.weight.z from model not in state dict, will skip
[36m(MegatronTrainRayActor pid=41865)[0m language_model.decoder.layers.24.self_attention.in_proj.weight.beta from model not in state dict, will skip
[36m(MegatronTrainRayActor pid=41865)[0m language_model.decoder.layers.24.self_attention.in_proj.weight.alpha from model not in state dict, will skip
[36m(MegatronTrainRayActor pid=41865)[0m language_model.decoder.layers.24.self_attention.conv1d.weight.query from model not in state dict, will skip
[36m(MegatronTrainRayActor pid=41865)[0m language_model.decoder.layers.24.self_attention.conv1d.weight.key from model not in state dict, will skip
[36m(MegatronTrainRayActor pid=41865)[0m language_model.decoder.layers.24.self_attention.conv1d.weight.value from model not in state dict, will skip
[36m(MegatronTrainRayActor pid=41865)[0m language_model.decoder.layers.24.self_attention.out_norm.weight from model not in state dict, will skip
[36m(MegatronTrainRayActor pid=41865)[0m language_model.decoder.layers.24.self_attention.out_proj.weight from model not in state dict, will skip
[36m(MegatronTrainRayActor pid=41865)[0m language_model.decoder.layers.24.mlp.linear_fc1.layer_norm_weight from model not in state dict, will skip
[36m(MegatronTrainRayActor pid=41865)[0m language_model.decoder.layers.24.mlp.linear_fc1.weight from model not in state dict, will skip
[36m(MegatronTrainRayActor pid=41865)[0m language_model.decoder.layers.24.mlp.linear_fc1.weight from model not in state dict, will skip
[36m(MegatronTrainRayActor pid=41865)[0m language_model.decoder.layers.24.mlp.linear_fc2.weight from model not in state dict, will skip
[36m(MegatronTrainRayActor pid=41865)[0m language_model.decoder.layers.25.self_attention.dt_bias from model not in state dict, will skip
[36m(MegatronTrainRayActor pid=41865)[0m language_model.decoder.layers.25.self_attention.A_log from model not in state dict, will skip
[36m(MegatronTrainRayActor pid=41865)[0m language_model.decoder.layers.25.self_attention.in_proj.layer_norm_weight from model not in state dict, will skip
[36m(MegatronTrainRayActor pid=41865)[0m language_model.decoder.layers.25.self_attention.in_proj.weight.query from model not in state dict, will skip
[36m(MegatronTrainRayActor pid=41865)[0m language_model.decoder.layers.25.self_attention.in_proj.weight.key from model not in state dict, will skip
[36m(MegatronTrainRayActor pid=41865)[0m language_model.decoder.layers.25.self_attention.in_proj.weight.value from model not in state dict, will skip
[36m(MegatronTrainRayActor pid=41865)[0m language_model.decoder.layers.25.self_attention.in_proj.weight.z from model not in state dict, will skip
[36m(MegatronTrainRayActor pid=41865)[0m language_model.decoder.layers.25.self_attention.in_proj.weight.beta from model not in state dict, will skip
[36m(MegatronTrainRayActor pid=41865)[0m language_model.decoder.layers.25.self_attention.in_proj.weight.alpha from model not in state dict, will skip
[36m(MegatronTrainRayActor pid=41865)[0m language_model.decoder.layers.25.self_attention.conv1d.weight.query from model not in state dict, will skip
[36m(MegatronTrainRayActor pid=41865)[0m language_model.decoder.layers.25.self_attention.conv1d.weight.key from model not in state dict, will skip
[36m(MegatronTrainRayActor pid=41865)[0m language_model.decoder.layers.25.self_attention.conv1d.weight.value from model not in state dict, will skip
[36m(MegatronTrainRayActor pid=41865)[0m language_model.decoder.layers.25.self_attention.out_norm.weight from model not in state dict, will skip
[36m(MegatronTrainRayActor pid=41865)[0m language_model.decoder.layers.25.self_attention.out_proj.weight from model not in state dict, will skip
[36m(MegatronTrainRayActor pid=41865)[0m language_model.decoder.layers.25.mlp.linear_fc1.layer_norm_weight from model not in state dict, will skip
[36m(MegatronTrainRayActor pid=41865)[0m language_model.decoder.layers.25.mlp.linear_fc1.weight from model not in state dict, will skip
[36m(MegatronTrainRayActor pid=41865)[0m language_model.decoder.layers.25.mlp.linear_fc1.weight from model not in state dict, will skip
[36m(MegatronTrainRayActor pid=41865)[0m language_model.decoder.layers.25.mlp.linear_fc2.weight from model not in state dict, will skip
[36m(MegatronTrainRayActor pid=41865)[0m language_model.decoder.layers.26.self_attention.dt_bias from model not in state dict, will skip
[36m(MegatronTrainRayActor pid=41865)[0m language_model.decoder.layers.26.self_attention.A_log from model not in state dict, will skip
[36m(MegatronTrainRayActor pid=41865)[0m language_model.decoder.layers.26.self_attention.in_proj.layer_norm_weight from model not in state dict, will skip
[36m(MegatronTrainRayActor pid=41865)[0m language_model.decoder.layers.26.self_attention.in_proj.weight.query from model not in state dict, will skip
[36m(MegatronTrainRayActor pid=41865)[0m language_model.decoder.layers.26.self_attention.in_proj.weight.key from model not in state dict, will skip
[36m(MegatronTrainRayActor pid=41865)[0m language_model.decoder.layers.26.self_attention.in_proj.weight.value from model not in state dict, will skip
[36m(MegatronTrainRayActor pid=41865)[0m language_model.decoder.layers.26.self_attention.in_proj.weight.z from model not in state dict, will skip
[36m(MegatronTrainRayActor pid=41865)[0m language_model.decoder.layers.26.self_attention.in_proj.weight.beta from model not in state dict, will skip
[36m(MegatronTrainRayActor pid=41865)[0m language_model.decoder.layers.26.self_attention.in_proj.weight.alpha from model not in state dict, will skip
[36m(MegatronTrainRayActor pid=41865)[0m language_model.decoder.layers.26.self_attention.conv1d.weight.query from model not in state dict, will skip
[36m(MegatronTrainRayActor pid=41865)[0m language_model.decoder.layers.26.self_attention.conv1d.weight.key from model not in state dict, will skip
[36m(MegatronTrainRayActor pid=41865)[0m language_model.decoder.layers.26.self_attention.conv1d.weight.value from model not in state dict, will skip
[36m(MegatronTrainRayActor pid=41865)[0m language_model.decoder.layers.26.self_attention.out_norm.weight from model not in state dict, will skip
[36m(MegatronTrainRayActor pid=41865)[0m language_model.decoder.layers.26.self_attention.out_proj.weight from model not in state dict, will skip
[36m(MegatronTrainRayActor pid=41865)[0m language_model.decoder.layers.26.mlp.linear_fc1.layer_norm_weight from model not in state dict, will skip
[36m(MegatronTrainRayActor pid=41865)[0m language_model.decoder.layers.26.mlp.linear_fc1.weight from model not in state dict, will skip
[36m(MegatronTrainRayActor pid=41865)[0m language_model.decoder.layers.26.mlp.linear_fc1.weight from model not in state dict, will skip
[36m(MegatronTrainRayActor pid=41865)[0m language_model.decoder.layers.26.mlp.linear_fc2.weight from model not in state dict, will skip
[36m(MegatronTrainRayActor pid=41865)[0m language_model.decoder.layers.27.self_attention.linear_proj.weight from model not in state dict, will skip
[36m(MegatronTrainRayActor pid=41865)[0m language_model.decoder.layers.27.self_attention.linear_qkv.layer_norm_weight from model not in state dict, will skip
[36m(MegatronTrainRayActor pid=41865)[0m language_model.decoder.layers.27.self_attention.linear_qkv.weight from model not in state dict, will skip
[36m(MegatronTrainRayActor pid=41865)[0m language_model.decoder.layers.27.self_attention.q_layernorm.weight from model not in state dict, will skip
[36m(MegatronTrainRayActor pid=41865)[0m language_model.decoder.layers.27.self_attention.k_layernorm.weight from model not in state dict, will skip
[36m(MegatronTrainRayActor pid=41865)[0m language_model.decoder.layers.27.mlp.linear_fc1.layer_norm_weight from model not in state dict, will skip
[36m(MegatronTrainRayActor pid=41865)[0m language_model.decoder.layers.27.mlp.linear_fc1.weight from model not in state dict, will skip
[36m(MegatronTrainRayActor pid=41865)[0m language_model.decoder.layers.27.mlp.linear_fc1.weight from model not in state dict, will skip
[36m(MegatronTrainRayActor pid=41865)[0m language_model.decoder.layers.27.mlp.linear_fc2.weight from model not in state dict, will skip
[36m(MegatronTrainRayActor pid=41865)[0m language_model.decoder.layers.28.self_attention.dt_bias from model not in state dict, will skip
[36m(MegatronTrainRayActor pid=41865)[0m language_model.decoder.layers.28.self_attention.A_log from model not in state dict, will skip
[36m(MegatronTrainRayActor pid=41865)[0m language_model.decoder.layers.28.self_attention.in_proj.layer_norm_weight from model not in state dict, will skip
[36m(MegatronTrainRayActor pid=41865)[0m language_model.decoder.layers.28.self_attention.in_proj.weight.query from model not in state dict, will skip
[36m(MegatronTrainRayActor pid=41865)[0m language_model.decoder.layers.28.self_attention.in_proj.weight.key from model not in state dict, will skip
[36m(MegatronTrainRayActor pid=41865)[0m language_model.decoder.layers.28.self_attention.in_proj.weight.value from model not in state dict, will skip
[36m(MegatronTrainRayActor pid=41865)[0m language_model.decoder.layers.28.self_attention.in_proj.weight.z from model not in state dict, will skip
[36m(MegatronTrainRayActor pid=41865)[0m language_model.decoder.layers.28.self_attention.in_proj.weight.beta from model not in state dict, will skip
[36m(MegatronTrainRayActor pid=41865)[0m language_model.decoder.layers.28.self_attention.in_proj.weight.alpha from model not in state dict, will skip
[36m(MegatronTrainRayActor pid=41865)[0m language_model.decoder.layers.28.self_attention.conv1d.weight.query from model not in state dict, will skip
[36m(MegatronTrainRayActor pid=41865)[0m language_model.decoder.layers.28.self_attention.conv1d.weight.key from model not in state dict, will skip
[36m(MegatronTrainRayActor pid=41865)[0m language_model.decoder.layers.28.self_attention.conv1d.weight.value from model not in state dict, will skip
[36m(MegatronTrainRayActor pid=41865)[0m language_model.decoder.layers.28.self_attention.out_norm.weight from model not in state dict, will skip
[36m(MegatronTrainRayActor pid=41865)[0m language_model.decoder.layers.28.self_attention.out_proj.weight from model not in state dict, will skip
[36m(MegatronTrainRayActor pid=41865)[0m language_model.decoder.layers.28.mlp.linear_fc1.layer_norm_weight from model not in state dict, will skip
[36m(MegatronTrainRayActor pid=41865)[0m language_model.decoder.layers.28.mlp.linear_fc1.weight from model not in state dict, will skip
[36m(MegatronTrainRayActor pid=41865)[0m language_model.decoder.layers.28.mlp.linear_fc1.weight from model not in state dict, will skip
[36m(MegatronTrainRayActor pid=41865)[0m language_model.decoder.layers.28.mlp.linear_fc2.weight from model not in state dict, will skip
[36m(MegatronTrainRayActor pid=41865)[0m language_model.decoder.layers.29.self_attention.dt_bias from model not in state dict, will skip
[36m(MegatronTrainRayActor pid=41865)[0m language_model.decoder.layers.29.self_attention.A_log from model not in state dict, will skip
[36m(MegatronTrainRayActor pid=41865)[0m language_model.decoder.layers.29.self_attention.in_proj.layer_norm_weight from model not in state dict, will skip
[36m(MegatronTrainRayActor pid=41865)[0m language_model.decoder.layers.29.self_attention.in_proj.weight.query from model not in state dict, will skip
[36m(MegatronTrainRayActor pid=41865)[0m language_model.decoder.layers.29.self_attention.in_proj.weight.key from model not in state dict, will skip
[36m(MegatronTrainRayActor pid=41865)[0m language_model.decoder.layers.29.self_attention.in_proj.weight.value from model not in state dict, will skip
[36m(MegatronTrainRayActor pid=41865)[0m language_model.decoder.layers.29.self_attention.in_proj.weight.z from model not in state dict, will skip
[36m(MegatronTrainRayActor pid=41865)[0m language_model.decoder.layers.29.self_attention.in_proj.weight.beta from model not in state dict, will skip
[36m(MegatronTrainRayActor pid=41865)[0m language_model.decoder.layers.29.self_attention.in_proj.weight.alpha from model not in state dict, will skip
[36m(MegatronTrainRayActor pid=41865)[0m language_model.decoder.layers.29.self_attention.conv1d.weight.query from model not in state dict, will skip
[36m(MegatronTrainRayActor pid=41865)[0m language_model.decoder.layers.29.self_attention.conv1d.weight.key from model not in state dict, will skip
[36m(MegatronTrainRayActor pid=41865)[0m language_model.decoder.layers.29.self_attention.conv1d.weight.value from model not in state dict, will skip
[36m(MegatronTrainRayActor pid=41865)[0m language_model.decoder.layers.29.self_attention.out_norm.weight from model not in state dict, will skip
[36m(MegatronTrainRayActor pid=41865)[0m language_model.decoder.layers.29.self_attention.out_proj.weight from model not in state dict, will skip
[36m(MegatronTrainRayActor pid=41865)[0m language_model.decoder.layers.29.mlp.linear_fc1.layer_norm_weight from model not in state dict, will skip
[36m(MegatronTrainRayActor pid=41865)[0m language_model.decoder.layers.29.mlp.linear_fc1.weight from model not in state dict, will skip
[36m(MegatronTrainRayActor pid=41865)[0m language_model.decoder.layers.29.mlp.linear_fc1.weight from model not in state dict, will skip
[36m(MegatronTrainRayActor pid=41865)[0m language_model.decoder.layers.29.mlp.linear_fc2.weight from model not in state dict, will skip
[36m(MegatronTrainRayActor pid=41865)[0m language_model.decoder.layers.30.self_attention.dt_bias from model not in state dict, will skip
[36m(MegatronTrainRayActor pid=41865)[0m language_model.decoder.layers.30.self_attention.A_log from model not in state dict, will skip
[36m(MegatronTrainRayActor pid=41865)[0m language_model.decoder.layers.30.self_attention.in_proj.layer_norm_weight from model not in state dict, will skip
[36m(MegatronTrainRayActor pid=41865)[0m language_model.decoder.layers.30.self_attention.in_proj.weight.query from model not in state dict, will skip
[36m(MegatronTrainRayActor pid=41865)[0m language_model.decoder.layers.30.self_attention.in_proj.weight.key from model not in state dict, will skip
[36m(MegatronTrainRayActor pid=41865)[0m language_model.decoder.layers.30.self_attention.in_proj.weight.value from model not in state dict, will skip
[36m(MegatronTrainRayActor pid=41865)[0m language_model.decoder.layers.30.self_attention.in_proj.weight.z from model not in state dict, will skip
[36m(MegatronTrainRayActor pid=41865)[0m language_model.decoder.layers.30.self_attention.in_proj.weight.beta from model not in state dict, will skip
[36m(MegatronTrainRayActor pid=41865)[0m language_model.decoder.layers.30.self_attention.in_proj.weight.alpha from model not in state dict, will skip
[36m(MegatronTrainRayActor pid=41865)[0m language_model.decoder.layers.30.self_attention.conv1d.weight.query from model not in state dict, will skip
[36m(MegatronTrainRayActor pid=41865)[0m language_model.decoder.layers.30.self_attention.conv1d.weight.key from model not in state dict, will skip
[36m(MegatronTrainRayActor pid=41865)[0m language_model.decoder.layers.30.self_attention.conv1d.weight.value from model not in state dict, will skip
[36m(MegatronTrainRayActor pid=41865)[0m language_model.decoder.layers.30.self_attention.out_norm.weight from model not in state dict, will skip
[36m(MegatronTrainRayActor pid=41865)[0m language_model.decoder.layers.30.self_attention.out_proj.weight from model not in state dict, will skip
[36m(MegatronTrainRayActor pid=41865)[0m language_model.decoder.layers.30.mlp.linear_fc1.layer_norm_weight from model not in state dict, will skip
[36m(MegatronTrainRayActor pid=41865)[0m language_model.decoder.layers.30.mlp.linear_fc1.weight from model not in state dict, will skip
[36m(MegatronTrainRayActor pid=41865)[0m language_model.decoder.layers.30.mlp.linear_fc1.weight from model not in state dict, will skip
[36m(MegatronTrainRayActor pid=41865)[0m language_model.decoder.layers.30.mlp.linear_fc2.weight from model not in state dict, will skip
[36m(MegatronTrainRayActor pid=41865)[0m language_model.decoder.layers.31.self_attention.linear_proj.weight from model not in state dict, will skip
[36m(MegatronTrainRayActor pid=41865)[0m language_model.decoder.layers.31.self_attention.linear_qkv.layer_norm_weight from model not in state dict, will skip
[36m(MegatronTrainRayActor pid=41865)[0m language_model.decoder.layers.31.self_attention.linear_qkv.weight from model not in state dict, will skip
[36m(MegatronTrainRayActor pid=41865)[0m language_model.decoder.layers.31.self_attention.q_layernorm.weight from model not in state dict, will skip
[36m(MegatronTrainRayActor pid=41865)[0m language_model.decoder.layers.31.self_attention.k_layernorm.weight from model not in state dict, will skip
[36m(MegatronTrainRayActor pid=41865)[0m language_model.decoder.layers.31.mlp.linear_fc1.layer_norm_weight from model not in state dict, will skip
[36m(MegatronTrainRayActor pid=41865)[0m language_model.decoder.layers.31.mlp.linear_fc1.weight from model not in state dict, will skip
[36m(MegatronTrainRayActor pid=41865)[0m language_model.decoder.layers.31.mlp.linear_fc1.weight from model not in state dict, will skip
[36m(MegatronTrainRayActor pid=41865)[0m language_model.decoder.layers.31.mlp.linear_fc2.weight from model not in state dict, will skip
[36m(MegatronTrainRayActor pid=41865)[0m language_model.decoder.final_layernorm.weight from model not in state dict, will skip
[36m(MegatronTrainRayActor pid=41865)[0m language_model.mtp.layers.0.enorm.weight from model not in state dict, will skip
[36m(MegatronTrainRayActor pid=41865)[0m language_model.mtp.layers.0.hnorm.weight from model not in state dict, will skip
[36m(MegatronTrainRayActor pid=41865)[0m language_model.mtp.layers.0.eh_proj.weight from model not in state dict, will skip
[36m(MegatronTrainRayActor pid=41865)[0m language_model.mtp.layers.0.transformer_layer.self_attention.linear_proj.weight from model not in state dict, will skip
[36m(MegatronTrainRayActor pid=41865)[0m language_model.mtp.layers.0.transformer_layer.self_attention.linear_qkv.layer_norm_weight from model not in state dict, will skip
[36m(MegatronTrainRayActor pid=41865)[0m language_model.mtp.layers.0.transformer_layer.self_attention.linear_qkv.weight from model not in state dict, will skip
[36m(MegatronTrainRayActor pid=41865)[0m language_model.mtp.layers.0.transformer_layer.self_attention.q_layernorm.weight from model not in state dict, will skip
[36m(MegatronTrainRayActor pid=41865)[0m language_model.mtp.layers.0.transformer_layer.self_attention.k_layernorm.weight from model not in state dict, will skip
[36m(MegatronTrainRayActor pid=41865)[0m language_model.mtp.layers.0.transformer_layer.mlp.linear_fc1.layer_norm_weight from model not in state dict, will skip
[36m(MegatronTrainRayActor pid=41865)[0m language_model.mtp.layers.0.transformer_layer.mlp.linear_fc1.weight from model not in state dict, will skip
[36m(MegatronTrainRayActor pid=41865)[0m language_model.mtp.layers.0.transformer_layer.mlp.linear_fc1.weight from model not in state dict, will skip
[36m(MegatronTrainRayActor pid=41865)[0m language_model.mtp.layers.0.transformer_layer.mlp.linear_fc2.weight from model not in state dict, will skip
[36m(MegatronTrainRayActor pid=41865)[0m language_model.mtp.layers.0.final_layernorm.weight from model not in state dict, will skip
[36m(MegatronTrainRayActor pid=41865)[0m could not find arguments in the checkpoint ...
[36m(MegatronTrainRayActor pid=41865)[0m  checkpoint version 3.0
[36m(MegatronTrainRayActor pid=41865)[0m   successfully loaded checkpoint from /root/models/Qwen3.5-4B_torch_dist [ t 1/1, p 1/1 ] at iteration 0
[36m(MegatronTrainRayActor pid=41865)[0m [2026-08-06 03:40:52.977 actor_cell0_rank0] structured_log.py:27 - ft cls=MegatronTrainRayActor fn=load_other_checkpoint phase=end ok=true elapsed_s=4.9
[36m(MegatronTrainRayActor pid=41865)[0m [2026-08-06 03:40:52.978 actor_cell0_rank0] auto_bridge.py:328 - Loading a model with trust_remote_code=True allows arbitrary code execution from the model repository. Only use this with models you trust.
[36m(MegatronTrainRayActor pid=41865)[0m [2026-08-06 03:40:53.678 actor_cell0_rank0] structured_log.py:23 - ft cls=MegatronTrainRayActor fn=sleep phase=start
[36m(MegatronTrainRayActor pid=41865)[0m [2026-08-06 03:40:53.678 actor_cell0_rank0] timer.py:31 - Timer sleep start
[33m(raylet)[0m [2026-08-06 03:40:53,776 E 37762 37786] (raylet) file_system_monitor.cc:116: /tmp/ray/session_2026-08-06_03-34-52_628859_37062 is over 95% full, available space: 0.000637054 GB; capacity: 100 GB. Object creation will fail if spilling is required.
[36m(MegatronTrainRayActor pid=41865)[0m [2026-08-06 03:40:53.923 actor_cell0_rank0] memory_utils.py:41 - [Rank 0] Memory-Usage before offload model: {'gpu': '0', 'total_GB': 139.81, 'free_GB': 93.32, 'used_GB': 46.5, 'allocated_GB': 43.4, 'reserved_GB': 43.68}
[36m(MegatronTrainRayActor pid=41865)[0m [2026-08-06 03:41:03.167 actor_cell0_rank0] memory_utils.py:41 - [Rank 0] Memory-Usage after offload model: {'gpu': '0', 'total_GB': 139.81, 'free_GB': 136.96, 'used_GB': 2.85, 'allocated_GB': 43.4, 'reserved_GB': 43.68}
[36m(MegatronTrainRayActor pid=41865)[0m [2026-08-06 03:41:03.168 actor_cell0_rank0] timer.py:42 - Timer sleep end (elapsed: 9.5s)
[36m(MegatronTrainRayActor pid=41865)[0m [2026-08-06 03:41:03.168 actor_cell0_rank0] structured_log.py:27 - ft cls=MegatronTrainRayActor fn=sleep phase=end ok=true elapsed_s=9.5
[36m(MegatronTrainRayActor pid=41865)[0m [2026-08-06 03:41:03.168 actor_cell0_rank0] timer.py:31 - Timer train_wait start
[36m(MegatronTrainRayActor pid=41865)[0m [2026-08-06 03:41:03.168 actor_cell0_rank0] structured_log.py:27 - ft cls=MegatronTrainRayActor fn=init phase=end ok=true elapsed_s=23.6
[36m(RolloutManager pid=41303)[0m [2026-08-06 03:41:03.263 rollout_manager] data_source.py:148 - Checkpoint /root/models/Qwen3.5-4B_torch_dist/rollout/global_dataset_state_dict_-1.pt does not exist.
[36m(SGLangEngine pid=41514)[0m [2026-08-06 03:41:03] INFO:     172.25.0.2:55936 - "POST /resume_memory_occupation HTTP/1.1" 200 OK
[36m(SGLangEngine pid=41514)[0m [2026-08-06 03:41:03] INFO:     172.25.0.2:55946 - "POST /pause_generation HTTP/1.1" 200 OK
[36m(SGLangEngine pid=41514)[0m [2026-08-06 03:41:03] INFO:     172.25.0.2:55962 - "GET /flush_cache HTTP/1.1" 200 OK
[36m(SGLangEngine pid=41514)[0m [2026-08-06 03:41:03] INFO:     172.25.0.2:55966 - "POST /begin_weight_update HTTP/1.1" 200 OK
[36m(SGLangEngine pid=41514)[0m /usr/local/lib/python3.12/dist-packages/fastapi/routing.py:352: FastAPIDeprecationWarning: ORJSONResponse is deprecated, FastAPI now serializes data directly to JSON bytes via Pydantic when a return type or response model is set, which is faster and doesn't need a custom response class. Read more in the FastAPI docs: https://fastapi.tiangolo.com/advanced/custom-response/#orjson-or-response-model and https://fastapi.tiangolo.com/tutorial/response-model/
[36m(SGLangEngine pid=41514)[0m   return await dependant.call(**values)
[36m(SGLangEngine pid=41514)[0m [2026-08-06 03:41:03] Reset HybridReqToTokenPool
[36m(SGLangEngine pid=41514)[0m [2026-08-06 03:41:03] Cache flushed successfully!
[36m(MegatronTrainRayActor pid=41865)[0m [2026-08-06 03:41:03.319 actor_cell0_rank0] structured_log.py:23 - ft cls=MegatronTrainRayActor fn=update_weights phase=start
[36m(MegatronTrainRayActor pid=41865)[0m [2026-08-06 03:41:03.319 actor_cell0_rank0] timer.py:31 - Timer update_weights start
[36m(MegatronTrainRayActor pid=41865)[0m [2026-08-06 03:41:03.320 actor_cell0_rank0] reloadable_process_group.py:151 - Reloading 0 process groups in pid 41865
[36m(MegatronTrainRayActor pid=41865)[0m [2026-08-06 03:41:03.321 actor_cell0_rank0] memory_utils.py:41 - [Rank 0] Memory-Usage before update_weights: {'gpu': '0', 'total_GB': 139.81, 'free_GB': 128.34, 'used_GB': 11.47, 'allocated_GB': 43.4, 'reserved_GB': 43.68}
[36m(MegatronTrainRayActor pid=41865)[0m [2026-08-06 03:41:03.463 actor_cell0_rank0] model_bridge.py:1582 - WARNING: No mapping found for megatron_param: language_model.mtp.layers.0.transformer_layer.self_attention.linear_proj.weight
[36m(MegatronTrainRayActor pid=41865)[0m [2026-08-06 03:41:03.463 actor_cell0_rank0] model_bridge.py:1582 - WARNING: No mapping found for megatron_param: language_model.mtp.layers.0.transformer_layer.self_attention.linear_qkv.layer_norm_weight
[36m(MegatronTrainRayActor pid=41865)[0m [2026-08-06 03:41:03.463 actor_cell0_rank0] model_bridge.py:1582 - WARNING: No mapping found for megatron_param: language_model.mtp.layers.0.transformer_layer.self_attention.linear_qkv.weight
[36m(MegatronTrainRayActor pid=41865)[0m [2026-08-06 03:41:03.464 actor_cell0_rank0] model_bridge.py:1582 - WARNING: No mapping found for megatron_param: language_model.mtp.layers.0.transformer_layer.self_attention.q_layernorm.weight
[36m(MegatronTrainRayActor pid=41865)[0m [2026-08-06 03:41:03.464 actor_cell0_rank0] model_bridge.py:1582 - WARNING: No mapping found for megatron_param: language_model.mtp.layers.0.transformer_layer.self_attention.k_layernorm.weight
[36m(MegatronTrainRayActor pid=41865)[0m [2026-08-06 03:41:03.464 actor_cell0_rank0] model_bridge.py:1582 - WARNING: No mapping found for megatron_param: language_model.mtp.layers.0.transformer_layer.mlp.linear_fc1.layer_norm_weight
[36m(MegatronTrainRayActor pid=41865)[0m [2026-08-06 03:41:03.464 actor_cell0_rank0] model_bridge.py:1582 - WARNING: No mapping found for megatron_param: language_model.mtp.layers.0.transformer_layer.mlp.linear_fc1.weight
[36m(MegatronTrainRayActor pid=41865)[0m [2026-08-06 03:41:03.464 actor_cell0_rank0] model_bridge.py:1582 - WARNING: No mapping found for megatron_param: language_model.mtp.layers.0.transformer_layer.mlp.linear_fc2.weight
[33m(raylet)[0m [2026-08-06 03:41:03,778 E 37762 37786] (raylet) file_system_monitor.cc:116: /tmp/ray/session_2026-08-06_03-34-52_628859_37062 is over 95% full, available space: 0.000469208 GB; capacity: 100 GB. Object creation will fail if spilling is required.
[36m(SGLangEngine pid=41514)[0m [2026-08-06 03:41:03] INFO:     172.25.0.2:55974 - "POST /update_weights_from_tensor HTTP/1.1" 200 OK
[36m(SGLangEngine pid=41514)[0m [2026-08-06 03:41:03] INFO:     172.25.0.2:55976 - "POST /update_weights_from_tensor HTTP/1.1" 200 OK
[36m(SGLangEngine pid=41514)[0m [2026-08-06 03:41:03] INFO:     172.25.0.2:55978 - "POST /update_weights_from_tensor HTTP/1.1" 200 OK
[36m(SGLangEngine pid=41514)[0m [2026-08-06 03:41:03] INFO:     172.25.0.2:55986 - "POST /update_weights_from_tensor HTTP/1.1" 200 OK
[36m(SGLangEngine pid=41514)[0m [2026-08-06 03:41:03] INFO:     172.25.0.2:55988 - "POST /update_weights_from_tensor HTTP/1.1" 200 OK
[36m(SGLangEngine pid=41514)[0m [2026-08-06 03:41:03] INFO:     172.25.0.2:55992 - "POST /update_weights_from_tensor HTTP/1.1" 200 OK
[36m(SGLangEngine pid=41514)[0m [2026-08-06 03:41:03] INFO:     172.25.0.2:56004 - "POST /update_weights_from_tensor HTTP/1.1" 200 OK
[36m(SGLangEngine pid=41514)[0m [2026-08-06 03:41:03] INFO:     172.25.0.2:56020 - "POST /update_weights_from_tensor HTTP/1.1" 200 OK
[36m(SGLangEngine pid=41514)[0m [2026-08-06 03:41:03] INFO:     172.25.0.2:56028 - "POST /update_weights_from_tensor HTTP/1.1" 200 OK
[36m(SGLangEngine pid=41514)[0m [2026-08-06 03:41:03] INFO:     172.25.0.2:56036 - "POST /update_weights_from_tensor HTTP/1.1" 200 OK
[36m(SGLangEngine pid=41514)[0m [2026-08-06 03:41:03] INFO:     172.25.0.2:56038 - "POST /update_weights_from_tensor HTTP/1.1" 200 OK
[36m(SGLangEngine pid=41514)[0m [2026-08-06 03:41:04] INFO:     172.25.0.2:56052 - "POST /update_weights_from_tensor HTTP/1.1" 200 OK
[36m(SGLangEngine pid=41514)[0m [2026-08-06 03:41:04] INFO:     172.25.0.2:56058 - "POST /update_weights_from_tensor HTTP/1.1" 200 OK
[36m(SGLangEngine pid=41514)[0m [2026-08-06 03:41:04] INFO:     172.25.0.2:56070 - "POST /update_weights_from_tensor HTTP/1.1" 200 OK
[36m(SGLangEngine pid=41514)[0m [2026-08-06 03:41:04] INFO:     172.25.0.2:56084 - "POST /update_weights_from_tensor HTTP/1.1" 200 OK
[36m(SGLangEngine pid=41514)[0m [2026-08-06 03:41:04] INFO:     172.25.0.2:56090 - "POST /update_weights_from_tensor HTTP/1.1" 200 OK
[36m(SGLangEngine pid=41514)[0m [2026-08-06 03:41:04] INFO:     172.25.0.2:56102 - "POST /update_weights_from_tensor HTTP/1.1" 200 OK
[36m(SGLangEngine pid=41514)[0m [2026-08-06 03:41:04] INFO:     172.25.0.2:56104 - "POST /update_weights_from_tensor HTTP/1.1" 200 OK
[36m(SGLangEngine pid=41514)[0m [2026-08-06 03:41:04] INFO:     172.25.0.2:56118 - "POST /end_weight_update HTTP/1.1" 200 OK
[36m(SGLangEngine pid=41514)[0m [2026-08-06 03:41:04] INFO:     172.25.0.2:56122 - "POST /continue_generation HTTP/1.1" 200 OK
[36m(SGLangEngine pid=41514)[0m [2026-08-06 03:41:04] [continue_generation] torch.cuda.empty_cache() called: reserved 71918.0 MB -> 71918.0 MB (freed 0.0 MB)
[36m(MegatronTrainRayActor pid=41865)[0m Converting to HuggingFace ━━━━━━━━━━━━━━━━ 100% 0:00:00 (615/615) Qwen35VLBridge
[36m(MegatronTrainRayActor pid=41865)[0m [2026-08-06 03:41:04.159 actor_cell0_rank0] memory_utils.py:41 - [Rank 0] Memory-Usage after update_weights: {'gpu': '0', 'total_GB': 139.81, 'free_GB': 125.56, 'used_GB': 14.25, 'allocated_GB': 43.4, 'reserved_GB': 46.05}
[36m(MegatronTrainRayActor pid=41865)[0m [2026-08-06 03:41:04.161 actor_cell0_rank0] timer.py:42 - Timer update_weights end (elapsed: 0.8s)
[36m(MegatronTrainRayActor pid=41865)[0m [2026-08-06 03:41:04.161 actor_cell0_rank0] structured_log.py:27 - ft cls=MegatronTrainRayActor fn=update_weights phase=end ok=true elapsed_s=0.8
[36m(SGLangEngine pid=41514)[0m [2026-08-06 03:41:04] INFO:     172.25.0.2:56124 - "POST /resume_memory_occupation HTTP/1.1" 200 OK
[36m(SGLangEngine pid=41514)[0m [2026-08-06 03:41:04] Prefill batch, #new-seq: 1, #new-token: 160, #cached-token: 0, full token usage: 0.01, mamba usage: 0.17, #running-req: 0, #queue-req: 30, #pending-token: 0, cuda graph: False, input throughput (token/s): 3.99
[36m(SGLangEngine pid=41514)[0m [2026-08-06 03:41:04] Prefill batch, #new-seq: 33, #new-token: 8192, #cached-token: 0, full token usage: 0.01, mamba usage: 0.33, #running-req: 1, #queue-req: 0, #pending-token: 8384, cuda graph: False, input throughput (token/s): 64710.84
[36m(SGLangEngine pid=41514)[0m [2026-08-06 03:41:04] Prefill batch, #new-seq: 31, #new-token: 7616, #cached-token: 768, full token usage: 0.00, mamba usage: 0.34, #running-req: 33, #queue-req: 0, #pending-token: 0, cuda graph: False, input throughput (token/s): 599165.56
[36m(SGLangEngine pid=41514)[0m [2026-08-06 03:41:05] Decode batch, #running-req: 64, #full token: 5907, full token usage: 0.01, mamba num: 201, mamba usage: 0.34, cuda graph: True, gen throughput (token/s): 60.07, #queue-req: 0
[36m(SGLangEngine pid=41514)[0m [2026-08-06 03:41:05] Decode batch, #running-req: 64, #full token: 8467, full token usage: 0.01, mamba num: 201, mamba usage: 0.34, cuda graph: True, gen throughput (token/s): 9928.77, #queue-req: 0
[36m(SGLangEngine pid=41514)[0m [2026-08-06 03:41:05] Decode batch, #running-req: 64, #full token: 11027, full token usage: 0.01, mamba num: 201, mamba usage: 0.34, cuda graph: True, gen throughput (token/s): 9886.02, #queue-req: 0
[36m(SGLangEngine pid=41514)[0m [2026-08-06 03:41:05] Decode batch, #running-req: 64, #full token: 13587, full token usage: 0.01, mamba num: 201, mamba usage: 0.34, cuda graph: True, gen throughput (token/s): 9850.25, #queue-req: 0
[36m(SGLangEngine pid=41514)[0m [2026-08-06 03:41:06] Decode batch, #running-req: 64, #full token: 16147, full token usage: 0.02, mamba num: 201, mamba usage: 0.34, cuda graph: True, gen throughput (token/s): 9957.33, #queue-req: 0
[36m(SGLangEngine pid=41514)[0m [2026-08-06 03:41:06] Decode batch, #running-req: 64, #full token: 18707, full token usage: 0.02, mamba num: 201, mamba usage: 0.34, cuda graph: True, gen throughput (token/s): 10437.02, #queue-req: 0
[36m(SGLangEngine pid=41514)[0m [2026-08-06 03:41:06] Decode batch, #running-req: 64, #full token: 21267, full token usage: 0.02, mamba num: 201, mamba usage: 0.34, cuda graph: True, gen throughput (token/s): 10316.93, #queue-req: 0
[36m(SGLangEngine pid=41514)[0m [2026-08-06 03:41:06] Decode batch, #running-req: 64, #full token: 23827, full token usage: 0.02, mamba num: 201, mamba usage: 0.34, cuda graph: True, gen throughput (token/s): 10006.98, #queue-req: 0
[36m(SGLangEngine pid=41514)[0m [2026-08-06 03:41:07] Decode batch, #running-req: 64, #full token: 26387, full token usage: 0.03, mamba num: 201, mamba usage: 0.34, cuda graph: True, gen throughput (token/s): 9434.38, #queue-req: 0
[36m(SGLangEngine pid=41514)[0m [2026-08-06 03:41:07] Decode batch, #running-req: 64, #full token: 28947, full token usage: 0.03, mamba num: 201, mamba usage: 0.34, cuda graph: True, gen throughput (token/s): 9934.14, #queue-req: 0
[36m(SGLangEngine pid=41514)[0m [2026-08-06 03:41:07] Decode batch, #running-req: 64, #full token: 31507, full token usage: 0.03, mamba num: 201, mamba usage: 0.34, cuda graph: True, gen throughput (token/s): 9637.24, #queue-req: 0
[36m(SGLangEngine pid=41514)[0m [2026-08-06 03:41:07] Decode batch, #running-req: 64, #full token: 34067, full token usage: 0.03, mamba num: 201, mamba usage: 0.34, cuda graph: True, gen throughput (token/s): 9879.00, #queue-req: 0
[36m(SGLangEngine pid=41514)[0m [2026-08-06 03:41:08] Decode batch, #running-req: 64, #full token: 36627, full token usage: 0.03, mamba num: 201, mamba usage: 0.34, cuda graph: True, gen throughput (token/s): 10114.47, #queue-req: 0
[36m(SGLangEngine pid=41514)[0m [2026-08-06 03:41:08] Decode batch, #running-req: 64, #full token: 39187, full token usage: 0.04, mamba num: 201, mamba usage: 0.34, cuda graph: True, gen throughput (token/s): 10088.25, #queue-req: 0
[36m(SGLangEngine pid=41514)[0m [2026-08-06 03:41:08] Decode batch, #running-req: 64, #full token: 41747, full token usage: 0.04, mamba num: 201, mamba usage: 0.34, cuda graph: True, gen throughput (token/s): 9267.39, #queue-req: 0
[36m(SGLangEngine pid=41514)[0m [2026-08-06 03:41:08] Decode batch, #running-req: 64, #full token: 44307, full token usage: 0.04, mamba num: 201, mamba usage: 0.34, cuda graph: True, gen throughput (token/s): 9747.30, #queue-req: 0
[36m(SGLangEngine pid=41514)[0m [2026-08-06 03:41:09] Decode batch, #running-req: 64, #full token: 46867, full token usage: 0.04, mamba num: 201, mamba usage: 0.34, cuda graph: True, gen throughput (token/s): 9454.92, #queue-req: 0
[36m(SGLangEngine pid=41514)[0m [2026-08-06 03:41:09] Decode batch, #running-req: 64, #full token: 49427, full token usage: 0.05, mamba num: 201, mamba usage: 0.34, cuda graph: True, gen throughput (token/s): 9638.14, #queue-req: 0
[36m(SGLangEngine pid=41514)[0m [2026-08-06 03:41:09] INFO:     172.25.0.2:56266 - "POST /generate HTTP/1.1" 200 OK
[36m(SGLangEngine pid=41514)[0m [2026-08-06 03:41:09] Decode batch, #running-req: 64, #full token: 51987, full token usage: 0.05, mamba num: 201, mamba usage: 0.34, cuda graph: True, gen throughput (token/s): 10062.49, #queue-req: 0
[36m(SGLangEngine pid=41514)[0m [2026-08-06 03:41:10] Decode batch, #running-req: 63, #full token: 53708, full token usage: 0.05, mamba num: 198, mamba usage: 0.33, cuda graph: True, gen throughput (token/s): 9805.78, #queue-req: 0
[36m(SGLangEngine pid=41514)[0m [2026-08-06 03:41:10] Decode batch, #running-req: 63, #full token: 56228, full token usage: 0.05, mamba num: 198, mamba usage: 0.33, cuda graph: True, gen throughput (token/s): 9225.37, #queue-req: 0
[36m(SGLangEngine pid=41514)[0m [2026-08-06 03:41:10] Decode batch, #running-req: 63, #full token: 58748, full token usage: 0.06, mamba num: 198, mamba usage: 0.33, cuda graph: True, gen throughput (token/s): 9196.04, #queue-req: 0
[36m(SGLangEngine pid=41514)[0m [2026-08-06 03:41:10] Decode batch, #running-req: 63, #full token: 61268, full token usage: 0.06, mamba num: 198, mamba usage: 0.33, cuda graph: True, gen throughput (token/s): 9581.15, #queue-req: 0
[36m(SGLangEngine pid=41514)[0m [2026-08-06 03:41:11] Decode batch, #running-req: 63, #full token: 63788, full token usage: 0.06, mamba num: 198, mamba usage: 0.33, cuda graph: True, gen throughput (token/s): 9033.67, #queue-req: 0
[36m(SGLangEngine pid=41514)[0m [2026-08-06 03:41:11] Decode batch, #running-req: 63, #full token: 66308, full token usage: 0.06, mamba num: 198, mamba usage: 0.33, cuda graph: True, gen throughput (token/s): 9625.82, #queue-req: 0
[36m(SGLangEngine pid=41514)[0m [2026-08-06 03:41:11] Decode batch, #running-req: 63, #full token: 68828, full token usage: 0.07, mamba num: 198, mamba usage: 0.33, cuda graph: True, gen throughput (token/s): 9602.73, #queue-req: 0
[36m(SGLangEngine pid=41514)[0m [2026-08-06 03:41:11] Decode batch, #running-req: 63, #full token: 71348, full token usage: 0.07, mamba num: 198, mamba usage: 0.33, cuda graph: True, gen throughput (token/s): 9572.90, #queue-req: 0
[36m(SGLangEngine pid=41514)[0m [2026-08-06 03:41:12] Decode batch, #running-req: 63, #full token: 73868, full token usage: 0.07, mamba num: 198, mamba usage: 0.33, cuda graph: True, gen throughput (token/s): 8612.36, #queue-req: 0
[36m(SGLangEngine pid=41514)[0m [2026-08-06 03:41:12] Decode batch, #running-req: 63, #full token: 76388, full token usage: 0.07, mamba num: 198, mamba usage: 0.33, cuda graph: True, gen throughput (token/s): 9516.81, #queue-req: 0
[36m(SGLangEngine pid=41514)[0m [2026-08-06 03:41:12] Decode batch, #running-req: 63, #full token: 78908, full token usage: 0.08, mamba num: 198, mamba usage: 0.33, cuda graph: True, gen throughput (token/s): 9004.50, #queue-req: 0
[36m(SGLangEngine pid=41514)[0m [2026-08-06 03:41:12] Decode batch, #running-req: 63, #full token: 81428, full token usage: 0.08, mamba num: 198, mamba usage: 0.33, cuda graph: True, gen throughput (token/s): 9122.01, #queue-req: 0
[36m(SGLangEngine pid=41514)[0m [2026-08-06 03:41:13] Decode batch, #running-req: 63, #full token: 83948, full token usage: 0.08, mamba num: 198, mamba usage: 0.33, cuda graph: True, gen throughput (token/s): 9458.90, #queue-req: 0
[36m(SGLangEngine pid=41514)[0m [2026-08-06 03:41:13] Decode batch, #running-req: 63, #full token: 86468, full token usage: 0.08, mamba num: 198, mamba usage: 0.33, cuda graph: True, gen throughput (token/s): 9416.56, #queue-req: 0
[33m(raylet)[0m [2026-08-06 03:41:13,780 E 37762 37786] (raylet) file_system_monitor.cc:116: /tmp/ray/session_2026-08-06_03-34-52_628859_37062 is over 95% full, available space: 0.00031662 GB; capacity: 100 GB. Object creation will fail if spilling is required.
[36m(SGLangEngine pid=41514)[0m [2026-08-06 03:41:13] Decode batch, #running-req: 63, #full token: 88988, full token usage: 0.08, mamba num: 198, mamba usage: 0.33, cuda graph: True, gen throughput (token/s): 8920.05, #queue-req: 0
[36m(SGLangEngine pid=41514)[0m [2026-08-06 03:41:14] Decode batch, #running-req: 63, #full token: 91508, full token usage: 0.09, mamba num: 198, mamba usage: 0.33, cuda graph: True, gen throughput (token/s): 8887.50, #queue-req: 0
[36m(SGLangEngine pid=41514)[0m [2026-08-06 03:41:14] Decode batch, #running-req: 63, #full token: 94028, full token usage: 0.09, mamba num: 198, mamba usage: 0.33, cuda graph: True, gen throughput (token/s): 8866.56, #queue-req: 0
[36m(SGLangEngine pid=41514)[0m [2026-08-06 03:41:14] INFO:     172.25.0.2:56446 - "POST /generate HTTP/1.1" 200 OK
[36m(SGLangEngine pid=41514)[0m [2026-08-06 03:41:14] Decode batch, #running-req: 62, #full token: 95054, full token usage: 0.09, mamba num: 195, mamba usage: 0.33, cuda graph: True, gen throughput (token/s): 8844.72, #queue-req: 0
[36m(SGLangEngine pid=41514)[0m [2026-08-06 03:41:14] Decode batch, #running-req: 62, #full token: 97534, full token usage: 0.09, mamba num: 195, mamba usage: 0.33, cuda graph: True, gen throughput (token/s): 9197.99, #queue-req: 0
[36m(SGLangEngine pid=41514)[0m [2026-08-06 03:41:15] Decode batch, #running-req: 62, #full token: 100014, full token usage: 0.10, mamba num: 195, mamba usage: 0.33, cuda graph: True, gen throughput (token/s): 9175.11, #queue-req: 0
[36m(SGLangEngine pid=41514)[0m [2026-08-06 03:41:15] Decode batch, #running-req: 62, #full token: 102494, full token usage: 0.10, mamba num: 195, mamba usage: 0.33, cuda graph: True, gen throughput (token/s): 8917.00, #queue-req: 0
[36m(SGLangEngine pid=41514)[0m [2026-08-06 03:41:15] Decode batch, #running-req: 62, #full token: 104974, full token usage: 0.10, mamba num: 195, mamba usage: 0.33, cuda graph: True, gen throughput (token/s): 8451.71, #queue-req: 0
[36m(SGLangEngine pid=41514)[0m [2026-08-06 03:41:16] Decode batch, #running-req: 62, #full token: 107454, full token usage: 0.10, mamba num: 195, mamba usage: 0.33, cuda graph: True, gen throughput (token/s): 8863.43, #queue-req: 0
[36m(SGLangEngine pid=41514)[0m [2026-08-06 03:41:16] Decode batch, #running-req: 62, #full token: 109934, full token usage: 0.10, mamba num: 195, mamba usage: 0.33, cuda graph: True, gen throughput (token/s): 8623.37, #queue-req: 0
[36m(SGLangEngine pid=41514)[0m [2026-08-06 03:41:16] Decode batch, #running-req: 62, #full token: 112414, full token usage: 0.11, mamba num: 195, mamba usage: 0.33, cuda graph: True, gen throughput (token/s): 8824.76, #queue-req: 0
[36m(SGLangEngine pid=41514)[0m [2026-08-06 03:41:16] Decode batch, #running-req: 62, #full token: 114894, full token usage: 0.11, mamba num: 195, mamba usage: 0.33, cuda graph: True, gen throughput (token/s): 9023.91, #queue-req: 0
[36m(SGLangEngine pid=41514)[0m [2026-08-06 03:41:17] Decode batch, #running-req: 62, #full token: 117374, full token usage: 0.11, mamba num: 195, mamba usage: 0.33, cuda graph: True, gen throughput (token/s): 9003.66, #queue-req: 0
[36m(SGLangEngine pid=41514)[0m [2026-08-06 03:41:17] Decode batch, #running-req: 62, #full token: 119854, full token usage: 0.11, mamba num: 195, mamba usage: 0.33, cuda graph: True, gen throughput (token/s): 8331.08, #queue-req: 0
[36m(SGLangEngine pid=41514)[0m [2026-08-06 03:41:17] Decode batch, #running-req: 62, #full token: 122334, full token usage: 0.12, mamba num: 195, mamba usage: 0.33, cuda graph: True, gen throughput (token/s): 8748.97, #queue-req: 0
[36m(SGLangEngine pid=41514)[0m [2026-08-06 03:41:18] Decode batch, #running-req: 62, #full token: 124814, full token usage: 0.12, mamba num: 195, mamba usage: 0.33, cuda graph: True, gen throughput (token/s): 8507.69, #queue-req: 0
[36m(SGLangEngine pid=41514)[0m [2026-08-06 03:41:18] Decode batch, #running-req: 62, #full token: 127294, full token usage: 0.12, mamba num: 195, mamba usage: 0.33, cuda graph: True, gen throughput (token/s): 8486.58, #queue-req: 0
[36m(SGLangEngine pid=41514)[0m [2026-08-06 03:41:18] Decode batch, #running-req: 62, #full token: 129774, full token usage: 0.12, mamba num: 195, mamba usage: 0.33, cuda graph: True, gen throughput (token/s): 8888.12, #queue-req: 0
[36m(SGLangEngine pid=41514)[0m [2026-08-06 03:41:18] Decode batch, #running-req: 62, #full token: 132254, full token usage: 0.13, mamba num: 195, mamba usage: 0.33, cuda graph: True, gen throughput (token/s): 8864.22, #queue-req: 0
[36m(SGLangEngine pid=41514)[0m [2026-08-06 03:41:19] Decode batch, #running-req: 62, #full token: 134734, full token usage: 0.13, mamba num: 195, mamba usage: 0.33, cuda graph: True, gen throughput (token/s): 8411.63, #queue-req: 0
[36m(SGLangEngine pid=41514)[0m [2026-08-06 03:41:19] Decode batch, #running-req: 62, #full token: 137214, full token usage: 0.13, mamba num: 195, mamba usage: 0.33, cuda graph: True, gen throughput (token/s): 8387.74, #queue-req: 0
[36m(SGLangEngine pid=41514)[0m [2026-08-06 03:41:19] Decode batch, #running-req: 62, #full token: 139694, full token usage: 0.13, mamba num: 195, mamba usage: 0.33, cuda graph: True, gen throughput (token/s): 8577.12, #queue-req: 0
[36m(SGLangEngine pid=41514)[0m [2026-08-06 03:41:20] Decode batch, #running-req: 62, #full token: 142174, full token usage: 0.14, mamba num: 195, mamba usage: 0.33, cuda graph: True, gen throughput (token/s): 8160.99, #queue-req: 0
[36m(SGLangEngine pid=41514)[0m [2026-08-06 03:41:20] Decode batch, #running-req: 62, #full token: 144654, full token usage: 0.14, mamba num: 195, mamba usage: 0.33, cuda graph: True, gen throughput (token/s): 8750.77, #queue-req: 0
[36m(SGLangEngine pid=41514)[0m [2026-08-06 03:41:20] Decode batch, #running-req: 62, #full token: 147134, full token usage: 0.14, mamba num: 195, mamba usage: 0.33, cuda graph: True, gen throughput (token/s): 8730.10, #queue-req: 0
[36m(SGLangEngine pid=41514)[0m [2026-08-06 03:41:20] Decode batch, #running-req: 62, #full token: 149614, full token usage: 0.14, mamba num: 195, mamba usage: 0.33, cuda graph: True, gen throughput (token/s): 8706.26, #queue-req: 0
[36m(SGLangEngine pid=41514)[0m [2026-08-06 03:41:21] Decode batch, #running-req: 62, #full token: 152094, full token usage: 0.15, mamba num: 195, mamba usage: 0.33, cuda graph: True, gen throughput (token/s): 7892.38, #queue-req: 0
[36m(SGLangEngine pid=41514)[0m [2026-08-06 03:41:21] Decode batch, #running-req: 62, #full token: 154574, full token usage: 0.15, mamba num: 195, mamba usage: 0.33, cuda graph: True, gen throughput (token/s): 8761.76, #queue-req: 0
[36m(SGLangEngine pid=41514)[0m [2026-08-06 03:41:21] Decode batch, #running-req: 62, #full token: 157054, full token usage: 0.15, mamba num: 195, mamba usage: 0.33, cuda graph: True, gen throughput (token/s): 8329.23, #queue-req: 0
[36m(SGLangEngine pid=41514)[0m [2026-08-06 03:41:22] Decode batch, #running-req: 62, #full token: 159534, full token usage: 0.15, mamba num: 195, mamba usage: 0.33, cuda graph: True, gen throughput (token/s): 8215.48, #queue-req: 0
[36m(SGLangEngine pid=41514)[0m [2026-08-06 03:41:22] Decode batch, #running-req: 62, #full token: 162014, full token usage: 0.15, mamba num: 195, mamba usage: 0.33, cuda graph: True, gen throughput (token/s): 8592.02, #queue-req: 0
[36m(SGLangEngine pid=41514)[0m [2026-08-06 03:41:22] Decode batch, #running-req: 62, #full token: 164494, full token usage: 0.16, mamba num: 195, mamba usage: 0.33, cuda graph: True, gen throughput (token/s): 8575.79, #queue-req: 0
[36m(SGLangEngine pid=41514)[0m [2026-08-06 03:41:23] Decode batch, #running-req: 62, #full token: 166974, full token usage: 0.16, mamba num: 195, mamba usage: 0.33, cuda graph: True, gen throughput (token/s): 8150.52, #queue-req: 0
[36m(SGLangEngine pid=41514)[0m [2026-08-06 03:41:23] Decode batch, #running-req: 62, #full token: 169454, full token usage: 0.16, mamba num: 195, mamba usage: 0.33, cuda graph: True, gen throughput (token/s): 8125.12, #queue-req: 0
[36m(SGLangEngine pid=41514)[0m [2026-08-06 03:41:23] Decode batch, #running-req: 62, #full token: 171934, full token usage: 0.16, mamba num: 195, mamba usage: 0.33, cuda graph: True, gen throughput (token/s): 8107.93, #queue-req: 0
[33m(raylet)[0m [2026-08-06 03:41:23,782 E 37762 37786] (raylet) file_system_monitor.cc:116: /tmp/ray/session_2026-08-06_03-34-52_628859_37062 is over 95% full, available space: 0.000305176 GB; capacity: 100 GB. Object creation will fail if spilling is required.
[36m(SGLangEngine pid=41514)[0m [2026-08-06 03:41:23] Decode batch, #running-req: 62, #full token: 174414, full token usage: 0.17, mamba num: 195, mamba usage: 0.33, cuda graph: True, gen throughput (token/s): 8097.91, #queue-req: 0
[36m(SGLangEngine pid=41514)[0m [2026-08-06 03:41:24] Decode batch, #running-req: 62, #full token: 176894, full token usage: 0.17, mamba num: 195, mamba usage: 0.33, cuda graph: True, gen throughput (token/s): 8465.78, #queue-req: 0
[36m(SGLangEngine pid=41514)[0m [2026-08-06 03:41:24] Decode batch, #running-req: 62, #full token: 179374, full token usage: 0.17, mamba num: 195, mamba usage: 0.33, cuda graph: True, gen throughput (token/s): 8444.68, #queue-req: 0
[36m(SGLangEngine pid=41514)[0m [2026-08-06 03:41:24] Decode batch, #running-req: 62, #full token: 181854, full token usage: 0.17, mamba num: 195, mamba usage: 0.33, cuda graph: True, gen throughput (token/s): 8228.61, #queue-req: 0
[36m(SGLangEngine pid=41514)[0m [2026-08-06 03:41:25] Decode batch, #running-req: 62, #full token: 184334, full token usage: 0.18, mamba num: 195, mamba usage: 0.33, cuda graph: True, gen throughput (token/s): 7827.96, #queue-req: 0
[36m(SGLangEngine pid=41514)[0m [2026-08-06 03:41:25] Decode batch, #running-req: 62, #full token: 186814, full token usage: 0.18, mamba num: 195, mamba usage: 0.33, cuda graph: True, gen throughput (token/s): 8182.23, #queue-req: 0
[36m(SGLangEngine pid=41514)[0m [2026-08-06 03:41:25] Decode batch, #running-req: 62, #full token: 189294, full token usage: 0.18, mamba num: 195, mamba usage: 0.33, cuda graph: True, gen throughput (token/s): 7980.40, #queue-req: 0
[36m(SGLangEngine pid=41514)[0m [2026-08-06 03:41:26] Decode batch, #running-req: 62, #full token: 191774, full token usage: 0.18, mamba num: 195, mamba usage: 0.33, cuda graph: True, gen throughput (token/s): 8175.50, #queue-req: 0
[36m(SGLangEngine pid=41514)[0m [2026-08-06 03:41:26] INFO:     172.25.0.2:56396 - "POST /generate HTTP/1.1" 200 OK
[36m(SGLangEngine pid=41514)[0m [2026-08-06 03:41:26] Decode batch, #running-req: 61, #full token: 191117, full token usage: 0.18, mamba num: 192, mamba usage: 0.32, cuda graph: True, gen throughput (token/s): 8381.41, #queue-req: 0
[36m(SGLangEngine pid=41514)[0m [2026-08-06 03:41:26] Decode batch, #running-req: 61, #full token: 193557, full token usage: 0.18, mamba num: 192, mamba usage: 0.32, cuda graph: True, gen throughput (token/s): 8394.76, #queue-req: 0
[36m(SGLangEngine pid=41514)[0m [2026-08-06 03:41:26] Decode batch, #running-req: 61, #full token: 195997, full token usage: 0.19, mamba num: 192, mamba usage: 0.32, cuda graph: True, gen throughput (token/s): 7716.52, #queue-req: 0
[36m(SGLangEngine pid=41514)[0m [2026-08-06 03:41:27] Decode batch, #running-req: 61, #full token: 198437, full token usage: 0.19, mamba num: 192, mamba usage: 0.32, cuda graph: True, gen throughput (token/s): 7988.36, #queue-req: 0
[36m(SGLangEngine pid=41514)[0m [2026-08-06 03:41:27] Decode batch, #running-req: 61, #full token: 200877, full token usage: 0.19, mamba num: 192, mamba usage: 0.32, cuda graph: True, gen throughput (token/s): 7790.18, #queue-req: 0
[36m(SGLangEngine pid=41514)[0m [2026-08-06 03:41:27] Decode batch, #running-req: 61, #full token: 203317, full token usage: 0.19, mamba num: 192, mamba usage: 0.32, cuda graph: True, gen throughput (token/s): 7774.84, #queue-req: 0
[36m(SGLangEngine pid=41514)[0m [2026-08-06 03:41:28] Decode batch, #running-req: 61, #full token: 205757, full token usage: 0.20, mamba num: 192, mamba usage: 0.32, cuda graph: True, gen throughput (token/s): 8125.48, #queue-req: 0
[36m(SGLangEngine pid=41514)[0m [2026-08-06 03:41:28] Decode batch, #running-req: 61, #full token: 208197, full token usage: 0.20, mamba num: 192, mamba usage: 0.32, cuda graph: True, gen throughput (token/s): 8142.16, #queue-req: 0
[36m(SGLangEngine pid=41514)[0m [2026-08-06 03:41:28] Decode batch, #running-req: 61, #full token: 210637, full token usage: 0.20, mamba num: 192, mamba usage: 0.32, cuda graph: True, gen throughput (token/s): 7723.17, #queue-req: 0
[36m(SGLangEngine pid=41514)[0m [2026-08-06 03:41:29] Decode batch, #running-req: 61, #full token: 213077, full token usage: 0.20, mamba num: 192, mamba usage: 0.32, cuda graph: True, gen throughput (token/s): 7698.99, #queue-req: 0
[36m(SGLangEngine pid=41514)[0m [2026-08-06 03:41:29] Decode batch, #running-req: 61, #full token: 215517, full token usage: 0.21, mamba num: 192, mamba usage: 0.32, cuda graph: True, gen throughput (token/s): 7860.29, #queue-req: 0
[36m(SGLangEngine pid=41514)[0m [2026-08-06 03:41:29] Decode batch, #running-req: 61, #full token: 217957, full token usage: 0.21, mamba num: 192, mamba usage: 0.32, cuda graph: True, gen throughput (token/s): 7502.65, #queue-req: 0
[36m(SGLangEngine pid=41514)[0m [2026-08-06 03:41:30] Decode batch, #running-req: 61, #full token: 220397, full token usage: 0.21, mamba num: 192, mamba usage: 0.32, cuda graph: True, gen throughput (token/s): 8062.23, #queue-req: 0
[36m(SGLangEngine pid=41514)[0m [2026-08-06 03:41:30] Decode batch, #running-req: 61, #full token: 222837, full token usage: 0.21, mamba num: 192, mamba usage: 0.32, cuda graph: True, gen throughput (token/s): 7992.37, #queue-req: 0
[36m(SGLangEngine pid=41514)[0m [2026-08-06 03:41:30] Decode batch, #running-req: 61, #full token: 225277, full token usage: 0.21, mamba num: 192, mamba usage: 0.32, cuda graph: True, gen throughput (token/s): 7972.03, #queue-req: 0
[36m(SGLangEngine pid=41514)[0m [2026-08-06 03:41:31] Decode batch, #running-req: 61, #full token: 227717, full token usage: 0.22, mamba num: 192, mamba usage: 0.32, cuda graph: True, gen throughput (token/s): 7311.33, #queue-req: 0
[36m(SGLangEngine pid=41514)[0m [2026-08-06 03:41:31] Decode batch, #running-req: 61, #full token: 230157, full token usage: 0.22, mamba num: 192, mamba usage: 0.32, cuda graph: True, gen throughput (token/s): 7934.14, #queue-req: 0
[36m(SGLangEngine pid=41514)[0m [2026-08-06 03:41:31] Decode batch, #running-req: 61, #full token: 232597, full token usage: 0.22, mamba num: 192, mamba usage: 0.32, cuda graph: True, gen throughput (token/s): 7562.13, #queue-req: 0
[36m(SGLangEngine pid=41514)[0m [2026-08-06 03:41:31] Decode batch, #running-req: 61, #full token: 235037, full token usage: 0.22, mamba num: 192, mamba usage: 0.32, cuda graph: True, gen throughput (token/s): 7550.85, #queue-req: 0
[36m(SGLangEngine pid=41514)[0m [2026-08-06 03:41:32] Decode batch, #running-req: 61, #full token: 237477, full token usage: 0.23, mamba num: 192, mamba usage: 0.32, cuda graph: True, gen throughput (token/s): 7956.27, #queue-req: 0
[36m(SGLangEngine pid=41514)[0m [2026-08-06 03:41:32] Decode batch, #running-req: 61, #full token: 239917, full token usage: 0.23, mamba num: 192, mamba usage: 0.32, cuda graph: True, gen throughput (token/s): 7859.00, #queue-req: 0
[36m(SGLangEngine pid=41514)[0m [2026-08-06 03:41:32] Decode batch, #running-req: 61, #full token: 242357, full token usage: 0.23, mamba num: 192, mamba usage: 0.32, cuda graph: True, gen throughput (token/s): 7497.74, #queue-req: 0
[36m(SGLangEngine pid=41514)[0m [2026-08-06 03:41:33] Decode batch, #running-req: 61, #full token: 244797, full token usage: 0.23, mamba num: 192, mamba usage: 0.32, cuda graph: True, gen throughput (token/s): 7523.12, #queue-req: 0
[36m(SGLangEngine pid=41514)[0m [2026-08-06 03:41:33] Decode batch, #running-req: 61, #full token: 247237, full token usage: 0.24, mamba num: 192, mamba usage: 0.32, cuda graph: True, gen throughput (token/s): 7486.49, #queue-req: 0
[33m(raylet)[0m [2026-08-06 03:41:33,783 E 37762 37786] (raylet) file_system_monitor.cc:116: /tmp/ray/session_2026-08-06_03-34-52_628859_37062 is over 95% full, available space: 0.000282288 GB; capacity: 100 GB. Object creation will fail if spilling is required.
[36m(SGLangEngine pid=41514)[0m [2026-08-06 03:41:33] Decode batch, #running-req: 61, #full token: 249677, full token usage: 0.24, mamba num: 192, mamba usage: 0.32, cuda graph: True, gen throughput (token/s): 7452.42, #queue-req: 0
[36m(SGLangEngine pid=41514)[0m [2026-08-06 03:41:34] Decode batch, #running-req: 61, #full token: 252117, full token usage: 0.24, mamba num: 192, mamba usage: 0.32, cuda graph: True, gen throughput (token/s): 7769.51, #queue-req: 0
[36m(SGLangEngine pid=41514)[0m [2026-08-06 03:41:34] INFO:     172.25.0.2:56130 - "POST /generate HTTP/1.1" 200 OK
[36m(SGLangEngine pid=41514)[0m [2026-08-06 03:41:34] INFO:     172.25.0.2:56142 - "POST /generate HTTP/1.1" 200 OK
[36m(SGLangEngine pid=41514)[0m [2026-08-06 03:41:34] INFO:     172.25.0.2:56150 - "POST /generate HTTP/1.1" 200 OK
[36m(SGLangEngine pid=41514)[0m [2026-08-06 03:41:34] INFO:     172.25.0.2:56146 - "POST /generate HTTP/1.1" 200 OK
[36m(SGLangEngine pid=41514)[0m [2026-08-06 03:41:34] INFO:     172.25.0.2:56152 - "POST /generate HTTP/1.1" 200 OK
[36m(SGLangEngine pid=41514)[0m [2026-08-06 03:41:34] INFO:     172.25.0.2:56148 - "POST /generate HTTP/1.1" 200 OK
[36m(SGLangEngine pid=41514)[0m [2026-08-06 03:41:34] INFO:     172.25.0.2:56172 - "POST /generate HTTP/1.1" 200 OK
[36m(SGLangEngine pid=41514)[0m [2026-08-06 03:41:34] INFO:     172.25.0.2:56164 - "POST /generate HTTP/1.1" 200 OK
[36m(SGLangEngine pid=41514)[0m [2026-08-06 03:41:34] INFO:     172.25.0.2:56174 - "POST /generate HTTP/1.1" 200 OK
[36m(SGLangEngine pid=41514)[0m [2026-08-06 03:41:34] INFO:     172.25.0.2:56176 - "POST /generate HTTP/1.1" 200 OK
[36m(SGLangEngine pid=41514)[0m [2026-08-06 03:41:34] INFO:     172.25.0.2:56186 - "POST /generate HTTP/1.1" 200 OK
[36m(SGLangEngine pid=41514)[0m [2026-08-06 03:41:34] INFO:     172.25.0.2:56188 - "POST /generate HTTP/1.1" 200 OK
[36m(SGLangEngine pid=41514)[0m [2026-08-06 03:41:34] INFO:     172.25.0.2:56192 - "POST /generate HTTP/1.1" 200 OK
[36m(SGLangEngine pid=41514)[0m [2026-08-06 03:41:34] INFO:     172.25.0.2:56214 - "POST /generate HTTP/1.1" 200 OK
[36m(SGLangEngine pid=41514)[0m [2026-08-06 03:41:34] INFO:     172.25.0.2:56202 - "POST /generate HTTP/1.1" 200 OK
[36m(SGLangEngine pid=41514)[0m [2026-08-06 03:41:34] INFO:     172.25.0.2:56228 - "POST /generate HTTP/1.1" 200 OK
[36m(SGLangEngine pid=41514)[0m [2026-08-06 03:41:34] INFO:     172.25.0.2:56226 - "POST /generate HTTP/1.1" 200 OK
[36m(SGLangEngine pid=41514)[0m [2026-08-06 03:41:34] INFO:     172.25.0.2:56258 - "POST /generate HTTP/1.1" 200 OK
[36m(SGLangEngine pid=41514)[0m [2026-08-06 03:41:34] INFO:     172.25.0.2:56242 - "POST /generate HTTP/1.1" 200 OK
[36m(SGLangEngine pid=41514)[0m [2026-08-06 03:41:34] INFO:     172.25.0.2:56260 - "POST /generate HTTP/1.1" 200 OK
[36m(SGLangEngine pid=41514)[0m [2026-08-06 03:41:34] INFO:     172.25.0.2:56262 - "POST /generate HTTP/1.1" 200 OK
[36m(SGLangEngine pid=41514)[0m [2026-08-06 03:41:34] INFO:     172.25.0.2:56278 - "POST /generate HTTP/1.1" 200 OK
[36m(SGLangEngine pid=41514)[0m [2026-08-06 03:41:34] INFO:     172.25.0.2:56294 - "POST /generate HTTP/1.1" 200 OK
[36m(SGLangEngine pid=41514)[0m [2026-08-06 03:41:34] INFO:     172.25.0.2:56292 - "POST /generate HTTP/1.1" 200 OK
[36m(SGLangEngine pid=41514)[0m [2026-08-06 03:41:34] INFO:     172.25.0.2:56316 - "POST /generate HTTP/1.1" 200 OK
[36m(SGLangEngine pid=41514)[0m [2026-08-06 03:41:34] INFO:     172.25.0.2:56302 - "POST /generate HTTP/1.1" 200 OK
[36m(SGLangEngine pid=41514)[0m [2026-08-06 03:41:34] INFO:     172.25.0.2:56322 - "POST /generate HTTP/1.1" 200 OK
[36m(SGLangEngine pid=41514)[0m [2026-08-06 03:41:34] INFO:     172.25.0.2:56320 - "POST /generate HTTP/1.1" 200 OK
[36m(SGLangEngine pid=41514)[0m [2026-08-06 03:41:34] INFO:     172.25.0.2:56338 - "POST /generate HTTP/1.1" 200 OK
[36m(SGLangEngine pid=41514)[0m [2026-08-06 03:41:34] INFO:     172.25.0.2:56354 - "POST /generate HTTP/1.1" 200 OK
[36m(SGLangEngine pid=41514)[0m [2026-08-06 03:41:34] INFO:     172.25.0.2:56342 - "POST /generate HTTP/1.1" 200 OK
[36m(SGLangEngine pid=41514)[0m [2026-08-06 03:41:34] INFO:     172.25.0.2:56340 - "POST /generate HTTP/1.1" 200 OK
[36m(SGLangEngine pid=41514)[0m [2026-08-06 03:41:34] INFO:     172.25.0.2:56364 - "POST /generate HTTP/1.1" 200 OK
[36m(SGLangEngine pid=41514)[0m [2026-08-06 03:41:34] INFO:     172.25.0.2:56372 - "POST /generate HTTP/1.1" 200 OK
[36m(SGLangEngine pid=41514)[0m [2026-08-06 03:41:34] INFO:     172.25.0.2:56388 - "POST /generate HTTP/1.1" 200 OK
[36m(SGLangEngine pid=41514)[0m [2026-08-06 03:41:34] INFO:     172.25.0.2:56400 - "POST /generate HTTP/1.1" 200 OK
[36m(SGLangEngine pid=41514)[0m [2026-08-06 03:41:34] INFO:     172.25.0.2:56416 - "POST /generate HTTP/1.1" 200 OK
[36m(SGLangEngine pid=41514)[0m [2026-08-06 03:41:34] INFO:     172.25.0.2:56422 - "POST /generate HTTP/1.1" 200 OK
[36m(SGLangEngine pid=41514)[0m [2026-08-06 03:41:34] INFO:     172.25.0.2:56430 - "POST /generate HTTP/1.1" 200 OK
[36m(SGLangEngine pid=41514)[0m [2026-08-06 03:41:34] INFO:     172.25.0.2:56440 - "POST /generate HTTP/1.1" 200 OK
[36m(SGLangEngine pid=41514)[0m [2026-08-06 03:41:34] INFO:     172.25.0.2:56456 - "POST /generate HTTP/1.1" 200 OK
[36m(SGLangEngine pid=41514)[0m [2026-08-06 03:41:34] INFO:     172.25.0.2:56466 - "POST /generate HTTP/1.1" 200 OK
[36m(SGLangEngine pid=41514)[0m [2026-08-06 03:41:34] INFO:     172.25.0.2:56468 - "POST /generate HTTP/1.1" 200 OK
[36m(SGLangEngine pid=41514)[0m [2026-08-06 03:41:34] INFO:     172.25.0.2:56482 - "POST /generate HTTP/1.1" 200 OK
[36m(SGLangEngine pid=41514)[0m [2026-08-06 03:41:34] INFO:     172.25.0.2:56494 - "POST /generate HTTP/1.1" 200 OK
[36m(SGLangEngine pid=41514)[0m [2026-08-06 03:41:34] INFO:     172.25.0.2:56510 - "POST /generate HTTP/1.1" 200 OK
[36m(SGLangEngine pid=41514)[0m [2026-08-06 03:41:34] INFO:     172.25.0.2:56528 - "POST /generate HTTP/1.1" 200 OK
[36m(SGLangEngine pid=41514)[0m [2026-08-06 03:41:34] INFO:     172.25.0.2:56530 - "POST /generate HTTP/1.1" 200 OK
[36m(SGLangEngine pid=41514)[0m [2026-08-06 03:41:34] INFO:     172.25.0.2:56532 - "POST /generate HTTP/1.1" 200 OK
[36m(SGLangEngine pid=41514)[0m [2026-08-06 03:41:34] INFO:     172.25.0.2:56514 - "POST /generate HTTP/1.1" 200 OK
[36m(SGLangEngine pid=41514)[0m [2026-08-06 03:41:34] INFO:     172.25.0.2:56548 - "POST /generate HTTP/1.1" 200 OK
[36m(SGLangEngine pid=41514)[0m [2026-08-06 03:41:34] INFO:     172.25.0.2:56560 - "POST /generate HTTP/1.1" 200 OK
[36m(SGLangEngine pid=41514)[0m [2026-08-06 03:41:34] INFO:     172.25.0.2:56568 - "POST /generate HTTP/1.1" 200 OK
[36m(SGLangEngine pid=41514)[0m [2026-08-06 03:41:34] INFO:     172.25.0.2:56584 - "POST /generate HTTP/1.1" 200 OK
[36m(SGLangEngine pid=41514)[0m [2026-08-06 03:41:34] INFO:     172.25.0.2:56592 - "POST /generate HTTP/1.1" 200 OK
[36m(SGLangEngine pid=41514)[0m [2026-08-06 03:41:34] INFO:     172.25.0.2:56622 - "POST /generate HTTP/1.1" 200 OK
[36m(SGLangEngine pid=41514)[0m [2026-08-06 03:41:34] INFO:     172.25.0.2:56636 - "POST /generate HTTP/1.1" 200 OK
[36m(SGLangEngine pid=41514)[0m [2026-08-06 03:41:34] INFO:     172.25.0.2:56644 - "POST /generate HTTP/1.1" 200 OK
[36m(SGLangEngine pid=41514)[0m [2026-08-06 03:41:34] INFO:     172.25.0.2:56590 - "POST /generate HTTP/1.1" 200 OK
[36m(SGLangEngine pid=41514)[0m [2026-08-06 03:41:34] INFO:     172.25.0.2:56594 - "POST /generate HTTP/1.1" 200 OK
[36m(SGLangEngine pid=41514)[0m [2026-08-06 03:41:34] INFO:     172.25.0.2:56658 - "POST /generate HTTP/1.1" 200 OK
[36m(RolloutManager pid=41303)[0m [2026-08-06 03:41:34.612 rollout_manager] rmct_rollout.py:401 - RMCT step 1: 0 grad samples, parse_rate=0.000, gap=0.0000, cache_hit=0.05
[36m(RolloutManager pid=41303)[0m [2026-08-06 03:41:34.619 rollout_manager] metrics.py:89 - perf 0: {'rmct/parse_rate': 0.0, 'rmct/p_ref_mean': 0.0, 'rmct/p_hat_mean': 0.0, 'rmct/gap_mean': 0.0, 'rmct/has_signal': 0.0, 'rmct/n_grad_samples': 0.0, 'rmct/completion_len_p50': 4096.0, 'rmct/completion_len_p99': 4096.0, 'rmct/truncated_frac': 1.0, 'rmct/prefix_cache_hit_rate': 0.045889101338432124, 'rollout/response_len/mean': 0.0, 'rollout/response_len/median': 0.0, 'rollout/response_len/max': 0, 'rollout/response_len/min': 0, 'rollout/zero_std/count_0.0': 1, 'rollout/zero_std/all_zero_percentage': 1.0, 'rollout/zero_std/all_one_percentage': 0.0, 'rollout/prefix_cache_hit_rate': 0.0, 'rollout/avg_cached_tokens_per_sample': 0.0, 'rollout/repetition_frac': 0.0, 'rollout/truncated_ratio': 0.0, 'perf/rollout_time': 30.25243330001831, 'perf/tokens_per_gpu_per_sec': 1083.1525409885019, 'perf/longest_sample_tokens_per_sec': 135.39406762356273, 'perf/effective_tokens_per_gpu_per_sec': 0.0, 'perf/longest_effective_sample_tokens_per_sec': 0.0}
[36m(RolloutManager pid=41303)[0m [2026-08-06 03:41:34.619 rollout_manager] train_data_conversion.py:262 - Rollout-side DP schedule: num_samples=8, num_rollouts=[1], num_microbatches=[2]
[36m(SGLangEngine pid=41514)[0m [2026-08-06 03:41:34] Reset HybridReqToTokenPool
[36m(SGLangEngine pid=41514)[0m [2026-08-06 03:41:34] INFO:     172.25.0.2:50122 - "GET /flush_cache HTTP/1.1" 200 OK
[36m(SGLangEngine pid=41514)[0m [2026-08-06 03:41:34] Cache flushed successfully!
[36m(SGLangEngine pid=41514)[0m [2026-08-06 03:41:34] Reset HybridReqToTokenPool
[36m(SGLangEngine pid=41514)[0m [2026-08-06 03:41:34] Cache flushed successfully!
[36m(SGLangEngine pid=41514)[0m [2026-08-06 03:41:34] INFO:     172.25.0.2:50134 - "POST /release_memory_occupation HTTP/1.1" 200 OK
[36m(MegatronTrainRayActor pid=41865)[0m [2026-08-06 03:41:34.903 actor_cell0_rank0] structured_log.py:23 - ft cls=MegatronTrainRayActor fn=train phase=start
[36m(MegatronTrainRayActor pid=41865)[0m [2026-08-06 03:41:34.903 actor_cell0_rank0] structured_log.py:23 - ft cls=MegatronTrainRayActor fn=wake_up phase=start
[36m(MegatronTrainRayActor pid=41865)[0m [2026-08-06 03:41:34.903 actor_cell0_rank0] timer.py:31 - Timer wake_up start
[36m(MegatronTrainRayActor pid=41865)[0m [2026-08-06 03:41:34.903 actor_cell0_rank0] memory_utils.py:41 - [Rank 0] Memory-Usage before wake_up model: {'gpu': '0', 'total_GB': 139.81, 'free_GB': 136.46, 'used_GB': 3.36, 'allocated_GB': 43.4, 'reserved_GB': 43.68}
[36m(MegatronTrainRayActor pid=41865)[0m [2026-08-06 03:41:38.016 actor_cell0_rank0] reloadable_process_group.py:151 - Reloading 0 process groups in pid 41865
[36m(MegatronTrainRayActor pid=41865)[0m [2026-08-06 03:41:38.017 actor_cell0_rank0] memory_utils.py:41 - [Rank 0] Memory-Usage after wake_up model: {'gpu': '0', 'total_GB': 139.81, 'free_GB': 92.81, 'used_GB': 47.01, 'allocated_GB': 43.4, 'reserved_GB': 43.68}
[36m(MegatronTrainRayActor pid=41865)[0m [2026-08-06 03:41:38.017 actor_cell0_rank0] timer.py:42 - Timer wake_up end (elapsed: 3.1s)
[36m(MegatronTrainRayActor pid=41865)[0m [2026-08-06 03:41:38.017 actor_cell0_rank0] structured_log.py:27 - ft cls=MegatronTrainRayActor fn=wake_up phase=end ok=true elapsed_s=3.1
[36m(MegatronTrainRayActor pid=41865)[0m [2026-08-06 03:41:38.017 actor_cell0_rank0] timer.py:31 - Timer data_preprocess start
[36m(MegatronTrainRayActor pid=41865)[0m [2026-08-06 03:41:38.026 actor_cell0_rank0] timer.py:42 - Timer data_preprocess end (elapsed: 0.0s)
[36m(MegatronTrainRayActor pid=41865)[0m [2026-08-06 03:41:38.026 actor_cell0_rank0] structured_log.py:23 - ft cls=MegatronTrainRayActor fn=train_actor phase=start
[36m(MegatronTrainRayActor pid=41865)[0m [2026-08-06 03:41:38.026 actor_cell0_rank0] timer.py:42 - Timer train_wait end (elapsed: 34.9s)
[36m(MegatronTrainRayActor pid=41865)[0m [2026-08-06 03:41:38.026 actor_cell0_rank0] timer.py:31 - Timer train start
[36m(MegatronTrainRayActor pid=41865)[0m [2026-08-06 03:41:38.196 actor_cell0_rank0] structured_log.py:23 - ft cls=MegatronTrainRayActor fn=compute_log_prob phase=start
[36m(MegatronTrainRayActor pid=41865)[0m [2026-08-06 03:41:38.196 actor_cell0_rank0] timer.py:31 - Timer ref_log_probs start
[36m(SGLangEngine pid=41514)[0m [2026-08-06 03:41:38] INFO:     172.25.0.2:50138 - "GET /health HTTP/1.1" 200 OK
[36m(MegatronTrainRayActor pid=41865)[0m [2026-08-06 03:41:38.323 actor_cell0_rank0] timer.py:42 - Timer ref_log_probs end (elapsed: 0.1s)
Traceback (most recent call last):
  File "/root/miles/train.py", line 156, in <module>
    asyncio.run(train(args))
  File "/usr/lib/python3.12/asyncio/runners.py", line 194, in run
    return runner.run(main)
           ^^^^^^^^^^^^^^^^
  File "/usr/lib/python3.12/asyncio/runners.py", line 118, in run
    return self._loop.run_until_complete(task)
           ^^^^^^^^^^^^^^^^^^^^^^^^^^^^^^^^^^^
  File "/usr/lib/python3.12/asyncio/base_events.py", line 687, in run_until_complete
    return future.result()
           ^^^^^^^^^^^^^^^
  File "/root/miles/train.py", line 118, in train
    await actor_model.train(rollout_id, rollout_data_pack)
  File "/root/miles/miles/ray/actor_group.py", line 81, in train
    return await self._broadcast(
           ^^^^^^^^^^^^^^^^^^^^^^
  File "/root/miles/miles/ray/actor_group.py", line 152, in _broadcast
    return await asyncio.gather(*refs)
           ^^^^^^^^^^^^^^^^^^^^^^^^^^^
  File "/usr/lib/python3.12/asyncio/tasks.py", line 684, in _wrap_awaitable
    return await awaitable
           ^^^^^^^^^^^^^^^
ray.exceptions.RayTaskError(NotImplementedError): [36mray::MegatronTrainRayActor.train()[39m (pid=41865, ip=172.25.0.2, actor_id=ad355405a6ca77c8b781940803000000, repr=<miles.backends.megatron_utils.actor.MegatronTrainRayActor object at 0x7dc039efa960>)
           ^^^^^^^^^^^^^^^^^^^^^^^^^^^^^^^^^^^^
           ^^^^^^^^^^^^^^^^^^^^^^^^^^^^^^^
  File "/root/miles/miles/utils/tracking_utils/structured_log.py", line 61, in wrapper
    result = func(*args, **kwargs)
             ^^^^^^^^^^^^^^^^^^^^^
  File "/root/miles/miles/utils/audit_utils/event_logger/logger.py", line 108, in wrapper
    return method(*args, **kwargs)
           ^^^^^^^^^^^^^^^^^^^^^^^
  File "/root/miles/miles/backends/megatron_utils/actor.py", line 404, in train
    result = self.train_actor(
             ^^^^^^^^^^^^^^^^^
           ^^^^^^^^^^^^^^^^^^^^^^^^^^^^^^^
  File "/root/miles/miles/utils/tracking_utils/structured_log.py", line 61, in wrapper
    result = func(*args, **kwargs)
             ^^^^^^^^^^^^^^^^^^^^^
  File "/root/miles/miles/backends/megatron_utils/actor.py", line 488, in train_actor
    self.compute_log_prob(
           ^^^^^^^^^^^^^^^^^^^^^^^^^^^^^^^
  File "/root/miles/miles/utils/tracking_utils/structured_log.py", line 61, in wrapper
    result = func(*args, **kwargs)
             ^^^^^^^^^^^^^^^^^^^^^
  File "/root/miles/miles/backends/megatron_utils/actor.py", line 361, in compute_log_prob
    return forward_only(
           ^^^^^^^^^^^^^
  File "/usr/local/lib/python3.12/dist-packages/torch/utils/_contextlib.py", line 124, in decorate_context
    return func(*args, **kwargs)
           ^^^^^^^^^^^^^^^^^^^^^
  File "/root/miles/miles/backends/megatron_utils/model.py", line 372, in forward_only
    forward_data_store += forward_backward_func(
                          ^^^^^^^^^^^^^^^^^^^^^^
  File "/root/Megatron-LM/megatron/core/pipeline_parallel/schedules.py", line 639, in forward_backward_no_pipelining
    output_tensor, num_tokens = forward_step(
                                ^^^^^^^^^^^^^
  File "/root/Megatron-LM/megatron/core/pipeline_parallel/schedules.py", line 426, in forward_step
    output_tensor, loss_func = forward_step_func(data_iterator, model)
                               ^^^^^^^^^^^^^^^^^^^^^^^^^^^^^^^^^^^^^^^
  File "/root/miles/miles/backends/megatron_utils/model.py", line 334, in forward_step
    output_tensor = model(
                    ^^^^^^
  File "/usr/local/lib/python3.12/dist-packages/torch/nn/modules/module.py", line 1779, in _wrapped_call_impl
    return self._call_impl(*args, **kwargs)
           ^^^^^^^^^^^^^^^^^^^^^^^^^^^^^^^^
  File "/usr/local/lib/python3.12/dist-packages/torch/nn/modules/module.py", line 1790, in _call_impl
    return forward_call(*args, **kwargs)
           ^^^^^^^^^^^^^^^^^^^^^^^^^^^^^
  File "/root/Megatron-LM/megatron/core/distributed/data_parallel_base.py", line 22, in forward
    return self.module(*inputs, **kwargs)
           ^^^^^^^^^^^^^^^^^^^^^^^^^^^^^^
  File "/usr/local/lib/python3.12/dist-packages/torch/nn/modules/module.py", line 1779, in _wrapped_call_impl
    return self._call_impl(*args, **kwargs)
           ^^^^^^^^^^^^^^^^^^^^^^^^^^^^^^^^
  File "/usr/local/lib/python3.12/dist-packages/torch/nn/modules/module.py", line 1790, in _call_impl
    return forward_call(*args, **kwargs)
           ^^^^^^^^^^^^^^^^^^^^^^^^^^^^^
  File "/root/Megatron-LM/megatron/core/transformer/module.py", line 501, in forward
    outputs = self.module(*inputs, **kwargs)
              ^^^^^^^^^^^^^^^^^^^^^^^^^^^^^^
  File "/usr/local/lib/python3.12/dist-packages/torch/nn/modules/module.py", line 1779, in _wrapped_call_impl
    return self._call_impl(*args, **kwargs)
           ^^^^^^^^^^^^^^^^^^^^^^^^^^^^^^^^
  File "/usr/local/lib/python3.12/dist-packages/torch/nn/modules/module.py", line 1790, in _call_impl
    return forward_call(*args, **kwargs)
           ^^^^^^^^^^^^^^^^^^^^^^^^^^^^^
  File "/root/miles/miles/backends/megatron_utils/model_provider.py", line 190, in _logits_only_forward
    out = _bridge_forward(*args, **kwargs)
          ^^^^^^^^^^^^^^^^^^^^^^^^^^^^^^^^
  File "/root/miles/miles_plugins/models/qwen3_vl.py", line 124, in patched_forward
    return orig_forward(self, *args, **kwargs)
           ^^^^^^^^^^^^^^^^^^^^^^^^^^^^^^^^^^^
  File "/usr/local/lib/python3.12/dist-packages/megatron/bridge/models/qwen_vl/modelling_qwen3_vl/model.py", line 851, in forward
    output = self.language_model(
             ^^^^^^^^^^^^^^^^^^^^
  File "/usr/local/lib/python3.12/dist-packages/torch/nn/modules/module.py", line 1779, in _wrapped_call_impl
    return self._call_impl(*args, **kwargs)
           ^^^^^^^^^^^^^^^^^^^^^^^^^^^^^^^^
  File "/usr/local/lib/python3.12/dist-packages/torch/nn/modules/module.py", line 1790, in _call_impl
    return forward_call(*args, **kwargs)
           ^^^^^^^^^^^^^^^^^^^^^^^^^^^^^
  File "/usr/local/lib/python3.12/dist-packages/megatron/bridge/models/qwen_vl/modelling_qwen3_vl/text_model.py", line 200, in forward
    hidden_states = self.decoder(
                    ^^^^^^^^^^^^^
  File "/root/Megatron-LM/megatron/core/transformer/transformer_block.py", line 740, in __call__
    return super().__call__(*args, **kwargs)
           ^^^^^^^^^^^^^^^^^^^^^^^^^^^^^^^^^
  File "/root/Megatron-LM/megatron/core/transformer/module.py", line 352, in __call__
    return super().__call__(*args, **kwargs)
           ^^^^^^^^^^^^^^^^^^^^^^^^^^^^^^^^^
  File "/usr/local/lib/python3.12/dist-packages/torch/nn/modules/module.py", line 1779, in _wrapped_call_impl
    return self._call_impl(*args, **kwargs)
           ^^^^^^^^^^^^^^^^^^^^^^^^^^^^^^^^
  File "/usr/local/lib/python3.12/dist-packages/torch/nn/modules/module.py", line 1790, in _call_impl
    return forward_call(*args, **kwargs)
           ^^^^^^^^^^^^^^^^^^^^^^^^^^^^^
  File "/usr/local/lib/python3.12/dist-packages/megatron/bridge/models/qwen_vl/modelling_qwen3_vl/transformer_block.py", line 746, in forward
    hidden_states, context = layer(
                             ^^^^^^
  File "/root/Megatron-LM/megatron/core/transformer/transformer_layer.py", line 1406, in __call__
    return super().__call__(*args, **kwargs)
           ^^^^^^^^^^^^^^^^^^^^^^^^^^^^^^^^^
  File "/root/Megatron-LM/megatron/core/transformer/module.py", line 352, in __call__
    return super().__call__(*args, **kwargs)
           ^^^^^^^^^^^^^^^^^^^^^^^^^^^^^^^^^
  File "/usr/local/lib/python3.12/dist-packages/torch/nn/modules/module.py", line 1779, in _wrapped_call_impl
    return self._call_impl(*args, **kwargs)
           ^^^^^^^^^^^^^^^^^^^^^^^^^^^^^^^^
  File "/usr/local/lib/python3.12/dist-packages/torch/nn/modules/module.py", line 1790, in _call_impl
    return forward_call(*args, **kwargs)
           ^^^^^^^^^^^^^^^^^^^^^^^^^^^^^
  File "/root/Megatron-LM/megatron/core/transformer/transformer_layer.py", line 565, in forward
    hidden_states, context = self._forward_attention(*args, **kwargs)
                             ^^^^^^^^^^^^^^^^^^^^^^^^^^^^^^^^^^^^^^^^
  File "/root/Megatron-LM/megatron/core/transformer/transformer_layer.py", line 689, in _forward_attention
    attention_output_with_bias = self.self_attention(
                                 ^^^^^^^^^^^^^^^^^^^^
  File "/usr/local/lib/python3.12/dist-packages/torch/nn/modules/module.py", line 1779, in _wrapped_call_impl
    return self._call_impl(*args, **kwargs)
           ^^^^^^^^^^^^^^^^^^^^^^^^^^^^^^^^
  File "/usr/local/lib/python3.12/dist-packages/torch/nn/modules/module.py", line 1790, in _call_impl
    return forward_call(*args, **kwargs)
           ^^^^^^^^^^^^^^^^^^^^^^^^^^^^^
  File "/root/Megatron-LM/megatron/core/ssm/gated_delta_net.py", line 300, in forward
    raise NotImplementedError("GDN does not support packed sequence for now.")
NotImplementedError: GDN does not support packed sequence for now.
[36m(MegatronTrainRayActor pid=41865)[0m [2026-08-06 03:41:38.323 actor_cell0_rank0] structured_log.py:30 - ft cls=MegatronTrainRayActor fn=compute_log_prob phase=end ok=false elapsed_s=0.1
[36m(MegatronTrainRayActor pid=41865)[0m Traceback (most recent call last):
[36m(MegatronTrainRayActor pid=41865)[0m   File "/root/miles/miles/utils/tracking_utils/structured_log.py", line 61, in wrapper
[36m(MegatronTrainRayActor pid=41865)[0m     result = func(*args, **kwargs)
[36m(MegatronTrainRayActor pid=41865)[0m              ^^^^^^^^^^^^^^^^^^^^^
[36m(MegatronTrainRayActor pid=41865)[0m   File "/root/miles/miles/backends/megatron_utils/actor.py", line 361, in compute_log_prob
[36m(MegatronTrainRayActor pid=41865)[0m     return forward_only(
[36m(MegatronTrainRayActor pid=41865)[0m            ^^^^^^^^^^^^^
[36m(MegatronTrainRayActor pid=41865)[0m   File "/usr/local/lib/python3.12/dist-packages/torch/utils/_contextlib.py", line 124, in decorate_context
[36m(MegatronTrainRayActor pid=41865)[0m     return func(*args, **kwargs)
[36m(MegatronTrainRayActor pid=41865)[0m            ^^^^^^^^^^^^^^^^^^^^^
[36m(MegatronTrainRayActor pid=41865)[0m   File "/root/miles/miles/backends/megatron_utils/model.py", line 372, in forward_only
[36m(MegatronTrainRayActor pid=41865)[0m     forward_data_store += forward_backward_func(
[36m(MegatronTrainRayActor pid=41865)[0m                           ^^^^^^^^^^^^^^^^^^^^^^
[36m(MegatronTrainRayActor pid=41865)[0m   File "/root/Megatron-LM/megatron/core/pipeline_parallel/schedules.py", line 639, in forward_backward_no_pipelining
[36m(MegatronTrainRayActor pid=41865)[0m     output_tensor, num_tokens = forward_step(
[36m(MegatronTrainRayActor pid=41865)[0m                                 ^^^^^^^^^^^^^
[36m(MegatronTrainRayActor pid=41865)[0m   File "/root/Megatron-LM/megatron/core/pipeline_parallel/schedules.py", line 426, in forward_step
[36m(MegatronTrainRayActor pid=41865)[0m     output_tensor, loss_func = forward_step_func(data_iterator, model)
[36m(MegatronTrainRayActor pid=41865)[0m                                ^^^^^^^^^^^^^^^^^^^^^^^^^^^^^^^^^^^^^^^
[36m(MegatronTrainRayActor pid=41865)[0m   File "/root/miles/miles/backends/megatron_utils/model.py", line 334, in forward_step
[36m(MegatronTrainRayActor pid=41865)[0m     output_tensor = model(
[36m(MegatronTrainRayActor pid=41865)[0m                     ^^^^^^
[36m(MegatronTrainRayActor pid=41865)[0m   File "/usr/local/lib/python3.12/dist-packages/torch/nn/modules/module.py", line 1779, in _wrapped_call_impl
[36m(MegatronTrainRayActor pid=41865)[0m     return self._call_impl(*args, **kwargs)
[36m(MegatronTrainRayActor pid=41865)[0m            ^^^^^^^^^^^^^^^^^^^^^^^^^^^^^^^^
[36m(MegatronTrainRayActor pid=41865)[0m   File "/usr/local/lib/python3.12/dist-packages/torch/nn/modules/module.py", line 1790, in _call_impl
[36m(MegatronTrainRayActor pid=41865)[0m     return forward_call(*args, **kwargs)
[36m(MegatronTrainRayActor pid=41865)[0m            ^^^^^^^^^^^^^^^^^^^^^^^^^^^^^
[36m(MegatronTrainRayActor pid=41865)[0m   File "/root/Megatron-LM/megatron/core/distributed/data_parallel_base.py", line 22, in forward
[36m(MegatronTrainRayActor pid=41865)[0m     return self.module(*inputs, **kwargs)
[36m(MegatronTrainRayActor pid=41865)[0m            ^^^^^^^^^^^^^^^^^^^^^^^^^^^^^^
[36m(MegatronTrainRayActor pid=41865)[0m   File "/usr/local/lib/python3.12/dist-packages/torch/nn/modules/module.py", line 1779, in _wrapped_call_impl
[36m(MegatronTrainRayActor pid=41865)[0m     return self._call_impl(*args, **kwargs)
[36m(MegatronTrainRayActor pid=41865)[0m            ^^^^^^^^^^^^^^^^^^^^^^^^^^^^^^^^
[36m(MegatronTrainRayActor pid=41865)[0m   File "/usr/local/lib/python3.12/dist-packages/torch/nn/modules/module.py", line 1790, in _call_impl
[36m(MegatronTrainRayActor pid=41865)[0m     return forward_call(*args, **kwargs)
[36m(MegatronTrainRayActor pid=41865)[0m            ^^^^^^^^^^^^^^^^^^^^^^^^^^^^^
[36m(MegatronTrainRayActor pid=41865)[0m   File "/root/Megatron-LM/megatron/core/transformer/module.py", line 501, in forward
[36m(MegatronTrainRayActor pid=41865)[0m     outputs = self.module(*inputs, **kwargs)
[36m(MegatronTrainRayActor pid=41865)[0m               ^^^^^^^^^^^^^^^^^^^^^^^^^^^^^^
[36m(MegatronTrainRayActor pid=41865)[0m   File "/usr/local/lib/python3.12/dist-packages/torch/nn/modules/module.py", line 1779, in _wrapped_call_impl
[36m(MegatronTrainRayActor pid=41865)[0m     return self._call_impl(*args, **kwargs)
[36m(MegatronTrainRayActor pid=41865)[0m            ^^^^^^^^^^^^^^^^^^^^^^^^^^^^^^^^
[36m(MegatronTrainRayActor pid=41865)[0m   File "/usr/local/lib/python3.12/dist-packages/torch/nn/modules/module.py", line 1790, in _call_impl
[36m(MegatronTrainRayActor pid=41865)[0m     return forward_call(*args, **kwargs)
[36m(MegatronTrainRayActor pid=41865)[0m            ^^^^^^^^^^^^^^^^^^^^^^^^^^^^^
[36m(MegatronTrainRayActor pid=41865)[0m   File "/root/miles/miles/backends/megatron_utils/model_provider.py", line 190, in _logits_only_forward
[36m(MegatronTrainRayActor pid=41865)[0m     out = _bridge_forward(*args, **kwargs)
[36m(MegatronTrainRayActor pid=41865)[0m           ^^^^^^^^^^^^^^^^^^^^^^^^^^^^^^^^
[36m(MegatronTrainRayActor pid=41865)[0m   File "/root/miles/miles_plugins/models/qwen3_vl.py", line 124, in patched_forward
[36m(MegatronTrainRayActor pid=41865)[0m     return orig_forward(self, *args, **kwargs)
[36m(MegatronTrainRayActor pid=41865)[0m            ^^^^^^^^^^^^^^^^^^^^^^^^^^^^^^^^^^^
[36m(MegatronTrainRayActor pid=41865)[0m   File "/usr/local/lib/python3.12/dist-packages/megatron/bridge/models/qwen_vl/modelling_qwen3_vl/model.py", line 851, in forward
[36m(MegatronTrainRayActor pid=41865)[0m     output = self.language_model(
[36m(MegatronTrainRayActor pid=41865)[0m              ^^^^^^^^^^^^^^^^^^^^
[36m(MegatronTrainRayActor pid=41865)[0m   File "/usr/local/lib/python3.12/dist-packages/torch/nn/modules/module.py", line 1779, in _wrapped_call_impl
[36m(MegatronTrainRayActor pid=41865)[0m     return self._call_impl(*args, **kwargs)
[36m(MegatronTrainRayActor pid=41865)[0m            ^^^^^^^^^^^^^^^^^^^^^^^^^^^^^^^^
[36m(MegatronTrainRayActor pid=41865)[0m   File "/usr/local/lib/python3.12/dist-packages/torch/nn/modules/module.py", line 1790, in _call_impl
[36m(MegatronTrainRayActor pid=41865)[0m     return forward_call(*args, **kwargs)
[36m(MegatronTrainRayActor pid=41865)[0m            ^^^^^^^^^^^^^^^^^^^^^^^^^^^^^
[36m(MegatronTrainRayActor pid=41865)[0m   File "/usr/local/lib/python3.12/dist-packages/megatron/bridge/models/qwen_vl/modelling_qwen3_vl/text_model.py", line 200, in forward
[36m(MegatronTrainRayActor pid=41865)[0m     hidden_states = self.decoder(
[36m(MegatronTrainRayActor pid=41865)[0m                     ^^^^^^^^^^^^^
[36m(MegatronTrainRayActor pid=41865)[0m   File "/root/Megatron-LM/megatron/core/transformer/transformer_block.py", line 740, in __call__
[36m(MegatronTrainRayActor pid=41865)[0m     return super().__call__(*args, **kwargs)
[36m(MegatronTrainRayActor pid=41865)[0m            ^^^^^^^^^^^^^^^^^^^^^^^^^^^^^^^^^
[36m(MegatronTrainRayActor pid=41865)[0m   File "/root/Megatron-LM/megatron/core/transformer/module.py", line 352, in __call__
[36m(MegatronTrainRayActor pid=41865)[0m     return super().__call__(*args, **kwargs)
[36m(MegatronTrainRayActor pid=41865)[0m            ^^^^^^^^^^^^^^^^^^^^^^^^^^^^^^^^^
[36m(MegatronTrainRayActor pid=41865)[0m   File "/usr/local/lib/python3.12/dist-packages/torch/nn/modules/module.py", line 1779, in _wrapped_call_impl
[36m(MegatronTrainRayActor pid=41865)[0m     return self._call_impl(*args, **kwargs)
[36m(MegatronTrainRayActor pid=41865)[0m            ^^^^^^^^^^^^^^^^^^^^^^^^^^^^^^^^
[36m(MegatronTrainRayActor pid=41865)[0m   File "/usr/local/lib/python3.12/dist-packages/torch/nn/modules/module.py", line 1790, in _call_impl
[36m(MegatronTrainRayActor pid=41865)[0m     return forward_call(*args, **kwargs)
[36m(MegatronTrainRayActor pid=41865)[0m            ^^^^^^^^^^^^^^^^^^^^^^^^^^^^^
[36m(MegatronTrainRayActor pid=41865)[0m   File "/usr/local/lib/python3.12/dist-packages/megatron/bridge/models/qwen_vl/modelling_qwen3_vl/transformer_block.py", line 746, in forward
[36m(MegatronTrainRayActor pid=41865)[0m     hidden_states, context = layer(
[36m(MegatronTrainRayActor pid=41865)[0m                              ^^^^^^
[36m(MegatronTrainRayActor pid=41865)[0m   File "/root/Megatron-LM/megatron/core/transformer/transformer_layer.py", line 1406, in __call__
[36m(MegatronTrainRayActor pid=41865)[0m     return super().__call__(*args, **kwargs)
[36m(MegatronTrainRayActor pid=41865)[0m            ^^^^^^^^^^^^^^^^^^^^^^^^^^^^^^^^^
[36m(MegatronTrainRayActor pid=41865)[0m   File "/root/Megatron-LM/megatron/core/transformer/module.py", line 352, in __call__
[36m(MegatronTrainRayActor pid=41865)[0m     return super().__call__(*args, **kwargs)
[36m(MegatronTrainRayActor pid=41865)[0m            ^^^^^^^^^^^^^^^^^^^^^^^^^^^^^^^^^
[36m(MegatronTrainRayActor pid=41865)[0m   File "/usr/local/lib/python3.12/dist-packages/torch/nn/modules/module.py", line 1779, in _wrapped_call_impl
[36m(MegatronTrainRayActor pid=41865)[0m     return self._call_impl(*args, **kwargs)
[36m(MegatronTrainRayActor pid=41865)[0m            ^^^^^^^^^^^^^^^^^^^^^^^^^^^^^^^^
[36m(MegatronTrainRayActor pid=41865)[0m   File "/usr/local/lib/python3.12/dist-packages/torch/nn/modules/module.py", line 1790, in _call_impl
[36m(MegatronTrainRayActor pid=41865)[0m     return forward_call(*args, **kwargs)
[36m(MegatronTrainRayActor pid=41865)[0m            ^^^^^^^^^^^^^^^^^^^^^^^^^^^^^
[36m(MegatronTrainRayActor pid=41865)[0m   File "/root/Megatron-LM/megatron/core/transformer/transformer_layer.py", line 565, in forward
[36m(MegatronTrainRayActor pid=41865)[0m     hidden_states, context = self._forward_attention(*args, **kwargs)
[36m(MegatronTrainRayActor pid=41865)[0m                              ^^^^^^^^^^^^^^^^^^^^^^^^^^^^^^^^^^^^^^^^
[36m(MegatronTrainRayActor pid=41865)[0m   File "/root/Megatron-LM/megatron/core/transformer/transformer_layer.py", line 689, in _forward_attention
[36m(MegatronTrainRayActor pid=41865)[0m     attention_output_with_bias = self.self_attention(
[36m(MegatronTrainRayActor pid=41865)[0m                                  ^^^^^^^^^^^^^^^^^^^^
[36m(MegatronTrainRayActor pid=41865)[0m   File "/usr/local/lib/python3.12/dist-packages/torch/nn/modules/module.py", line 1779, in _wrapped_call_impl
[36m(MegatronTrainRayActor pid=41865)[0m     return self._call_impl(*args, **kwargs)
[36m(MegatronTrainRayActor pid=41865)[0m            ^^^^^^^^^^^^^^^^^^^^^^^^^^^^^^^^
[36m(MegatronTrainRayActor pid=41865)[0m   File "/usr/local/lib/python3.12/dist-packages/torch/nn/modules/module.py", line 1790, in _call_impl
[36m(MegatronTrainRayActor pid=41865)[0m     return forward_call(*args, **kwargs)
[36m(MegatronTrainRayActor pid=41865)[0m            ^^^^^^^^^^^^^^^^^^^^^^^^^^^^^
[36m(MegatronTrainRayActor pid=41865)[0m   File "/root/Megatron-LM/megatron/core/ssm/gated_delta_net.py", line 300, in forward
[36m(MegatronTrainRayActor pid=41865)[0m     raise NotImplementedError("GDN does not support packed sequence for now.")
[36m(MegatronTrainRayActor pid=41865)[0m NotImplementedError: GDN does not support packed sequence for now.
[36m(MegatronTrainRayActor pid=41865)[0m [2026-08-06 03:41:38.327 actor_cell0_rank0] timer.py:42 - Timer train end (elapsed: 0.3s)
[36m(MegatronTrainRayActor pid=41865)[0m [2026-08-06 03:41:38.327 actor_cell0_rank0] timer.py:31 - Timer train_wait start
[36m(MegatronTrainRayActor pid=41865)[0m [2026-08-06 03:41:38.327 actor_cell0_rank0] structured_log.py:30 - ft cls=MegatronTrainRayActor fn=train_actor phase=end ok=false elapsed_s=0.3
[36m(MegatronTrainRayActor pid=41865)[0m Traceback (most recent call last):
[36m(MegatronTrainRayActor pid=41865)[0m   File "/root/miles/miles/utils/tracking_utils/structured_log.py", line 61, in wrapper
[36m(MegatronTrainRayActor pid=41865)[0m     result = func(*args, **kwargs)
[36m(MegatronTrainRayActor pid=41865)[0m              ^^^^^^^^^^^^^^^^^^^^^
[36m(MegatronTrainRayActor pid=41865)[0m   File "/root/miles/miles/backends/megatron_utils/actor.py", line 488, in train_actor
[36m(MegatronTrainRayActor pid=41865)[0m     self.compute_log_prob(
[36m(MegatronTrainRayActor pid=41865)[0m   File "/usr/local/lib/python3.12/dist-packages/ray/util/tracing/tracing_helper.py", line 487, in _resume_span
[36m(MegatronTrainRayActor pid=41865)[0m     return method(self, *_args, **_kwargs)
[36m(MegatronTrainRayActor pid=41865)[0m            ^^^^^^^^^^^^^^^^^^^^^^^^^^^^^^^
[36m(MegatronTrainRayActor pid=41865)[0m   File "/root/miles/miles/utils/tracking_utils/structured_log.py", line 61, in wrapper
[36m(MegatronTrainRayActor pid=41865)[0m     result = func(*args, **kwargs)
[36m(MegatronTrainRayActor pid=41865)[0m              ^^^^^^^^^^^^^^^^^^^^^
[36m(MegatronTrainRayActor pid=41865)[0m   File "/root/miles/miles/backends/megatron_utils/actor.py", line 361, in compute_log_prob
[36m(MegatronTrainRayActor pid=41865)[0m     return forward_only(
[36m(MegatronTrainRayActor pid=41865)[0m            ^^^^^^^^^^^^^
[36m(MegatronTrainRayActor pid=41865)[0m   File "/usr/local/lib/python3.12/dist-packages/torch/utils/_contextlib.py", line 124, in decorate_context
[36m(MegatronTrainRayActor pid=41865)[0m     return func(*args, **kwargs)
[36m(MegatronTrainRayActor pid=41865)[0m            ^^^^^^^^^^^^^^^^^^^^^
[36m(MegatronTrainRayActor pid=41865)[0m   File "/root/miles/miles/backends/megatron_utils/model.py", line 372, in forward_only
[36m(MegatronTrainRayActor pid=41865)[0m     forward_data_store += forward_backward_func(
[36m(MegatronTrainRayActor pid=41865)[0m                           ^^^^^^^^^^^^^^^^^^^^^^
[36m(MegatronTrainRayActor pid=41865)[0m   File "/root/Megatron-LM/megatron/core/pipeline_parallel/schedules.py", line 639, in forward_backward_no_pipelining
[36m(MegatronTrainRayActor pid=41865)[0m     output_tensor, num_tokens = forward_step(
[36m(MegatronTrainRayActor pid=41865)[0m                                 ^^^^^^^^^^^^^
[36m(MegatronTrainRayActor pid=41865)[0m   File "/root/Megatron-LM/megatron/core/pipeline_parallel/schedules.py", line 426, in forward_step
[36m(MegatronTrainRayActor pid=41865)[0m     output_tensor, loss_func = forward_step_func(data_iterator, model)
[36m(MegatronTrainRayActor pid=41865)[0m                                ^^^^^^^^^^^^^^^^^^^^^^^^^^^^^^^^^^^^^^^
[36m(MegatronTrainRayActor pid=41865)[0m   File "/root/miles/miles/backends/megatron_utils/model.py", line 334, in forward_step
[36m(MegatronTrainRayActor pid=41865)[0m     output_tensor = model(
[36m(MegatronTrainRayActor pid=41865)[0m                     ^^^^^^
[36m(MegatronTrainRayActor pid=41865)[0m   File "/usr/local/lib/python3.12/dist-packages/torch/nn/modules/module.py", line 1779, in _wrapped_call_impl
[36m(MegatronTrainRayActor pid=41865)[0m     return self._call_impl(*args, **kwargs)
[36m(MegatronTrainRayActor pid=41865)[0m            ^^^^^^^^^^^^^^^^^^^^^^^^^^^^^^^^
[36m(MegatronTrainRayActor pid=41865)[0m   File "/usr/local/lib/python3.12/dist-packages/torch/nn/modules/module.py", line 1790, in _call_impl
[36m(MegatronTrainRayActor pid=41865)[0m     return forward_call(*args, **kwargs)
[36m(MegatronTrainRayActor pid=41865)[0m            ^^^^^^^^^^^^^^^^^^^^^^^^^^^^^
[36m(MegatronTrainRayActor pid=41865)[0m   File "/root/Megatron-LM/megatron/core/distributed/data_parallel_base.py", line 22, in forward
[36m(MegatronTrainRayActor pid=41865)[0m     return self.module(*inputs, **kwargs)
[36m(MegatronTrainRayActor pid=41865)[0m            ^^^^^^^^^^^^^^^^^^^^^^^^^^^^^^
[36m(MegatronTrainRayActor pid=41865)[0m   File "/usr/local/lib/python3.12/dist-packages/torch/nn/modules/module.py", line 1779, in _wrapped_call_impl
[36m(MegatronTrainRayActor pid=41865)[0m     return self._call_impl(*args, **kwargs)
[36m(MegatronTrainRayActor pid=41865)[0m            ^^^^^^^^^^^^^^^^^^^^^^^^^^^^^^^^
[36m(MegatronTrainRayActor pid=41865)[0m   File "/usr/local/lib/python3.12/dist-packages/torch/nn/modules/module.py", line 1790, in _call_impl
[36m(MegatronTrainRayActor pid=41865)[0m     return forward_call(*args, **kwargs)
[36m(MegatronTrainRayActor pid=41865)[0m            ^^^^^^^^^^^^^^^^^^^^^^^^^^^^^
[36m(MegatronTrainRayActor pid=41865)[0m   File "/root/Megatron-LM/megatron/core/transformer/module.py", line 501, in forward
[36m(MegatronTrainRayActor pid=41865)[0m     outputs = self.module(*inputs, **kwargs)
[36m(MegatronTrainRayActor pid=41865)[0m               ^^^^^^^^^^^^^^^^^^^^^^^^^^^^^^
[36m(MegatronTrainRayActor pid=41865)[0m   File "/usr/local/lib/python3.12/dist-packages/torch/nn/modules/module.py", line 1779, in _wrapped_call_impl
[36m(MegatronTrainRayActor pid=41865)[0m     return self._call_impl(*args, **kwargs)
[36m(MegatronTrainRayActor pid=41865)[0m            ^^^^^^^^^^^^^^^^^^^^^^^^^^^^^^^^
[36m(MegatronTrainRayActor pid=41865)[0m   File "/usr/local/lib/python3.12/dist-packages/torch/nn/modules/module.py", line 1790, in _call_impl
[36m(MegatronTrainRayActor pid=41865)[0m     return forward_call(*args, **kwargs)
[36m(MegatronTrainRayActor pid=41865)[0m            ^^^^^^^^^^^^^^^^^^^^^^^^^^^^^
[36m(MegatronTrainRayActor pid=41865)[0m   File "/root/miles/miles/backends/megatron_utils/model_provider.py", line 190, in _logits_only_forward
[36m(MegatronTrainRayActor pid=41865)[0m     out = _bridge_forward(*args, **kwargs)
[36m(MegatronTrainRayActor pid=41865)[0m           ^^^^^^^^^^^^^^^^^^^^^^^^^^^^^^^^
[36m(MegatronTrainRayActor pid=41865)[0m   File "/root/miles/miles_plugins/models/qwen3_vl.py", line 124, in patched_forward
[36m(MegatronTrainRayActor pid=41865)[0m     return orig_forward(self, *args, **kwargs)
[36m(MegatronTrainRayActor pid=41865)[0m            ^^^^^^^^^^^^^^^^^^^^^^^^^^^^^^^^^^^
[36m(MegatronTrainRayActor pid=41865)[0m   File "/usr/local/lib/python3.12/dist-packages/megatron/bridge/models/qwen_vl/modelling_qwen3_vl/model.py", line 851, in forward
[36m(MegatronTrainRayActor pid=41865)[0m     output = self.language_model(
[36m(MegatronTrainRayActor pid=41865)[0m              ^^^^^^^^^^^^^^^^^^^^
[36m(MegatronTrainRayActor pid=41865)[0m   File "/usr/local/lib/python3.12/dist-packages/torch/nn/modules/module.py", line 1779, in _wrapped_call_impl
[36m(MegatronTrainRayActor pid=41865)[0m     return self._call_impl(*args, **kwargs)
[36m(MegatronTrainRayActor pid=41865)[0m            ^^^^^^^^^^^^^^^^^^^^^^^^^^^^^^^^
[36m(MegatronTrainRayActor pid=41865)[0m   File "/usr/local/lib/python3.12/dist-packages/torch/nn/modules/module.py", line 1790, in _call_impl
[36m(MegatronTrainRayActor pid=41865)[0m     return forward_call(*args, **kwargs)
[36m(MegatronTrainRayActor pid=41865)[0m            ^^^^^^^^^^^^^^^^^^^^^^^^^^^^^
[36m(MegatronTrainRayActor pid=41865)[0m   File "/usr/local/lib/python3.12/dist-packages/megatron/bridge/models/qwen_vl/modelling_qwen3_vl/text_model.py", line 200, in forward
[36m(MegatronTrainRayActor pid=41865)[0m     hidden_states = self.decoder(
[36m(MegatronTrainRayActor pid=41865)[0m                     ^^^^^^^^^^^^^
[36m(MegatronTrainRayActor pid=41865)[0m   File "/root/Megatron-LM/megatron/core/transformer/transformer_block.py", line 740, in __call__
[36m(MegatronTrainRayActor pid=41865)[0m     return super().__call__(*args, **kwargs)
[36m(MegatronTrainRayActor pid=41865)[0m            ^^^^^^^^^^^^^^^^^^^^^^^^^^^^^^^^^
[36m(MegatronTrainRayActor pid=41865)[0m   File "/root/Megatron-LM/megatron/core/transformer/module.py", line 352, in __call__
[36m(MegatronTrainRayActor pid=41865)[0m     return super().__call__(*args, **kwargs)
[36m(MegatronTrainRayActor pid=41865)[0m            ^^^^^^^^^^^^^^^^^^^^^^^^^^^^^^^^^
[36m(MegatronTrainRayActor pid=41865)[0m   File "/usr/local/lib/python3.12/dist-packages/torch/nn/modules/module.py", line 1779, in _wrapped_call_impl
[36m(MegatronTrainRayActor pid=41865)[0m     return self._call_impl(*args, **kwargs)
[36m(MegatronTrainRayActor pid=41865)[0m            ^^^^^^^^^^^^^^^^^^^^^^^^^^^^^^^^
[36m(MegatronTrainRayActor pid=41865)[0m   File "/usr/local/lib/python3.12/dist-packages/torch/nn/modules/module.py", line 1790, in _call_impl
[36m(MegatronTrainRayActor pid=41865)[0m     return forward_call(*args, **kwargs)
[36m(MegatronTrainRayActor pid=41865)[0m            ^^^^^^^^^^^^^^^^^^^^^^^^^^^^^
[36m(MegatronTrainRayActor pid=41865)[0m   File "/usr/local/lib/python3.12/dist-packages/megatron/bridge/models/qwen_vl/modelling_qwen3_vl/transformer_block.py", line 746, in forward
[36m(MegatronTrainRayActor pid=41865)[0m     hidden_states, context = layer(
[36m(MegatronTrainRayActor pid=41865)[0m                              ^^^^^^
[36m(MegatronTrainRayActor pid=41865)[0m   File "/root/Megatron-LM/megatron/core/transformer/transformer_layer.py", line 1406, in __call__
[36m(MegatronTrainRayActor pid=41865)[0m     return super().__call__(*args, **kwargs)
[36m(MegatronTrainRayActor pid=41865)[0m            ^^^^^^^^^^^^^^^^^^^^^^^^^^^^^^^^^
[36m(MegatronTrainRayActor pid=41865)[0m   File "/root/Megatron-LM/megatron/core/transformer/module.py", line 352, in __call__
[36m(MegatronTrainRayActor pid=41865)[0m     return super().__call__(*args, **kwargs)
[36m(MegatronTrainRayActor pid=41865)[0m            ^^^^^^^^^^^^^^^^^^^^^^^^^^^^^^^^^
[36m(MegatronTrainRayActor pid=41865)[0m   File "/usr/local/lib/python3.12/dist-packages/torch/nn/modules/module.py", line 1779, in _wrapped_call_impl
[36m(MegatronTrainRayActor pid=41865)[0m     return self._call_impl(*args, **kwargs)
[36m(MegatronTrainRayActor pid=41865)[0m            ^^^^^^^^^^^^^^^^^^^^^^^^^^^^^^^^
[36m(MegatronTrainRayActor pid=41865)[0m   File "/usr/local/lib/python3.12/dist-packages/torch/nn/modules/module.py", line 1790, in _call_impl
[36m(MegatronTrainRayActor pid=41865)[0m     return forward_call(*args, **kwargs)
[36m(MegatronTrainRayActor pid=41865)[0m            ^^^^^^^^^^^^^^^^^^^^^^^^^^^^^
[36m(MegatronTrainRayActor pid=41865)[0m   File "/root/Megatron-LM/megatron/core/transformer/transformer_layer.py", line 565, in forward
[36m(MegatronTrainRayActor pid=41865)[0m     hidden_states, context = self._forward_attention(*args, **kwargs)
[36m(MegatronTrainRayActor pid=41865)[0m                              ^^^^^^^^^^^^^^^^^^^^^^^^^^^^^^^^^^^^^^^^
[36m(MegatronTrainRayActor pid=41865)[0m   File "/root/Megatron-LM/megatron/core/transformer/transformer_layer.py", line 689, in _forward_attention
[36m(MegatronTrainRayActor pid=41865)[0m     attention_output_with_bias = self.self_attention(
[36m(MegatronTrainRayActor pid=41865)[0m                                  ^^^^^^^^^^^^^^^^^^^^
[36m(MegatronTrainRayActor pid=41865)[0m   File "/usr/local/lib/python3.12/dist-packages/torch/nn/modules/module.py", line 1779, in _wrapped_call_impl
[36m(MegatronTrainRayActor pid=41865)[0m     return self._call_impl(*args, **kwargs)
[36m(MegatronTrainRayActor pid=41865)[0m            ^^^^^^^^^^^^^^^^^^^^^^^^^^^^^^^^
[36m(MegatronTrainRayActor pid=41865)[0m   File "/usr/local/lib/python3.12/dist-packages/torch/nn/modules/module.py", line 1790, in _call_impl
[36m(MegatronTrainRayActor pid=41865)[0m     return forward_call(*args, **kwargs)
[36m(MegatronTrainRayActor pid=41865)[0m            ^^^^^^^^^^^^^^^^^^^^^^^^^^^^^
[36m(MegatronTrainRayActor pid=41865)[0m   File "/root/Megatron-LM/megatron/core/ssm/gated_delta_net.py", line 300, in forward
[36m(MegatronTrainRayActor pid=41865)[0m     raise NotImplementedError("GDN does not support packed sequence for now.")
[36m(MegatronTrainRayActor pid=41865)[0m NotImplementedError: GDN does not support packed sequence for now.
[36m(MegatronTrainRayActor pid=41865)[0m [2026-08-06 03:41:38.328 actor_cell0_rank0] structured_log.py:30 - ft cls=MegatronTrainRayActor fn=train phase=end ok=false elapsed_s=3.4
[36m(MegatronTrainRayActor pid=41865)[0m Traceback (most recent call last):
[36m(MegatronTrainRayActor pid=41865)[0m   File "/root/miles/miles/utils/tracking_utils/structured_log.py", line 61, in wrapper
[36m(MegatronTrainRayActor pid=41865)[0m     result = func(*args, **kwargs)
[36m(MegatronTrainRayActor pid=41865)[0m              ^^^^^^^^^^^^^^^^^^^^^
[36m(MegatronTrainRayActor pid=41865)[0m   File "/root/miles/miles/utils/audit_utils/event_logger/logger.py", line 108, in wrapper
[36m(MegatronTrainRayActor pid=41865)[0m     return method(*args, **kwargs)
[36m(MegatronTrainRayActor pid=41865)[0m            ^^^^^^^^^^^^^^^^^^^^^^^
[36m(MegatronTrainRayActor pid=41865)[0m   File "/root/miles/miles/backends/megatron_utils/actor.py", line 404, in train
[36m(MegatronTrainRayActor pid=41865)[0m     result = self.train_actor(
[36m(MegatronTrainRayActor pid=41865)[0m              ^^^^^^^^^^^^^^^^^
[36m(MegatronTrainRayActor pid=41865)[0m   File "/usr/local/lib/python3.12/dist-packages/ray/util/tracing/tracing_helper.py", line 487, in _resume_span
[36m(MegatronTrainRayActor pid=41865)[0m     return method(self, *_args, **_kwargs)
[36m(MegatronTrainRayActor pid=41865)[0m            ^^^^^^^^^^^^^^^^^^^^^^^^^^^^^^^
[36m(MegatronTrainRayActor pid=41865)[0m   File "/root/miles/miles/utils/tracking_utils/structured_log.py", line 61, in wrapper
[36m(MegatronTrainRayActor pid=41865)[0m     result = func(*args, **kwargs)
[36m(MegatronTrainRayActor pid=41865)[0m              ^^^^^^^^^^^^^^^^^^^^^
[36m(MegatronTrainRayActor pid=41865)[0m   File "/root/miles/miles/backends/megatron_utils/actor.py", line 488, in train_actor
[36m(MegatronTrainRayActor pid=41865)[0m     self.compute_log_prob(
[36m(MegatronTrainRayActor pid=41865)[0m   File "/usr/local/lib/python3.12/dist-packages/ray/util/tracing/tracing_helper.py", line 487, in _resume_span
[36m(MegatronTrainRayActor pid=41865)[0m     return method(self, *_args, **_kwargs)
[36m(MegatronTrainRayActor pid=41865)[0m            ^^^^^^^^^^^^^^^^^^^^^^^^^^^^^^^
[36m(MegatronTrainRayActor pid=41865)[0m   File "/root/miles/miles/utils/tracking_utils/structured_log.py", line 61, in wrapper
[36m(MegatronTrainRayActor pid=41865)[0m     result = func(*args, **kwargs)
[36m(MegatronTrainRayActor pid=41865)[0m              ^^^^^^^^^^^^^^^^^^^^^
[36m(MegatronTrainRayActor pid=41865)[0m   File "/root/miles/miles/backends/megatron_utils/actor.py", line 361, in compute_log_prob
[36m(MegatronTrainRayActor pid=41865)[0m     return forward_only(
[36m(MegatronTrainRayActor pid=41865)[0m            ^^^^^^^^^^^^^
[36m(MegatronTrainRayActor pid=41865)[0m   File "/usr/local/lib/python3.12/dist-packages/torch/utils/_contextlib.py", line 124, in decorate_context
[36m(MegatronTrainRayActor pid=41865)[0m     return func(*args, **kwargs)
[36m(MegatronTrainRayActor pid=41865)[0m            ^^^^^^^^^^^^^^^^^^^^^
[36m(MegatronTrainRayActor pid=41865)[0m   File "/root/miles/miles/backends/megatron_utils/model.py", line 372, in forward_only
[36m(MegatronTrainRayActor pid=41865)[0m     forward_data_store += forward_backward_func(
[36m(MegatronTrainRayActor pid=41865)[0m                           ^^^^^^^^^^^^^^^^^^^^^^
[36m(MegatronTrainRayActor pid=41865)[0m   File "/root/Megatron-LM/megatron/core/pipeline_parallel/schedules.py", line 639, in forward_backward_no_pipelining
[36m(MegatronTrainRayActor pid=41865)[0m     output_tensor, num_tokens = forward_step(
[36m(MegatronTrainRayActor pid=41865)[0m                                 ^^^^^^^^^^^^^
[36m(MegatronTrainRayActor pid=41865)[0m   File "/root/Megatron-LM/megatron/core/pipeline_parallel/schedules.py", line 426, in forward_step
[36m(MegatronTrainRayActor pid=41865)[0m     output_tensor, loss_func = forward_step_func(data_iterator, model)
[36m(MegatronTrainRayActor pid=41865)[0m                                ^^^^^^^^^^^^^^^^^^^^^^^^^^^^^^^^^^^^^^^
[36m(MegatronTrainRayActor pid=41865)[0m   File "/root/miles/miles/backends/megatron_utils/model.py", line 334, in forward_step
[36m(MegatronTrainRayActor pid=41865)[0m     output_tensor = model(
[36m(MegatronTrainRayActor pid=41865)[0m                     ^^^^^^
[36m(MegatronTrainRayActor pid=41865)[0m   File "/usr/local/lib/python3.12/dist-packages/torch/nn/modules/module.py", line 1779, in _wrapped_call_impl
[36m(MegatronTrainRayActor pid=41865)[0m     return self._call_impl(*args, **kwargs)
[36m(MegatronTrainRayActor pid=41865)[0m            ^^^^^^^^^^^^^^^^^^^^^^^^^^^^^^^^
[36m(MegatronTrainRayActor pid=41865)[0m   File "/usr/local/lib/python3.12/dist-packages/torch/nn/modules/module.py", line 1790, in _call_impl
[36m(MegatronTrainRayActor pid=41865)[0m     return forward_call(*args, **kwargs)
[36m(MegatronTrainRayActor pid=41865)[0m            ^^^^^^^^^^^^^^^^^^^^^^^^^^^^^
[36m(MegatronTrainRayActor pid=41865)[0m   File "/root/Megatron-LM/megatron/core/distributed/data_parallel_base.py", line 22, in forward
[36m(MegatronTrainRayActor pid=41865)[0m     return self.module(*inputs, **kwargs)
[36m(MegatronTrainRayActor pid=41865)[0m            ^^^^^^^^^^^^^^^^^^^^^^^^^^^^^^
[36m(MegatronTrainRayActor pid=41865)[0m   File "/usr/local/lib/python3.12/dist-packages/torch/nn/modules/module.py", line 1779, in _wrapped_call_impl
[36m(MegatronTrainRayActor pid=41865)[0m     return self._call_impl(*args, **kwargs)
[36m(MegatronTrainRayActor pid=41865)[0m            ^^^^^^^^^^^^^^^^^^^^^^^^^^^^^^^^
[36m(MegatronTrainRayActor pid=41865)[0m   File "/usr/local/lib/python3.12/dist-packages/torch/nn/modules/module.py", line 1790, in _call_impl
[36m(MegatronTrainRayActor pid=41865)[0m     return forward_call(*args, **kwargs)
[36m(MegatronTrainRayActor pid=41865)[0m            ^^^^^^^^^^^^^^^^^^^^^^^^^^^^^
[36m(MegatronTrainRayActor pid=41865)[0m   File "/root/Megatron-LM/megatron/core/transformer/module.py", line 501, in forward
[36m(MegatronTrainRayActor pid=41865)[0m     outputs = self.module(*inputs, **kwargs)
[36m(MegatronTrainRayActor pid=41865)[0m               ^^^^^^^^^^^^^^^^^^^^^^^^^^^^^^
[36m(MegatronTrainRayActor pid=41865)[0m   File "/usr/local/lib/python3.12/dist-packages/torch/nn/modules/module.py", line 1779, in _wrapped_call_impl
[36m(MegatronTrainRayActor pid=41865)[0m     return self._call_impl(*args, **kwargs)
[36m(MegatronTrainRayActor pid=41865)[0m            ^^^^^^^^^^^^^^^^^^^^^^^^^^^^^^^^
[36m(MegatronTrainRayActor pid=41865)[0m   File "/usr/local/lib/python3.12/dist-packages/torch/nn/modules/module.py", line 1790, in _call_impl
[36m(MegatronTrainRayActor pid=41865)[0m     return forward_call(*args, **kwargs)
[36m(MegatronTrainRayActor pid=41865)[0m            ^^^^^^^^^^^^^^^^^^^^^^^^^^^^^
[36m(MegatronTrainRayActor pid=41865)[0m   File "/root/miles/miles/backends/megatron_utils/model_provider.py", line 190, in _logits_only_forward
[36m(MegatronTrainRayActor pid=41865)[0m     out = _bridge_forward(*args, **kwargs)
[36m(MegatronTrainRayActor pid=41865)[0m           ^^^^^^^^^^^^^^^^^^^^^^^^^^^^^^^^
[36m(MegatronTrainRayActor pid=41865)[0m   File "/root/miles/miles_plugins/models/qwen3_vl.py", line 124, in patched_forward
[36m(MegatronTrainRayActor pid=41865)[0m     return orig_forward(self, *args, **kwargs)
[36m(MegatronTrainRayActor pid=41865)[0m            ^^^^^^^^^^^^^^^^^^^^^^^^^^^^^^^^^^^
[36m(MegatronTrainRayActor pid=41865)[0m   File "/usr/local/lib/python3.12/dist-packages/megatron/bridge/models/qwen_vl/modelling_qwen3_vl/model.py", line 851, in forward
[36m(MegatronTrainRayActor pid=41865)[0m     output = self.language_model(
[36m(MegatronTrainRayActor pid=41865)[0m              ^^^^^^^^^^^^^^^^^^^^
[36m(MegatronTrainRayActor pid=41865)[0m   File "/usr/local/lib/python3.12/dist-packages/torch/nn/modules/module.py", line 1779, in _wrapped_call_impl
[36m(MegatronTrainRayActor pid=41865)[0m     return self._call_impl(*args, **kwargs)
[36m(MegatronTrainRayActor pid=41865)[0m            ^^^^^^^^^^^^^^^^^^^^^^^^^^^^^^^^
[36m(MegatronTrainRayActor pid=41865)[0m   File "/usr/local/lib/python3.12/dist-packages/torch/nn/modules/module.py", line 1790, in _call_impl
[36m(MegatronTrainRayActor pid=41865)[0m     return forward_call(*args, **kwargs)
[36m(MegatronTrainRayActor pid=41865)[0m            ^^^^^^^^^^^^^^^^^^^^^^^^^^^^^
[36m(MegatronTrainRayActor pid=41865)[0m   File "/usr/local/lib/python3.12/dist-packages/megatron/bridge/models/qwen_vl/modelling_qwen3_vl/text_model.py", line 200, in forward
[36m(MegatronTrainRayActor pid=41865)[0m     hidden_states = self.decoder(
[36m(MegatronTrainRayActor pid=41865)[0m                     ^^^^^^^^^^^^^
[36m(MegatronTrainRayActor pid=41865)[0m   File "/root/Megatron-LM/megatron/core/transformer/transformer_block.py", line 740, in __call__
[36m(MegatronTrainRayActor pid=41865)[0m     return super().__call__(*args, **kwargs)
[36m(MegatronTrainRayActor pid=41865)[0m            ^^^^^^^^^^^^^^^^^^^^^^^^^^^^^^^^^
[36m(MegatronTrainRayActor pid=41865)[0m   File "/root/Megatron-LM/megatron/core/transformer/module.py", line 352, in __call__
[36m(MegatronTrainRayActor pid=41865)[0m     return super().__call__(*args, **kwargs)
[36m(MegatronTrainRayActor pid=41865)[0m            ^^^^^^^^^^^^^^^^^^^^^^^^^^^^^^^^^
[36m(MegatronTrainRayActor pid=41865)[0m   File "/usr/local/lib/python3.12/dist-packages/torch/nn/modules/module.py", line 1779, in _wrapped_call_impl
[36m(MegatronTrainRayActor pid=41865)[0m     return self._call_impl(*args, **kwargs)
[36m(MegatronTrainRayActor pid=41865)[0m            ^^^^^^^^^^^^^^^^^^^^^^^^^^^^^^^^
[36m(MegatronTrainRayActor pid=41865)[0m   File "/usr/local/lib/python3.12/dist-packages/torch/nn/modules/module.py", line 1790, in _call_impl
[36m(MegatronTrainRayActor pid=41865)[0m     return forward_call(*args, **kwargs)
[36m(MegatronTrainRayActor pid=41865)[0m            ^^^^^^^^^^^^^^^^^^^^^^^^^^^^^
[36m(MegatronTrainRayActor pid=41865)[0m   File "/usr/local/lib/python3.12/dist-packages/megatron/bridge/models/qwen_vl/modelling_qwen3_vl/transformer_block.py", line 746, in forward
[36m(MegatronTrainRayActor pid=41865)[0m     hidden_states, context = layer(
[36m(MegatronTrainRayActor pid=41865)[0m                              ^^^^^^
[36m(MegatronTrainRayActor pid=41865)[0m   File "/root/Megatron-LM/megatron/core/transformer/transformer_layer.py", line 1406, in __call__
[36m(MegatronTrainRayActor pid=41865)[0m     return super().__call__(*args, **kwargs)
[36m(MegatronTrainRayActor pid=41865)[0m            ^^^^^^^^^^^^^^^^^^^^^^^^^^^^^^^^^
[36m(MegatronTrainRayActor pid=41865)[0m   File "/root/Megatron-LM/megatron/core/transformer/module.py", line 352, in __call__
[36m(MegatronTrainRayActor pid=41865)[0m     return super().__call__(*args, **kwargs)
[36m(MegatronTrainRayActor pid=41865)[0m            ^^^^^^^^^^^^^^^^^^^^^^^^^^^^^^^^^
[36m(MegatronTrainRayActor pid=41865)[0m   File "/usr/local/lib/python3.12/dist-packages/torch/nn/modules/module.py", line 1779, in _wrapped_call_impl
[36m(MegatronTrainRayActor pid=41865)[0m     return self._call_impl(*args, **kwargs)
[36m(MegatronTrainRayActor pid=41865)[0m            ^^^^^^^^^^^^^^^^^^^^^^^^^^^^^^^^
[36m(MegatronTrainRayActor pid=41865)[0m   File "/usr/local/lib/python3.12/dist-packages/torch/nn/modules/module.py", line 1790, in _call_impl
[36m(MegatronTrainRayActor pid=41865)[0m     return forward_call(*args, **kwargs)
[36m(MegatronTrainRayActor pid=41865)[0m            ^^^^^^^^^^^^^^^^^^^^^^^^^^^^^
[36m(MegatronTrainRayActor pid=41865)[0m   File "/root/Megatron-LM/megatron/core/transformer/transformer_layer.py", line 565, in forward
[36m(MegatronTrainRayActor pid=41865)[0m     hidden_states, context = self._forward_attention(*args, **kwargs)
[36m(MegatronTrainRayActor pid=41865)[0m                              ^^^^^^^^^^^^^^^^^^^^^^^^^^^^^^^^^^^^^^^^
[36m(MegatronTrainRayActor pid=41865)[0m   File "/root/Megatron-LM/megatron/core/transformer/transformer_layer.py", line 689, in _forward_attention
[36m(MegatronTrainRayActor pid=41865)[0m     attention_output_with_bias = self.self_attention(
[36m(MegatronTrainRayActor pid=41865)[0m                                  ^^^^^^^^^^^^^^^^^^^^
[36m(MegatronTrainRayActor pid=41865)[0m   File "/usr/local/lib/python3.12/dist-packages/torch/nn/modules/module.py", line 1779, in _wrapped_call_impl
[36m(MegatronTrainRayActor pid=41865)[0m     return self._call_impl(*args, **kwargs)
[36m(MegatronTrainRayActor pid=41865)[0m            ^^^^^^^^^^^^^^^^^^^^^^^^^^^^^^^^
[36m(MegatronTrainRayActor pid=41865)[0m   File "/usr/local/lib/python3.12/dist-packages/torch/nn/modules/module.py", line 1790, in _call_impl
[36m(MegatronTrainRayActor pid=41865)[0m     return forward_call(*args, **kwargs)
[36m(MegatronTrainRayActor pid=41865)[0m            ^^^^^^^^^^^^^^^^^^^^^^^^^^^^^
[36m(MegatronTrainRayActor pid=41865)[0m   File "/root/Megatron-LM/megatron/core/ssm/gated_delta_net.py", line 300, in forward
[36m(MegatronTrainRayActor pid=41865)[0m     raise NotImplementedError("GDN does not support packed sequence for now.")
[36m(MegatronTrainRayActor pid=41865)[0m NotImplementedError: GDN does not support packed sequence for now.
2026-08-06 03:41:44,509	INFO sdk.py:519 -- WebSocket closed for job raysubmit_arsJE8jdkXG22Qv2 with close code 1000

[31m---------------------------------------[39m
[31mJob 'raysubmit_arsJE8jdkXG22Qv2' failed[39m
[31m---------------------------------------[39m

Status message: Job entrypoint command failed with exit code 1, last available logs (truncated to 20,000 chars):
[36m(MegatronTrainRayActor pid=41865)[0m                                  ^^^^^^^^^^^^^^^^^^^^
[36m(MegatronTrainRayActor pid=41865)[0m   File "/usr/local/lib/python3.12/dist-packages/torch/nn/modules/module.py", line 1779, in _wrapped_call_impl
[36m(MegatronTrainRayActor pid=41865)[0m     return self._call_impl(*args, **kwargs)
[36m(MegatronTrainRayActor pid=41865)[0m            ^^^^^^^^^^^^^^^^^^^^^^^^^^^^^^^^
[36m(MegatronTrainRayActor pid=41865)[0m   File "/usr/local/lib/python3.12/dist-packages/torch/nn/modules/module.py", line 1790, in _call_impl
[36m(MegatronTrainRayActor pid=41865)[0m     return forward_call(*args, **kwargs)
[36m(MegatronTrainRayActor pid=41865)[0m            ^^^^^^^^^^^^^^^^^^^^^^^^^^^^^
[36m(MegatronTrainRayActor pid=41865)[0m   File "/root/Megatron-LM/megatron/core/ssm/gated_delta_net.py", line 300, in forward
[36m(MegatronTrainRayActor pid=41865)[0m     raise NotImplementedError("GDN does not support packed sequence for now.")
[36m(MegatronTrainRayActor pid=41865)[0m NotImplementedError: GDN does not support packed sequence for now.

RUN_EXIT=1
