+ export PYTHONUNBUFFERED=1
+ PYTHONUNBUFFERED=1
+ RMCT_DIR=/workspace/rmct
+ MODEL_NAME=Qwen3.5-4B
+ MODEL_DIR=/root/models/Qwen3.5-4B
+ RUN_DIR=/root/runs/fp16r
+ export RMCT_CONFIG=/workspace/rmct/configs/fp16r.json
+ RMCT_CONFIG=/workspace/rmct/configs/fp16r.json
+ PHASE=full
+ NUM_GPUS=1
+ NUM_ROLLOUT=5
+ '[' -z '' ']'
+ '[' Qwen3.5-4B = Qwen3.5-9B ']'
+ TP=1
+ '[' -z '' ']'
+ for candidate in /root/miles /opt/miles /root/slime
+ '[' -f /root/miles/train.py ']'
+ SLIME_DIR=/root/miles
+ break
+ SLIME_DIR=/root/miles
+ pkill -9 sglang
+ true
+ sleep 2
+ ray stop --force
Did not find any active Ray processes.
+ sleep 2
++ echo Qwen3.5-4B
++ sed 's/^Q/q/'
+ SHIPPED_ARGS=/root/miles/scripts/models/qwen3.5-4B.sh
+ '[' -f /root/miles/scripts/models/qwen3.5-4B.sh ']'
+ source /root/miles/scripts/models/qwen3.5-4B.sh
++ MODEL_ARGS=(--spec "miles_plugins.models.qwen3_5" "get_qwen3_5_spec" --disable-bias-linear --qk-layernorm --group-query-attention --num-attention-heads 16 --num-query-groups 4 --kv-channels 256 --num-layers 32 --hidden-size 2560 --ffn-hidden-size 9216 --normalization RMSNorm --apply-layernorm-1p --position-embedding-type rope --norm-epsilon 1e-6 --rotary-percent 0.25 --swiglu --vocab-size 248320 --rotary-base 10000000 --attention-output-gate)
+ '[' -f /root/runs/fp16r/checkpoints/latest_checkpointed_iteration.txt ']'
+ LOAD_DIR=/root/models/Qwen3.5-4B_torch_dist
+ START_ARGS=(--start-rollout-id 0)
+ CKPT_ARGS=(--hf-checkpoint "${MODEL_DIR}" --ref-load "${MODEL_DIR}_torch_dist" --load "${LOAD_DIR}" "${START_ARGS[@]}" --save "${RUN_DIR}/checkpoints" --save-interval "${SAVE_INTERVAL:-8}")
+ LORA_ARGS=()
+ '[' 0 = 1 ']'
+ RMCT_ARGS=(--rollout-function-path slime_port.rmct_rollout.generate_rollout --custom-megatron-init-path slime_port.miles_init.megatron_init --advantage-estimator grpo --disable-rewards-normalization --loss-type policy_loss --eps-clip 0.2 --calculate-per-token-loss --kl-coef 0.0 --use-kl-loss --kl-loss-coef 0.0)
+ ROLLOUT_ARGS=(--prompt-data "${PROMPT_DATA:-${RMCT_DIR}/data/run_9b/wrong-argument-pairs-64.jsonl}" --input-key unbiased_messages --apply-chat-template --num-rollout "${NUM_ROLLOUT}" --rollout-batch-size "${ROLLOUT_BATCH:-4}" --n-samples-per-prompt "${N_SAMPLES:-128}" --rollout-max-response-len "${MAX_RESPONSE_LEN:-20480}" --rollout-temperature 1.0 --global-batch-size 1)
+ PERF_ARGS=(--tensor-model-parallel-size "${TP}" --pipeline-model-parallel-size 1 --recompute-granularity full --recompute-method uniform --recompute-num-layers 1)
+ '[' 0 = 1 ']'
+ PERF_ARGS+=(--use-dynamic-batch-size --max-tokens-per-gpu "${MAX_TOKENS_PER_GPU:-24576}")
+ OPTIMIZER_ARGS=(--optimizer adam --lr "${LR:-1e-5}" --lr-decay-style constant --weight-decay 0.1 --adam-beta1 0.9 --adam-beta2 0.95 --use-distributed-optimizer)
+ SGLANG_ARGS=(--rollout-num-gpus-per-engine 1 --sglang-mem-fraction-static "${SGLANG_MEM_FRACTION:-0.5}" --sglang-mamba-radix-cache-strategy extra_buffer)
+ MISC_ARGS=(--attention-dropout 0.0 --hidden-dropout 0.0 --accumulate-allreduce-grads-in-fp32 --attention-softmax-in-fp32 --attention-backend flash --colocate)
+ read -r -a EXTRA
+ case "${PHASE}" in
+ DEBUG_ARGS=()
+ export MASTER_ADDR=127.0.0.1
+ MASTER_ADDR=127.0.0.1
+ ray start --head --node-ip-address 127.0.0.1 --num-gpus 1 --disable-usage-stats
Usage stats collection is disabled.

[37mLocal node IP[39m: [1m172.25.0.2[22m
2026-08-06 06:16:06,552	WARNING utils.py:469 -- Detecting docker specified CPUs. In previous versions of Ray, CPU detection in containers was incorrect. Please ensure that Ray has enough CPUs allocated. As a temporary workaround to revert to the prior behavior, set `RAY_USE_MULTIPROCESSING_CPU_COUNT=1` as an env var before starting Ray. Set the env var: `RAY_DISABLE_DOCKER_CPU_WARNING=1` to mute this warning.
2026-08-06 06:16:06,552	WARNING utils.py:481 -- Ray currently does not support initializing Ray with fractional cpus. Your num_cpus will be truncated from 20.4 to 20.

[32m--------------------[39m
[32mRay runtime started.[39m
[32m--------------------[39m

[36mNext steps[39m
  [2mNote: The following commands are intended for use on[22m
  [2mthe head node or within the cluster network.[22m
  
  To add another node to this Ray cluster, run
  [1m  ray start --address='172.25.0.2:6379'[22m
  
  To connect to this Ray cluster:
    [35mimport[39m[26m ray
    ray[35m.[39m[26minit(_node_ip_address[35m=[39m[26m[33m'172.25.0.2'[39m[26m)
  
  To submit a Ray job using the Ray Jobs CLI:
  [1m  RAY_API_SERVER_ADDRESS='http://127.0.0.1:8265' ray job submit --working-dir . -- python my_script.py[22m
  
  See https://docs.ray.io/en/latest/cluster/running-applications/job-submission/index.html 
  for more information on submitting Ray jobs to the Ray cluster.
  
  To terminate the Ray runtime, run
  [1m  ray stop[22m
  
  To view the status of the cluster, use
    [1mray status[22m[26m
  
  To monitor and debug Ray, view the dashboard at 
    [1m127.0.0.1:8265[22m[26m
  
  [4mIf connection to the dashboard fails, check your firewall settings and network configuration.[24m
+ MEGATRON_DIR=/root/Megatron-LM
+ RUNTIME_ENV_JSON='{
  "env_vars": {
    "PYTHONPATH": "/root/Megatron-LM/:/workspace/rmct",
    "RMCT_CONFIG": "/workspace/rmct/configs/fp16r.json",
    "CUDA_DEVICE_MAX_CONNECTIONS": "1"
  }
}'
+ ray job submit --address=http://127.0.0.1:8265 '--runtime-env-json={
  "env_vars": {
    "PYTHONPATH": "/root/Megatron-LM/:/workspace/rmct",
    "RMCT_CONFIG": "/workspace/rmct/configs/fp16r.json",
    "CUDA_DEVICE_MAX_CONNECTIONS": "1"
  }
}' -- python3 /root/miles/train.py --actor-num-nodes 1 --actor-num-gpus-per-node 1 --rollout-num-gpus 1 --spec miles_plugins.models.qwen3_5 get_qwen3_5_spec --disable-bias-linear --qk-layernorm --group-query-attention --num-attention-heads 16 --num-query-groups 4 --kv-channels 256 --num-layers 32 --hidden-size 2560 --ffn-hidden-size 9216 --normalization RMSNorm --apply-layernorm-1p --position-embedding-type rope --norm-epsilon 1e-6 --rotary-percent 0.25 --swiglu --vocab-size 248320 --rotary-base 10000000 --attention-output-gate --hf-checkpoint /root/models/Qwen3.5-4B --ref-load /root/models/Qwen3.5-4B_torch_dist --load /root/models/Qwen3.5-4B_torch_dist --start-rollout-id 0 --save /root/runs/fp16r/checkpoints --save-interval 100 --rollout-function-path slime_port.rmct_rollout.generate_rollout --custom-megatron-init-path slime_port.miles_init.megatron_init --advantage-estimator grpo --disable-rewards-normalization --loss-type policy_loss --eps-clip 0.2 --calculate-per-token-loss --kl-coef 0.0 --use-kl-loss --kl-loss-coef 0.0 --prompt-data /workspace/rmct/data/dev_smoke/suggested-answer-pairs.jsonl --input-key unbiased_messages --apply-chat-template --num-rollout 5 --rollout-batch-size 4 --n-samples-per-prompt 16 --rollout-max-response-len 4096 --rollout-temperature 1.0 --global-batch-size 1 --tensor-model-parallel-size 1 --pipeline-model-parallel-size 1 --recompute-granularity full --recompute-method uniform --recompute-num-layers 1 --use-dynamic-batch-size --max-tokens-per-gpu 8192 --optimizer adam --lr 1e-5 --lr-decay-style constant --weight-decay 0.1 --adam-beta1 0.9 --adam-beta2 0.95 --use-distributed-optimizer --rollout-num-gpus-per-engine 1 --sglang-mem-fraction-static 0.4 --sglang-mamba-radix-cache-strategy extra_buffer --attention-dropout 0.0 --hidden-dropout 0.0 --accumulate-allreduce-grads-in-fp32 --attention-softmax-in-fp32 --attention-backend flash --colocate
[37mJob submission server address[39m: [1mhttp://127.0.0.1:8265[22m

[32m-------------------------------------------------------[39m
[32mJob 'raysubmit_sAJSyrk6nvWbnPwV' submitted successfully[39m
[32m-------------------------------------------------------[39m

[36mNext steps[39m
  Query the logs of the job:
    [1mray job logs raysubmit_sAJSyrk6nvWbnPwV[22m
  Query the status of the job:
    [1mray job status raysubmit_sAJSyrk6nvWbnPwV[22m
  Request the job to be stopped:
    [1mray job stop raysubmit_sAJSyrk6nvWbnPwV[22m

Tailing logs until the job exits (disable with --no-wait):
2026-08-06 06:16:09,471	INFO job_manager.py:583 -- Runtime env is setting up.
Running entrypoint for job raysubmit_sAJSyrk6nvWbnPwV: python3 /root/miles/train.py --actor-num-nodes 1 --actor-num-gpus-per-node 1 --rollout-num-gpus 1 --spec miles_plugins.models.qwen3_5 get_qwen3_5_spec --disable-bias-linear --qk-layernorm --group-query-attention --num-attention-heads 16 --num-query-groups 4 --kv-channels 256 --num-layers 32 --hidden-size 2560 --ffn-hidden-size 9216 --normalization RMSNorm --apply-layernorm-1p --position-embedding-type rope --norm-epsilon 1e-6 --rotary-percent 0.25 --swiglu --vocab-size 248320 --rotary-base 10000000 --attention-output-gate --hf-checkpoint /root/models/Qwen3.5-4B --ref-load /root/models/Qwen3.5-4B_torch_dist --load /root/models/Qwen3.5-4B_torch_dist --start-rollout-id 0 --save /root/runs/fp16r/checkpoints --save-interval 100 --rollout-function-path slime_port.rmct_rollout.generate_rollout --custom-megatron-init-path slime_port.miles_init.megatron_init --advantage-estimator grpo --disable-rewards-normalization --loss-type policy_loss --eps-clip 0.2 --calculate-per-token-loss --kl-coef 0.0 --use-kl-loss --kl-loss-coef 0.0 --prompt-data /workspace/rmct/data/dev_smoke/suggested-answer-pairs.jsonl --input-key unbiased_messages --apply-chat-template --num-rollout 5 --rollout-batch-size 4 --n-samples-per-prompt 16 --rollout-max-response-len 4096 --rollout-temperature 1.0 --global-batch-size 1 --tensor-model-parallel-size 1 --pipeline-model-parallel-size 1 --recompute-granularity full --recompute-method uniform --recompute-num-layers 1 --use-dynamic-batch-size --max-tokens-per-gpu 8192 --optimizer adam --lr 1e-5 --lr-decay-style constant --weight-decay 0.1 --adam-beta1 0.9 --adam-beta2 0.95 --use-distributed-optimizer --rollout-num-gpus-per-engine 1 --sglang-mem-fraction-static 0.4 --sglang-mamba-radix-cache-strategy extra_buffer --attention-dropout 0.0 --hidden-dropout 0.0 --accumulate-allreduce-grads-in-fp32 --attention-softmax-in-fp32 --attention-backend flash --colocate
Unable to import `torchao` Tensor objects. This may affect loading checkpoints serialized with `torchao`
/usr/local/lib/python3.12/dist-packages/modelopt/torch/__init__.py:51: UserWarning: transformers 5.12.1 is not tested with current version of modelopt and may cause issues. Please install recommended version with `pip install -U nvidia-modelopt[hf]` if working with HF models.
  _warnings.warn(
[ERROR] `cache_position` is part of Qwen3ASRThinkerTextModel.forward's signature, but not documented. Make sure to add it to the docstring of the function in /usr/local/lib/python3.12/dist-packages/megatron/bridge/models/qwen3_asr/hf_qwen3_asr/modeling_qwen3_asr.py.
[ERROR] `cache_position` is part of Qwen3ASRThinkerForConditionalGeneration.forward's signature, but not documented. Make sure to add it to the docstring of the function in /usr/local/lib/python3.12/dist-packages/megatron/bridge/models/qwen3_asr/hf_qwen3_asr/modeling_qwen3_asr.py.
<frozen importlib._bootstrap_external>:1297: FutureWarning: The cuda.cudart module is deprecated and will be removed in a future release, please switch to use the cuda.bindings.runtime module instead.
<frozen importlib._bootstrap_external>:1297: FutureWarning: The cuda.nvrtc module is deprecated and will be removed in a future release, please switch to use the cuda.bindings.nvrtc module instead.
LANG_RL Log directory: None
 > padded vocab (size: 248320) with 0 dummy tokens (new size: 248320)
[2026-08-06 06:16:26.025 main] arguments.py:38 - --tokenizer-model not set, use --hf-checkpoint as tokenizer model.
[2026-08-06 06:16:26.025 main] arguments.py:3150 - Colocate mode: defaulting --sglang-cuda-graph-backend-prefill=disabled to avoid NVLS OOM. Set --sglang-cuda-graph-backend-prefill explicitly to override.
[2026-08-06 06:16:26.025 main] arguments.py:3336 - args.eval_max_context_len is not set. Use args.rollout_max_context_len None as default value.
using world size: 1, data-parallel size: 1, context-parallel size: 1, hierarchical context-parallel sizes: None, tensor-model-parallel size: 1, pipeline-model-parallel size: 1
Number of virtual stages per pipeline stage: None
using torch.bfloat16 for parameters ...
------------------------ arguments ------------------------
  account_for_embedding_in_pipeline_split ......... False
  account_for_loss_in_pipeline_split .............. False
  accumulate_allreduce_grads_in_fp32 .............. True
  activation_func_clamp_shared_expert ............. True
  activation_func_clamp_value ..................... None
  actor_num_gpus_per_node ......................... 1
  actor_num_nodes ................................. 1
  adam_beta1 ...................................... 0.9
  adam_beta2 ...................................... 0.95
  adam_eps ........................................ 1e-08
  add_bias_linear ................................. False
  add_position_embedding .......................... True
  add_qkv_bias .................................... False
  adlr_autoresume ................................. False
  adlr_autoresume_interval ........................ 1000
  advantage_estimator ............................. grpo
  align_grad_reduce ............................... True
  align_param_gather .............................. False
  allgather_cp .................................... False
  allow_ambiguous_pad_tokens ...................... False
  allow_partial_train_step ........................ False
  app_tag_run_name ................................ None
  app_tag_run_version ............................. 0.0.0
  apply_chat_template ............................. True
  apply_chat_template_kwargs ...................... {}
  apply_query_key_layer_scaling ................... False
  apply_residual_connection_post_layernorm ........ False
  apply_rope_fusion ............................... True
  apply_wd_to_qk_layernorm ........................ False
  async_max_concurrent_samples .................... None
  async_save ...................................... False
  async_tensor_model_parallel_allreduce ........... True
  attention_backend ............................... AttnBackend.flash
  attention_dropout ............................... 0.0
  attention_output_gate ........................... True
  attention_softmax_in_fp32 ....................... True
  auto_detect_ckpt_format ......................... False
  balance_by_flops ................................ False
  balance_data .................................... False
  barrier_with_L1_time ............................ True
  batch_invariant_mode ............................ False
  bert_binary_head ................................ True
  bert_embedder_type .............................. megatron
  bert_load ....................................... None
  beta_fast ....................................... 32
  beta_slow ....................................... 1
  bf16 ............................................ True
  bias_dropout_fusion ............................. True
  bias_gelu_fusion ................................ False
  bias_swiglu_fusion .............................. True
  biencoder_projection_dim ........................ 0
  biencoder_shared_query_context_model ............ False
  block_data_path ................................. None
  buffer_filter_path .............................. None
  cache_mla_latents ............................... False
  calc_ft_timeouts ................................ False
  calculate_per_token_loss ........................ True
  chat_template_path .............................. None
  check_for_large_grads ........................... False
  check_for_nan_in_loss_and_grad .................. True
  check_for_spiky_loss ............................ False
  check_lora_weight_equal ......................... False
  check_weight_hash_across_dp_replicas_interval ... None
  check_weight_update_allow_quant_error ........... False
  check_weight_update_equal ....................... False
  check_weight_update_selector .................... all
  check_weight_update_skip_list ................... None
  ci_check_model_hash ............................. False
  ci_disable_kl_checker ........................... False
  ci_disable_logprobs_checker ..................... False
  ci_disable_weight_update_checker ................ False
  ci_enable_metrics_capture ....................... False
  ci_ft_test_actions .............................. None
  ci_inject_rollout_data_min_match_ratio .......... 0.9
  ci_inject_rollout_data_path ..................... None
  ci_inject_rollout_data_start_rollout_id ......... None
  ci_load_grad_norm ............................... None
  ci_metric_checker_key ........................... None
  ci_metric_checker_threshold ..................... None
  ci_save_grad_norm ............................... None
  ci_save_model_hash .............................. False
  ci_test ......................................... False
  ckpt_assume_constant_structure .................. False
  ckpt_convert_format ............................. None
  ckpt_convert_save ............................... None
  ckpt_convert_update_legacy_dist_opt_format ...... False
  ckpt_format ..................................... torch_dist
  ckpt_fully_parallel_load ........................ False
  ckpt_fully_parallel_save ........................ True
  ckpt_fully_parallel_save_deprecated ............. False
  ckpt_step ....................................... None
  classes_fraction ................................ 1.0
  clip_grad ....................................... 1.0
  clone_scatter_output_in_embedding ............... True
  colocate ........................................ True
  compress_ratios ................................. None
  compute_advantages_and_returns .................. True
  config_logger_dir ............................... 
  consumed_train_samples .......................... 0
  consumed_valid_samples .......................... 0
  context_parallel_size ........................... 1
  control_server_port ............................. 0
  cp_comm_type .................................... ['p2p']
  cpu_offloading_num_layers ....................... 0
  create_all_gather_group ......................... False
  create_attention_mask_in_dataloader ............. True
  critic_load ..................................... /root/models/Qwen3.5-4B_torch_dist
  critic_lr ....................................... 1e-05
  critic_lr_warmup_iters .......................... 0
  critic_num_gpus_per_node ........................ None
  critic_num_nodes ................................ None
  critic_save ..................................... None
  cross_entropy_fusion_impl ....................... native
  cross_entropy_loss_fusion ....................... False
  cuda_graph_impl ................................. none
  cuda_graph_scope ................................ []
  cuda_graph_warmup_steps ......................... 3
  custom_config_path .............................. None
  custom_convert_samples_to_train_data_path ....... None
  custom_eval_rollout_log_function_path ........... None
  custom_generate_function_path ................... None
  custom_loss_function_path ....................... None
  custom_megatron_before_log_prob_hook_path ....... None
  custom_megatron_before_train_step_hook_path ..... None
  custom_megatron_init_path ....................... slime_port.miles_init.megatron_init
  custom_megatron_post_save_hook_path ............. None
  custom_model_provider_path ...................... None
  custom_pg_loss_reducer_function_path ............ None
  custom_reward_post_process_path ................. None
  custom_rm_path .................................. None
  custom_rollout_log_function_path ................ None
  custom_tis_function_path ........................ None
  custom_update_weight_post_write_path ............ None
  dashboard_flush_interval ........................ 5.0
  dashboard_forward_prometheus .................... False
  dashboard_gpu_sample_interval ................... 1.0
  dashboard_sglang_metrics ........................ None
  dashboard_sglang_scrape_interval ................ 2.0
  dashboard_sglang_scrape_mode .................... auto
  data_args_path .................................. None
  data_cache_path ................................. None
  data_pad_size_multiplier ........................ 128
  data_parallel_random_init ....................... False
  data_parallel_sharding_strategy ................. no_shard
  data_parallel_size .............................. 1
  data_path ....................................... None
  data_per_class_fraction ......................... 1.0
  data_sharding ................................... True
  data_source_path ................................ miles.rollout.data_source.RolloutDataSourceWithBuffer
  dataloader_defer_npy_index_mmap ................. False
  dataloader_fast_cache_load ...................... False
  dataloader_type ................................. single
  ddp_average_in_collective ....................... False
  ddp_bucket_size ................................. None
  ddp_num_buckets ................................. None
  ddp_pad_buckets_for_high_nccl_busbw ............. False
  ddp_reduce_scatter_with_fp32_accumulation ....... False
  debug_deterministic_collective .................. False
  debug_disable_optimizer ......................... False
  debug_exit_after_rollout ........................ None
  debug_rollout_only .............................. False
  debug_skip_weight_update ........................ False
  debug_train_only ................................ False
  decode_only_cuda_graphs ......................... False
  decoder_first_pipeline_num_layers ............... None
  decoder_last_pipeline_num_layers ................ None
  decoder_num_layers .............................. None
  decoder_seq_length .............................. None
  decoupled_lr .................................... None
  decoupled_min_lr ................................ None
  decrease_batch_size_if_needed ................... False
  defer_embedding_wgrad_compute ................... False
  delay_split_train_data_by_dp .................... False
  delay_wgrad_compute ............................. False
  deprecated_use_mcore_models ..................... False
  deterministic_mode .............................. False
  dino_bottleneck_size ............................ 256
  dino_freeze_last_layer .......................... 1
  dino_head_hidden_size ........................... 2048
  dino_local_crops_number ......................... 10
  dino_local_img_size ............................. 96
  dino_norm_last_layer ............................ False
  dino_teacher_temp ............................... 0.07
  dino_warmup_teacher_temp ........................ 0.04
  dino_warmup_teacher_temp_epochs ................. 30
  disable_bf16_reduced_precision_matmul ........... False
  disable_chunked_prefill ......................... True
  disable_grad_buffers_cpu_backup ................. True
  disable_jit_fuser ............................... False
  disable_param_buffers_cpu_backup ................ True
  disable_rollout_trim_samples .................... False
  disable_straggler_on_startup .................... False
  disable_symmetric_registration .................. False
  dist_ckpt_format_deprecated ..................... None
  dist_ckpt_optim_fully_reshardable ............... False
  dist_ckpt_save_pre_mcore_014 .................... False
  dist_ckpt_strictness ............................ assume_ok_unexpected
  distrib_optim_fully_reshardable_mem_efficient ... False
  distribute_saved_activations .................... False
  distributed_backend ............................. nccl
  distributed_timeout_minutes ..................... 10
  distributed_timeout_seconds_after_init .......... None
  dsa_attention_backend ........................... tilelang
  dsa_indexer_head_dim ............................ None
  dsa_indexer_loss_coeff .......................... None
  dsa_indexer_n_heads ............................. None
  dsa_indexer_topk ................................ None
  dsa_indexer_use_sparse_loss ..................... False
  dsv4_compress_ratios ............................ None
  dsv4_compress_rope_theta ........................ 40000.0
  dsv4_hc_eps ..................................... 1e-06
  dsv4_hc_mult .................................... None
  dsv4_hc_sinkhorn_iters .......................... 20
  dsv4_mode ....................................... False
  dsv4_n_hash_layers .............................. 0
  dsv4_o_groups ................................... None
  dsv4_o_lora_rank ................................ None
  dsv4_window_size ................................ 4096
  dump_details .................................... None
  dump_param_to_param_group_map ................... None
  dumper_dir ...................................... /tmp/dumper
  dumper_enable ................................... False
  dumper_fwd_bwd .................................. None
  dumper_fwd_only ................................. None
  dumper_inference ................................ None
  dumper_source_patcher_config_inference .......... None
  dumper_source_patcher_config_train .............. None
  dynamic_sampling_filter_path .................... None
  embedding_init_method_std ....................... None
  embedding_path .................................. None
  empty_unused_memory_level ....................... 0
  enable_cuda_graph ............................... False
  enable_event_analyzer ........................... False
  enable_experimental ............................. False
  enable_ft_package ............................... False
  enable_full_sharding_in_hsdp .................... False
  enable_gloo_process_groups ...................... True
  enable_msc ...................................... True
  enable_mtp_training ............................. False
  enable_one_logger ............................... True
  enable_weights_backuper ......................... True
  enable_witness .................................. False
  encoder_num_layers .............................. 32
  encoder_seq_length .............................. 4096
  end_weight_decay ................................ 0.1
  entropy_coef .................................... 0.0
  env_report ...................................... 
  eod_mask_loss ................................... False
  ep_overlap_early_attn_memory_release ............ False
  eps_clip ........................................ 0.2
  eps_clip_c ...................................... None
  eps_clip_high ................................... 0.2
  error_injection_rate ............................ 0
  error_injection_type ............................ transient_error
  eval_config ..................................... None
  eval_datasets ................................... []
  eval_function_path .............................. slime_port.rmct_rollout.generate_rollout
  eval_hf_dir ..................................... None
  eval_input_key .................................. None
  eval_interval ................................... None
  eval_iters ...................................... 100
  eval_keep_snapshots ............................. 2
  eval_label_key .................................. None
  eval_max_context_len ............................ None
  eval_max_in_flight .............................. 2
  eval_max_prompt_len ............................. None
  eval_max_response_len ........................... None
  eval_min_new_tokens ............................. None
  eval_num_gpus ................................... 0
  eval_num_gpus_per_engine ........................ 1
  eval_overflow_policy ............................ backpressure
  eval_prompt_data ................................ None
  eval_reward_key ................................. None
  eval_temperature ................................ None
  eval_tool_key ................................... None
  eval_top_k ...................................... None
  eval_top_p ...................................... None
  eval_uses_snapshots ............................. False
  evidence_data_path .............................. None
  exclude_modules ................................. None
  exit_duration_in_mins ........................... None
  exit_interval ................................... None
  exit_on_missing_checkpoint ...................... False
  exit_signal ..................................... 15
  exit_signal_handler ............................. False
  exit_signal_handler_for_dataloader .............. False
  exp_avg_dtype ................................... torch.float32
  exp_avg_sq_dtype ................................ torch.float32
  experimental_attention_variant .................. None
  expert_model_parallel_size ...................... 1
  expert_tensor_parallel_size ..................... 1
  experts_shared_outer_loras ...................... False
  external_cuda_graph ............................. False
  extra_high_precision_layers_hf .................. ()
  extra_high_precision_layers_megatron ............ ()
  fake_process_group .............................. False
  fallback_to_eager_attn .......................... False
  fetch_trajectory_retry_times .................... -1
  ffn_hidden_size ................................. 9216
  fim_data ........................................ False
  fim_eod_token ................................... <|endoftext|>
  fim_fragment_rate ............................... None
  fim_middle_token ................................ <fim_middle>
  fim_no_prefix ................................... None
  fim_pad_token ................................... <fim_pad>
  fim_prefix_token ................................ <fim_prefix>
  fim_rate ........................................ 0.5
  fim_split_sample ................................ None
  fim_spm_rate .................................... 0.5
  fim_suffix_token ................................ <fim_suffix>
  fine_grained_activation_offloading .............. False
  finetune ........................................ False
  first_last_layers_bf16 .......................... False
  flash_decode .................................... False
  fp16 ............................................ False
  fp16_lm_cross_entropy ........................... False
  fp32_residual_connection ........................ False
  fp4 ............................................. None
  fp4_param ....................................... False
  fp4_quantizer_factory ........................... None
  fp4_recipe ...................................... nvfp4
  fp8 ............................................. None
  fp8_amax_compute_algo ........................... most_recent
  fp8_amax_history_len ............................ 1
  fp8_interval .................................... 1
  fp8_margin ...................................... 0
  fp8_param_gather ................................ False
  fp8_quantizer_factory ........................... None
  fp8_recipe ...................................... delayed
  fp8_wgrad ....................................... True
  freeze_e_score_correction_bias .................. False
  freeze_indexer .................................. False
  fsdp_double_buffer .............................. False
  fsdp_manual_registration ........................ False
  ft_components ................................... []
  ft_num_warmup_iters ............................. 5
  full_validation ................................. False
  fully_async ..................................... False
  gamma ........................................... 1.0
  get_mismatch_metrics ............................ False
  global_batch_size ............................... 1
  glu_linear_offset ............................... 0.0
  grad_reduce_in_bf16 ............................. False
  gradient_accumulation_fusion .................... True
  gradient_reduce_div_fusion ...................... True
  group_query_attention ........................... True
  group_rm ........................................ False
  grpo_clamp_eps_lower ............................ 0.01
  grpo_clamp_eps_upper ............................ 0.01
  grpo_entropy_term_weight ........................ 0.0
  grpo_filter_groups_with_same_reward ............. False
  grpo_group_size ................................. 2
  grpo_iterations ................................. 2
  grpo_kl_beta .................................... 0.001
  grpo_prompts_per_step ........................... 32
  grpo_std_normalization .......................... True
  head_lr_mult .................................... 1.0
  heterogeneous_layers_config_encoded_json ........ None
  heterogeneous_layers_config_path ................ None
  hf_checkpoint ................................... /root/models/Qwen3.5-4B
  hidden_dropout .................................. 0.0
  hidden_size ..................................... 2560
  hierarchical_context_parallel_sizes ............. None
  high_priority_stream_groups ..................... []
  http_proxy ...................................... None
  hybrid_attention_ratio .......................... 0.0
  hybrid_context_parallel ......................... False
  hybrid_mlp_ratio ................................ 0.0
  hybrid_override_pattern ......................... None
  hysteresis ...................................... 2
  ict_head_size ................................... None
  ict_load ........................................ None
  img_h ........................................... 224
  img_w ........................................... 224
  indep_dp ........................................ False
  indexer_batch_size .............................. 128
  indexer_log_interval ............................ 1000
  inference_batch_times_seqlen_threshold .......... -1
  inference_coordinator_port ...................... 12346
  inference_dynamic_batching ...................... False
  inference_dynamic_batching_block_size ........... 256
  inference_dynamic_batching_buffer_size_gb ....... 40.0
  inference_dynamic_batching_cuda_graph_max_tokens  16384
  inference_dynamic_batching_cuda_graph_mixed_prefill_count  16
  inference_dynamic_batching_max_requests ......... None
  inference_dynamic_batching_max_tokens ........... None
  inference_dynamic_batching_num_cuda_graphs ...... 16
  inference_dynamic_batching_paused_buffer_size_gb  None
  inference_dynamic_batching_track_paused_request_events  False
  inference_dynamic_batching_unified_memory_level . 0
  inference_fuse_tp_communication ................. False
  inference_logging_step_interval ................. 0
  inference_max_batch_size ........................ 8
  inference_max_seq_length ........................ 2560
  inference_rng_tracker ........................... False
  inference_wandb_logging ......................... False
  init_method_std ................................. 0.02
  init_method_xavier_uniform ...................... False
  init_model_with_meta_device ..................... False
  initial_loss_scale .............................. 4294967296
  inprocess_active_world_size ..................... 1
  inprocess_barrier_timeout ....................... 120
  inprocess_completion_timeout .................... 120
  inprocess_empty_cuda_cache ...................... False
  inprocess_granularity ........................... node
  inprocess_hard_timeout .......................... 90
  inprocess_heartbeat_interval .................... 30
  inprocess_heartbeat_timeout ..................... 60
  inprocess_last_call_wait ........................ 1
  inprocess_max_iterations ........................ None
  inprocess_monitor_process_interval .............. 1.0
  inprocess_monitor_thread_interval ............... 1.0
  inprocess_progress_watchdog_interval ............ 1.0
  inprocess_restart ............................... False
  inprocess_soft_timeout .......................... 60
  inprocess_termination_grace_time ................ 1
  input_key ....................................... unbiased_messages
  is_hybrid_model ................................. False
  iter_per_epoch .................................. 1250
  iterations_to_skip .............................. []
  keep_fp8_transpose_cache ........................ False
  keep_old_actor .................................. False
  kitchen_attention_backend ....................... sdpa
  kl_coef ......................................... 0.0
  kl_loss_coef .................................... 0.0
  kl_loss_type .................................... k1
  kv_channels ..................................... 256
  kv_lora_rank .................................... 32
  label_key ....................................... None
  lambd ........................................... 1.0
  langrl_env_config ............................... None
  langrl_external_server .......................... False
  langrl_inference_server_conversation_template ... None
  langrl_inference_server_type .................... inplace_megatron
  layernorm_epsilon ............................... 1e-06
  layernorm_zero_centered_gamma ................... True
  lazy_mpu_init ................................... None
  legacy_tokenizer ................................ False
  linear_attention_backend ........................ fla
  linear_attention_freq ........................... None
  linear_attention_type ........................... None
  linear_conv_kernel_dim .......................... 4
  linear_key_head_dim ............................. 128
  linear_num_key_heads ............................ 16
  linear_num_value_heads .......................... 32
  linear_value_head_dim ........................... 128
  load ............................................ /root/models/Qwen3.5-4B_torch_dist
  load_debug_rollout_data ......................... None
  load_debug_rollout_data_subsample ............... None
  load_main_params_from_ckpt ...................... False
  local_rank ...................................... 0
  log_correct_samples ............................. False
  log_device_memory_used .......................... False
  log_energy ...................................... False
  log_interval .................................... 100
  log_loss_scale_to_tensorboard ................... True
  log_max_attention_logit ......................... False
  log_memory_interval ............................. None
  log_memory_to_tensorboard ....................... False
  log_multi_turn .................................. False
  log_num_zeros_in_grad ........................... False
  log_params_norm ................................. False
  log_passrate .................................... False
  log_probs_chunk_size ............................ -1
  log_probs_max_tokens_per_gpu .................... 8192
  log_progress .................................... False
  log_reward_category ............................. None
  log_straggler ................................... False
  log_throughput .................................. False
  log_timers_to_tensorboard ....................... False
  log_validation_ppl_to_tensorboard ............... False
  log_world_size_to_tensorboard ................... False
  logging_level ................................... None
  lora_adapter_path ............................... None
  lora_alpha ...................................... 16
  lora_base_cpu_backup ............................ False
  lora_dropout .................................... 0.0
  lora_rank ....................................... 0
  lora_sync_from_tensor ........................... False
  lora_train_only ................................. False
  lora_type ....................................... lora
  loss_mask_type .................................. qwen
  loss_scale ...................................... None
  loss_scale_window ............................... 1000
  loss_type ....................................... policy_loss
  low_memory_resume ............................... False
  lr .............................................. 1e-05
  lr_decay_iters .................................. None
  lr_decay_samples ................................ None
  lr_decay_style .................................. constant
  lr_warmup_fraction .............................. None
  lr_warmup_init .................................. 0.0
  lr_warmup_iters ................................. 0
  lr_warmup_samples ............................... 0
  lr_wsd_decay_iters .............................. None
  lr_wsd_decay_samples ............................ None
  lr_wsd_decay_style .............................. exponential
  main_grads_dtype ................................ torch.float32
  main_params_dtype ............................... torch.float32
  make_vocab_size_divisible_by .................... 128
  mamba_head_dim .................................. 64
  mamba_num_groups ................................ 8
  mamba_num_heads ................................. None
  mamba_state_dim ................................. 128
  manual_gc ....................................... False
  manual_gc_eval .................................. True
  manual_gc_interval .............................. 0
  mask_factor ..................................... 1.0
  mask_offpolicy_in_partial_rollout ............... False
  mask_prob ....................................... 0.15
  mask_type ....................................... random
  masked_softmax_fusion ........................... True
  max_position_embeddings ......................... 4096
  max_seqlen_per_dp_cp_rank ....................... None
  max_tokens_per_gpu .............................. 8192
  max_tokens_to_oom ............................... 12000
  max_weight_staleness ............................ None
  megatron_to_hf_mode ............................. raw
  memory_recorder ................................. torch
  memory_snapshot_dir ............................. .
  memory_snapshot_num_steps ....................... None
  memory_snapshot_path ............................ snapshot.pickle
  merge_file ...................................... None
  metadata_key .................................... metadata
  micro_batch_size ................................ 1
  microbatch_group_size_per_vp_stage .............. None
  mid_level_dataset_surplus ....................... 0.005
  miles_dsa_topk_backend .......................... torch
  miles_router_health_check_failure_threshold ..... 3
  miles_router_max_connections .................... None
  miles_router_timeout ............................ None
  min_batch_collection_ratio ...................... 1
  min_loss_scale .................................. 1.0
  min_lr .......................................... 0.0
  min_offloaded_tensor_size ....................... 1048576
  mini_ft_controller_enable ....................... False
  mini_ft_controller_poll_interval ................ 10.0
  mini_ft_controller_resume_delay ................. 10.0
  mlflow_experiment_name .......................... miles
  mlflow_run_id ................................... None
  mlflow_run_name ................................. None
  mlflow_tracking_uri ............................. None
  mlp_chunks_for_prefill .......................... 1
  mmap_bin_files .................................. True
  mock_data ....................................... False
  model_name ...................................... None
  moe_activation_in_fp32 .......................... False
  moe_apply_probs_on_input ........................ False
  moe_aux_loss_coeff .............................. 0.0
  moe_combine_in_fp32 ............................. False
  moe_deepep_num_sms .............................. 20
  moe_enable_deepep ............................... False
  moe_enable_routing_replay ....................... False
  moe_expert_capacity_factor ...................... None
  moe_extended_tp ................................. False
  moe_ffn_hidden_size ............................. None
  moe_flex_dispatcher_backend ..................... deepep
  moe_grouped_gemm ................................ False
  moe_hybridep_num_sms ............................ 16
  moe_input_jitter_eps ............................ None
  moe_latent_size ................................. None
  moe_layer_freq .................................. 1
  moe_layer_recompute ............................. False
  moe_pad_expert_input_to_capacity ................ False
  moe_pad_experts_for_cuda_graph_inference ........ False
  moe_per_layer_logging ........................... False
  moe_permute_fusion .............................. False
  moe_router_bias_update_rate ..................... 0.001
  moe_router_dtype ................................ None
  moe_router_enable_expert_bias ................... False
  moe_router_force_biased ......................... None
  moe_router_force_load_balancing ................. False
  moe_router_freeze_gate .......................... False
  moe_router_fusion ............................... False
  moe_router_group_topk ........................... None
  moe_router_load_balancing_type .................. aux_loss
  moe_router_num_groups ........................... None
  moe_router_padding_for_fp8 ...................... False
  moe_router_padding_for_quantization ............. False
  moe_router_pre_softmax .......................... False
  moe_router_score_function ....................... softmax
  moe_router_topk ................................. 2
  moe_router_topk_scaling_factor .................. None
  moe_shared_expert_gate .......................... False
  moe_shared_expert_intermediate_size ............. None
  moe_shared_expert_overlap ....................... False
  moe_token_dispatcher_type ....................... allgather
  moe_token_drop_policy ........................... probs
  moe_upcycling_granularity ....................... 1
  moe_use_legacy_grouped_gemm ..................... False
  moe_use_upcycling ............................... False
  moe_z_loss_coeff ................................ None
  mooncake_replica_num ............................ 1
  mooncake_store_init_kwargs ...................... None
  mrope_section ................................... None
  mscale .......................................... 1.0
  mscale_all_dim .................................. 0.0
  mtp_hybrid_override_pattern ..................... None
  mtp_loss_scaling_factor ......................... 0.2
  mtp_num_layers .................................. None
  mtp_standalone .................................. False
  mtp_use_repeated_layer .......................... False
  multi_latent_attention .......................... False
  multi_lora ...................................... False
  multi_lora_adapters ............................. []
  multi_lora_api_port ............................. 8068
  multi_lora_backend_path ......................... None
  multi_lora_http_server_path ..................... None
  multi_lora_idle_poll_s .......................... 5.0
  multi_lora_max_adapter_global_batch_size ........ None
  multi_lora_max_coalesce_wait_s .................. 0.5
  multi_lora_max_empty_wait_s ..................... 30.0
  multi_lora_n_adapters ........................... 0
  multi_lora_service_mode ......................... True
  multimodal_keys ................................. None
  multiple_validation_sets ........................ False
  muon_extra_scale_factor ......................... 1.0
  muon_fp32_matmul_prec ........................... medium
  muon_momentum ................................... 0.9
  muon_num_ns_steps ............................... 5
  muon_scale_mode ................................. spectral
  muon_split_qkv .................................. True
  muon_tp_mode .................................... blockwise
  muon_use_nesterov ............................... False
  n_samples_per_eval_prompt ....................... 1
  n_samples_per_prompt ............................ 16
  nccl_all_reduce_for_prefill ..................... False
  nccl_communicator_config_path ................... None
  nccl_ub ......................................... False
  no_load_optim ................................... None
  no_load_rng ..................................... None
  no_persist_layer_norm ........................... False
  no_rope_freq .................................... None
  no_save_optim ................................... False
  no_save_rng ..................................... None
  no_weight_decay_cond_type ....................... None
  non_persistent_ckpt_type ........................ None
  non_persistent_global_ckpt_dir .................. None
  non_persistent_local_ckpt_algo .................. fully_parallel
  non_persistent_local_ckpt_dir ................... None
  non_persistent_save_interval .................... None
  normalization ................................... RMSNorm
  normalize_advantages ............................ False
  num_attention_heads ............................. 16
  num_channels .................................... 3
  num_classes ..................................... 1000
  num_critic_only_steps ........................... 0
  num_dataset_builder_threads ..................... 1
  num_distributed_optimizer_instances ............. 1
  num_epoch ....................................... None
  num_experts ..................................... None
  num_gpus_per_node ............................... 8
  num_layers ...................................... 32
  num_layers_at_end_in_bf16 ....................... 1
  num_layers_at_start_in_bf16 ..................... 1
  num_layers_per_virtual_pipeline_stage ........... None
  num_query_groups ................................ 4
  num_rollout ..................................... 5
  num_steps_per_rollout ........................... None
  num_virtual_stages_per_pipeline_rank ............ None
  num_workers ..................................... 2
  object_storage_cache_path ....................... None
  object_store_backend ............................ ray
  observe_training_entropy ........................ False
  offload_modules ................................. []
  offload_optimizer_states ........................ False
  offload_rollout ................................. True
  offload_rollout_level ........................... ['kv_cache', 'weight']
  offload_train ................................... True
  offload_train_disk_chunk_mb ..................... 256
  offload_train_disk_dir .......................... None
  offload_train_target ............................ cpu
  one_logger_async ................................ False
  one_logger_project .............................. megatron-lm
  one_logger_run_name ............................. None
  onnx_safe ....................................... None
  opd_kl_coef ..................................... 1.0
  opd_log_prob_top_k .............................. 0
  opd_reward_weight_mode .......................... student_p
  opd_teacher_ckpt_step ........................... None
  opd_teacher_key ................................. opd_teacher
  opd_teacher_load ................................ None
  opd_teacher_urls ................................ None
  opd_top_k_strategy .............................. only-student
  opd_topk_per_position ........................... False
  opd_type ........................................ None
  openai_gelu ..................................... False
  opsm_delta ...................................... 0.0001
  optimizer ....................................... adam
  optimizer_cpu_offload ........................... False
  optimizer_offload_fraction ...................... 1.0
  original_max_position_embeddings ................ 4096
  outer_dp_sharding_strategy ...................... no_shard
  output_bert_embeddings .......................... False
  over_sampling_batch_size ........................ 4
  overlap_cpu_optimizer_d2h_h2d ................... False
  overlap_grad_reduce ............................. False
  overlap_moe_expert_parallel_comm ................ False
  overlap_p2p_comm ................................ False
  overlap_p2p_comm_warmup_flush ................... False
  overlap_param_gather ............................ False
  overlap_param_gather_with_optimizer_step ........ False
  override_opt_param_scheduler .................... False
  p2p_transfer_num_workers ........................ 4
  p2p_transfer_timeout ............................ 30.0
  padded_vocab_size ............................... 248320
  params_dtype .................................... torch.bfloat16
  partial_rollout ................................. False
  patch_dim ....................................... 16
  pause_generation_mode ........................... retract
  per_dataset_sequences_path ...................... None
  per_split_data_args_path ........................ None
  perform_initialization .......................... True
  perform_rl_step ................................. False
  phase_transition_iterations ..................... None
  pin_cpu_grads ................................... True
  pin_cpu_params .................................. True
  pin_rollout_manager_to_head ..................... False
  pipeline_model_parallel_comm_backend ............ None
  pipeline_model_parallel_layout .................. None
  pipeline_model_parallel_size .................... 1
  position_embedding_type ......................... rope
  post_mlp_layernorm .............................. False
  post_self_attn_layernorm ........................ False
  prefill_num_servers ............................. None
  pretrained_checkpoint ........................... None
  profile ......................................... False
  profile_ranks ................................... [0]
  profile_step_end ................................ 12
  profile_step_start .............................. 10
  profile_target .................................. ['train_overall']
  prometheus_port ................................. 9090
  prometheus_run_name ............................. None
  prompt_data ..................................... /workspace/rmct/data/dev_smoke/suggested-answer-pairs.jsonl
  q_lora_rank ..................................... None
  qk_clip ......................................... False
  qk_clip_alpha ................................... 0.5
  qk_clip_threshold ............................... 100
  qk_head_dim ..................................... 128
  qk_l2_norm ...................................... False
  qk_layernorm .................................... True
  qk_pos_emb_head_dim ............................. 64
  qkv_format ...................................... thd
  query_in_block_prob ............................. 0.1
  quick_geglu ..................................... False
  rampup_batch_size ............................... None
  rank ............................................ 0
  recompute_granularity ........................... full
  recompute_logprobs_via_prefill .................. False
  recompute_loss_function ......................... False
  recompute_method ................................ uniform
  recompute_modules ............................... None
  recompute_num_layers ............................ 1
  record_memory_history ........................... False
  ref_ckpt_step ................................... None
  ref_load ........................................ /root/models/Qwen3.5-4B_torch_dist
  ref_update_interval ............................. None
  refit_method .................................... gloo
  relative_attention_max_distance ................. 128
  relative_attention_num_buckets .................. 32
  replication ..................................... False
  replication_factor .............................. 2
  replication_jump ................................ None
  rerun_mode ...................................... validate_results
  reset_attention_mask ............................ False
  reset_optimizer_states .......................... False
  reset_position_ids .............................. False
  result_rejected_tracker_filename ................ None
  retriever_report_topk_accuracies ................ []
  retriever_score_scaling ......................... False
  reuse_grad_buf_for_mxfp8_param_ag ............... False
  reward_key ...................................... None
  rewards_normalization ........................... False
  rl_calculate_intra_group_similarity ............. False
  rl_default_temperature .......................... 1.0
  rl_default_top_k ................................ -1
  rl_default_top_p ................................ 0
  rl_importance_sampling_truncation_coef .......... None
  rl_inference_expert_model_parallel_size ......... None
  rl_inference_expert_tensor_model_parallel_size .. None
  rl_inference_logprobs_is_correction ............. False
  rl_inference_model_unified_memory_level ......... 0
  rl_inference_pipeline_model_parallel_size ....... None
  rl_inference_tensor_model_parallel_size ......... None
  rl_offload_inference_model_weights_when_idle .... False
  rl_offload_kv_cache_during_training ............. False
  rl_offload_optimizer_during_inference ........... False
  rl_parallel_generation_tasks .................... 512
  rl_partial_rollouts ............................. False
  rl_prompts_per_eval ............................. 32
  rl_remove_kv_cache_during_training .............. False
  rl_reset_cuda_graphs ............................ False
  rl_sequence_packing_algo ........................ fifo
  rl_sequence_packing_max_sequences_per_bin ....... 50
  rl_skip_bos_token ............................... False
  rl_training_cuda_graphs ......................... False
  rl_use_sequence_packing ......................... False
  rl_verify_model_weights_swap .................... False
  rm_type ......................................... None
  rm_url .......................................... None
  rollout_all_samples_process_path ................ None
  rollout_batch_size .............................. 4
  rollout_buffer_url .............................. None
  rollout_data_postprocess_path ................... None
  rollout_external ................................ False
  rollout_external_engine_addrs ................... None
  rollout_function_path ........................... slime_port.rmct_rollout.generate_rollout
  rollout_global_dataset .......................... True
  rollout_health_check_first_wait ................. 0
  rollout_health_check_interval ................... 30.0
  rollout_health_check_timeout .................... 30.0
  rollout_max_context_len ......................... None
  rollout_max_prompt_len .......................... None
  rollout_max_response_len ........................ 4096
  rollout_num_gpus ................................ 1
  rollout_num_gpus_per_engine ..................... 1
  rollout_sample_filter_path ...................... None
  rollout_seed .................................... 42
  rollout_shuffle ................................. False
  rollout_skip_special_tokens ..................... False
  rollout_stop .................................... None
  rollout_stop_token_ids .......................... None
  rollout_submission_granularity .................. None
  rollout_task_type ............................... math
  rollout_temperature ............................. 1.0
  rollout_top_k ................................... -1
  rollout_top_p ................................... 1.0
  rope_scaling_factor ............................. 8.0
  rope_type ....................................... rope
  rotary_base ..................................... 10000000
  rotary_interleaved .............................. False
  rotary_percent .................................. 0.25
  rotary_scaling_factor ........................... 1.0
  rotary_seq_len_interpolation_factor ............. None
  router_api_key .................................. None
  router_assignment_mode .......................... random
  router_backend .................................. sglang
  router_balance_abs_threshold .................... 64
  router_balance_rel_threshold .................... 1.5
  router_bucket_adjust_interval_secs .............. 5
  router_ca_cert_paths ............................ []
  router_cache_threshold .......................... 0.3
  router_cb_failure_threshold ..................... 10
  router_cb_success_threshold ..................... 3
  router_cb_timeout_duration_secs ................. 60
  router_cb_window_duration_secs .................. 120
  router_chat_template ............................ None
  router_client_cert_path ......................... None
  router_client_key_path .......................... None
  router_control_plane_api_keys ................... []
  router_control_plane_audit_enabled .............. False
  router_cors_allowed_origins ..................... []
  router_decode ................................... None
  router_decode_policy ............................ None
  router_decode_selector .......................... {}
  router_disable_circuit_breaker .................. False
  router_disable_health_check ..................... False
  router_disable_retries .......................... False
  router_dp_aware ................................. False
  router_enable_igw ............................... False
  router_enable_trace ............................. False
  router_eviction_interval_secs ................... 60
  router_health_check_endpoint .................... /health
  router_health_check_interval_secs ............... 60
  router_health_check_timeout_secs ................ 5
  router_health_failure_threshold ................. 3
  router_health_success_threshold ................. 2
  router_history_backend .......................... memory
  router_json_log ................................. False
  router_jwt_audience ............................. None
  router_jwt_issuer ............................... None
  router_jwt_jwks_uri ............................. None
  router_jwt_role_mapping ......................... []
  router_log_dir .................................. None
  router_log_level ................................ info
  router_max_concurrent_requests .................. -1
  router_max_idle_secs ............................ 14400
  router_max_payload_size ......................... 536870912
  router_max_tree_size ............................ 67108864
  router_mcp_config_path .......................... None
  router_mini_lb .................................. False
  router_model_path ............................... None
  router_oracle_connect_descriptor ................ None
  router_oracle_password .......................... None
  router_oracle_pool_max .......................... 16
  router_oracle_pool_min .......................... 1
  router_oracle_pool_timeout_secs ................. 30
  router_oracle_tns_alias ......................... None
  router_oracle_username .......................... None
  router_oracle_wallet_path ....................... None
  router_otlp_traces_endpoint ..................... localhost:4317
  router_pd_disaggregation ........................ False
  router_policy ................................... cache_aware
  router_postgres_db_url .......................... None
  router_postgres_pool_max ........................ 16
  router_prefill .................................. None
  router_prefill_policy ........................... None
  router_prefill_selector ......................... {}
  router_prometheus_duration_buckets .............. None
  router_prometheus_host .......................... 0.0.0.0
  router_prometheus_port .......................... 29000
  router_queue_size ............................... 100
  router_queue_timeout_secs ....................... 60
  router_rate_limit_tokens_per_second ............. None
  router_reasoning_parser ......................... None
  router_redis_pool_max ........................... 16
  router_redis_retention_days ..................... 30
  router_redis_url ................................ None
  router_request_id_headers ....................... None
  router_request_timeout_secs ..................... 1800
  router_retry_backoff_multiplier ................. 1.5
  router_retry_initial_backoff_ms ................. 50
  router_retry_jitter_factor ...................... 0.2
  router_retry_max_backoff_ms ..................... 30000
  router_retry_max_retries ........................ 5
  router_selector ................................. {}
  router_service_discovery ........................ False
  router_service_discovery_namespace .............. None
  router_service_discovery_port ................... 80
  router_shutdown_grace_period_secs ............... 180
  router_test_external_dp_routing ................. False
  router_tls_cert_path ............................ None
  router_tls_key_path ............................. None
  router_tokenizer_cache_enable_l0 ................ False
  router_tokenizer_cache_enable_l1 ................ False
  router_tokenizer_cache_l0_max_entries ........... 10000
  router_tokenizer_cache_l1_max_memory ............ 52428800
  router_tokenizer_path ........................... None
  router_tool_call_parser ......................... None
  router_worker_startup_check_interval ............ 30
  router_worker_startup_timeout_secs .............. 1800
  run_workload_inspector_server ................... False
  sample_rate ..................................... 1.0
  save ............................................ /root/runs/fp16r/checkpoints
  save_debug_event_data ........................... None
  save_debug_rollout_data ......................... None
  save_debug_train_data ........................... None
  save_debug_trajectory_data ...................... None
  save_dgrads_interval ............................ None
  save_hf ......................................... None
  save_interval ................................... 100
  save_local_weight_checksum ...................... False
  save_retain_interval ............................ None
  save_trigger_sentinel ........................... None
  save_wgrads_interval ............................ None
  scatter_gather_tensors_in_pipeline .............. True
  seed ............................................ 1234
  seq_length ...................................... 4096
  sequence_parallel ............................... False
  session_sample_picker_path ...................... miles.rollout.session.v2.picker_hub.drop_retries
  session_sample_postprocessor_path ............... miles.rollout.session.v2.postprocessor_hub.default_postprocess
  session_server_ip ............................... None
  session_server_port ............................. None
  sft ............................................. False
  sft_tokenizer_prompt_format ..................... nemotron-h-aligned
  sgd_momentum .................................... 0.9
  sglang_abort_on_priority_when_disabled .......... False
  sglang_admin_api_key ............................ None
  sglang_allow_auto_truncate ...................... False
  sglang_api_key .................................. None
  sglang_asr_max_buffer_seconds ................... 60
  sglang_asr_max_concurrent_sessions .............. 32
  sglang_attention_backend ........................ None
  sglang_attn_cp_size ............................. 1
  sglang_batch_notify_size ........................ 16
  sglang_bf16_gemm_backend ........................ auto
  sglang_bucket_e2e_request_latency ............... None
  sglang_bucket_inter_token_latency ............... None
  sglang_bucket_time_to_first_token ............... None
  sglang_chat_template ............................ None
  sglang_checkpoint_engine_wait_weights_before_ready  False
  sglang_chunked_prefill_size ..................... None
  sglang_collect_tokens_histogram ................. None
  sglang_completion_template ...................... None
  sglang_config ................................... None
  sglang_constrained_json_disable_any_whitespace .. False
  sglang_constrained_json_whitespace_pattern ...... None
  sglang_context_length ........................... None
  sglang_cp_strategy .............................. None
  sglang_cpu_offload_gb ........................... 0
  sglang_crash_dump_folder ........................ None
  sglang_cuda_graph_backend_decode ................ None
  sglang_cuda_graph_backend_prefill ............... disabled
  sglang_cuda_graph_bs_decode ..................... None
  sglang_cuda_graph_bs_prefill .................... None
  sglang_cuda_graph_config ........................ None
  sglang_cuda_graph_max_bs_decode ................. None
  sglang_cuda_graph_max_bs_prefill ................ None
  sglang_cuda_graph_tc_compiler ................... None
  sglang_custom_pull_weights_pre_read_hook ........ None
  sglang_custom_weight_loader ..................... None
  sglang_dcp_size ................................. 1
  sglang_debug_cuda_graph ......................... False
  sglang_debug_tensor_dump_input_file ............. None
  sglang_debug_tensor_dump_layers ................. None
  sglang_debug_tensor_dump_output_folder .......... None
  sglang_decode_attention_backend ................. None
  sglang_decode_log_interval ...................... 40
  sglang_decoupled_spec_bind_endpoint ............. None
  sglang_decoupled_spec_connect_endpoints ......... None
  sglang_decoupled_spec_rank ...................... None
  sglang_decoupled_spec_role ...................... null
  sglang_decrypted_config_file .................... None
  sglang_decrypted_draft_config_file .............. None
  sglang_deepep_config ............................ None
  sglang_deepep_dispatcher_output_dtype ........... auto
  sglang_deepep_mode .............................. auto
  sglang_default_chat_template_kwargs ............. None
  sglang_default_priority_value ................... None
  sglang_delete_ckpt_after_loading ................ False
  sglang_detokenizer_worker_num ................... 1
  sglang_device ................................... None
  sglang_disable_attn_tp_gather ................... False
  sglang_disable_chunked_prefix_cache ............. False
  sglang_disable_cuda_graph ....................... False
  sglang_disable_cuda_graph_padding ............... False
  sglang_disable_custom_all_reduce ................ False
  sglang_disable_decode_cuda_graph ................ False
  sglang_disable_draft_cuda_graph ................. False
  sglang_disable_fast_image_processor ............. False
  sglang_disable_flashinfer_autotune .............. False
  sglang_disable_flashinfer_cutlass_moe_fp4_allgather  False
  sglang_disable_hybrid_swa_memory ................ False
  sglang_disable_outlines_disk_cache .............. False
  sglang_disable_overlap_schedule ................. False
  sglang_disable_prefill_cuda_graph ............... False
  sglang_disable_priority_preemption .............. False
  sglang_disable_radix_cache ...................... False
  sglang_disable_shared_experts_fusion ............ False
  sglang_disable_tokenizer_batch_decode ........... False
  sglang_disaggregation_bootstrap_port ............ 8998
  sglang_disaggregation_decode_enable_offload_kvcache  False
  sglang_disaggregation_decode_enable_radix_cache . False
  sglang_disaggregation_decode_extra_slots ........ None
  sglang_disaggregation_decode_polling_interval ... 1
  sglang_disaggregation_ib_device ................. None
  sglang_disaggregation_mode ...................... null
  sglang_disaggregation_transfer_backend .......... mooncake
  sglang_dist_timeout ............................. None
  sglang_dllm_algorithm ........................... None
  sglang_dllm_algorithm_config .................... None
  sglang_dllm_fdfo ................................ True
  sglang_download_dir ............................. None
  sglang_dp_size .................................. 1
  sglang_dsa_decode_backend ....................... None
  sglang_dsa_paged_mqa_logits_backend ............. auto
  sglang_dsa_prefill_backend ...................... None
  sglang_dsa_prefill_cp_mode ...................... round-robin-split
  sglang_dsa_topk_backend ......................... sgl-kernel
  sglang_dtype .................................... auto
  sglang_dynamic_batch_tokenizer_batch_size ....... 32
  sglang_dynamic_batch_tokenizer_batch_timeout .... 0.002
  sglang_elastic_ep_backend ....................... None
  sglang_elastic_ep_initial_size .................. None
  sglang_elastic_ep_rejoin ........................ False
  sglang_elastic_ep_scale_timeout ................. 600
  sglang_enable_adaptive_dispatch_to_encoder ...... False
  sglang_enable_aiter_allreduce_fusion ............ False
  sglang_enable_attn_tp_input_scattered ........... False
  sglang_enable_broadcast_mm_inputs_process ....... False
  sglang_enable_cache_report ...................... False
  sglang_enable_cudagraph_gc ...................... False
  sglang_enable_custom_logit_processor ............ False
  sglang_enable_deepseek_v4_fp4_indexer ........... False
  sglang_enable_deterministic_inference ........... False
  sglang_enable_dp_attention ...................... False
  sglang_enable_dp_attention_local_control_broadcast  False
  sglang_enable_dp_lm_head ........................ False
  sglang_enable_draft_weights_cpu_backup .......... False
  sglang_enable_dsa_cache_layer_split ............. False
  sglang_enable_dsa_prefill_context_parallel ...... False
  sglang_enable_dynamic_batch_tokenizer ........... False
  sglang_enable_dynamic_chunking .................. False
  sglang_enable_elastic_expert_backup ............. False
  sglang_enable_eplb .............................. False
  sglang_enable_expert_distribution_metrics ....... False
  sglang_enable_flashinfer_allreduce_fusion ....... False
  sglang_enable_flexkv ............................ False
  sglang_enable_forward_pass_metrics .............. False
  sglang_enable_fp32_lm_head ...................... False
  sglang_enable_fused_moe_sum_all_reduce .......... False
  sglang_enable_fused_qk_norm_rope ................ False
  sglang_enable_gdn_replayssm_spec ................ False
  sglang_enable_hierarchical_cache ................ False
  sglang_enable_hisparse .......................... False
  sglang_enable_http2 ............................. False
  sglang_enable_int8_mamba_checkpoint ............. False
  sglang_enable_layerwise_nvtx_marker ............. False
  sglang_enable_linear_replayssm .................. False
  sglang_enable_lmcache ........................... False
  sglang_enable_lora .............................. None
  sglang_enable_lora_overlap_loading .............. None
  sglang_enable_mamba_cache_stochastic_rounding ... False
  sglang_enable_metrics ........................... False
  sglang_enable_metrics_for_all_schedulers ........ False
  sglang_enable_mfu_metrics ....................... False
  sglang_enable_mis ............................... False
  sglang_enable_mixed_chunk ....................... False
  sglang_enable_mm_global_cache ................... False
  sglang_enable_mscclpp ........................... False
  sglang_enable_multi_layer_eagle ................. False
  sglang_enable_multimodal ........................ None
  sglang_enable_nccl_nvls ......................... False
  sglang_enable_p2p_check ......................... False
  sglang_enable_page_major_kv_layout .............. False
  sglang_enable_pdmux ............................. False
  sglang_enable_precise_embedding_interpolation ... False
  sglang_enable_prefill_context_parallel .......... False
  sglang_enable_prefill_cp ........................ False
  sglang_enable_prefill_delayer ................... False
  sglang_enable_prefill_only_deterministic_inference  False
  sglang_enable_prefix_mm_cache ................... False
  sglang_enable_priority_scheduling ............... False
  sglang_enable_profile_cuda_graph ................ False
  sglang_enable_quant_communications .............. False
  sglang_enable_request_time_stats_logging ........ False
  sglang_enable_return_hidden_states .............. False
  sglang_enable_scattered_sconv ................... False
  sglang_enable_session_radix_cache ............... False
  sglang_enable_single_batch_overlap .............. False
  sglang_enable_ssl_refresh ....................... False
  sglang_enable_streaming_session ................. False
  sglang_enable_strict_thinking ................... False
  sglang_enable_symm_mem .......................... False
  sglang_enable_tf32_matmul ....................... False
  sglang_enable_tokenizer_batch_encode ............ False
  sglang_enable_torch_compile ..................... False
  sglang_enable_torch_compile_debug_mode .......... False
  sglang_enable_torch_symm_mem .................... False
  sglang_enable_trace ............................. False
  sglang_enable_two_batch_overlap ................. False
  sglang_enable_unified_memory .................... False
  sglang_enable_waterfill ......................... False
  sglang_enable_weights_cpu_backup ................ False
  sglang_encoder_bootstrap_port ................... 8997
  sglang_encoder_only ............................. False
  sglang_encoder_register_urls .................... []
  sglang_encoder_transfer_backend ................. zmq_to_scheduler
  sglang_encoder_urls ............................. []
  sglang_enforce_disable_flashinfer_allreduce_fusion  False
  sglang_enforce_shared_experts_fusion ............ False
  sglang_engine_info_bootstrap_port ............... 6789
  sglang_ep_dispatch_algorithm .................... None
  sglang_ep_join_mode ............................. None
  sglang_ep_join_rank_offset ...................... 0
  sglang_ep_num_redundant_experts ................. 0
  sglang_ep_size .................................. 1
  sglang_eplb_algorithm ........................... auto
  sglang_eplb_min_rebalancing_utilization_threshold  1.0
  sglang_eplb_rebalance_layers_per_chunk .......... None
  sglang_eplb_rebalance_num_iterations ............ 1000
  sglang_expert_distribution_recorder_buffer_size . None
  sglang_expert_distribution_recorder_mode ........ None
  sglang_experts_shared_outer_loras ............... None
  sglang_export_metrics_to_file ................... False
  sglang_export_metrics_to_file_dir ............... None
  sglang_extra_metric_labels ...................... None
  sglang_fastapi_root_path ........................ 
  sglang_file_storage_path ........................ sglang_storage
  sglang_flashinfer_allreduce_fusion_backend ...... None
  sglang_flashinfer_mla_disable_ragged ............ False
  sglang_flashinfer_mxfp4_moe_precision ........... default
  sglang_flexkv_config_file ....................... None
  sglang_forward_hooks ............................ None
  sglang_forward_pass_metrics_ipc_name ............ None
  sglang_forward_pass_metrics_worker_id ........... 
  sglang_fp4_gemm_runner_backend .................. auto
  sglang_fp8_gemm_runner_backend .................. auto
  sglang_fuseep_mode .............................. 2
  sglang_gc_threshold ............................. None
  sglang_gc_warning_threshold_secs ................ 0.0
  sglang_generation_tokens_buckets ................ None
  sglang_grammar_backend .......................... None
  sglang_grpc_mode ................................ False
  sglang_grpc_port ................................ None
  sglang_hf_chat_template_name .................... None
  sglang_hicache_io_backend ....................... kernel
  sglang_hicache_mem_layout ....................... page_first
  sglang_hicache_ratio ............................ 2.0
  sglang_hicache_size ............................. 0
  sglang_hicache_storage_backend .................. None
  sglang_hicache_storage_backend_extra_config ..... None
  sglang_hicache_storage_prefetch_policy .......... timeout
  sglang_hicache_write_policy ..................... write_through
  sglang_hisparse_config .......................... None
  sglang_host ..................................... 127.0.0.1
  sglang_incremental_streaming_output ............. False
  sglang_init_expert_location ..................... trivial
  sglang_int8_mamba_ckpt_size ..................... None
  sglang_is_embedding ............................. False
  sglang_json_model_override_args ................. {}
  sglang_keep_mm_feature_on_device ................ False
  sglang_kt_cpuinfer .............................. None
  sglang_kt_max_deferred_experts_per_token ........ None
  sglang_kt_method ................................ AMXINT4
  sglang_kt_num_gpu_experts ....................... None
  sglang_kt_threadpool_count ...................... 2
  sglang_kt_weight_path ........................... None
  sglang_kv_cache_dtype ........................... auto
  sglang_kv_canary ................................ none
  sglang_kv_canary_real_data ...................... none
  sglang_kv_canary_sweep_interval ................. 0
  sglang_kv_events_config ......................... None
  sglang_language_only ............................ False
  sglang_limit_mm_data_per_request ................ None
  sglang_linear_attn_backend ...................... triton
  sglang_linear_attn_decode_backend ............... None
  sglang_linear_attn_prefill_backend .............. None
  sglang_linear_replayssm_cache_len ............... 16
  sglang_lmcache_config_file ...................... None
  sglang_load_balance_method ...................... auto
  sglang_load_format .............................. auto
  sglang_load_snapshot_publish_interval ........... 15
  sglang_log_level ................................ info
  sglang_log_level_http ........................... None
  sglang_log_requests ............................. False
  sglang_log_requests_format ...................... text
  sglang_log_requests_level ....................... 2
  sglang_log_requests_target ...................... None
  sglang_lora_backend ............................. csgmv
  sglang_lora_drain_wait_threshold ................ 0.0
  sglang_lora_eviction_policy ..................... lru
  sglang_lora_paths ............................... None
  sglang_lora_strict_loading ...................... False
  sglang_lora_target_modules ...................... None
  sglang_lora_use_virtual_experts ................. True
  sglang_mamba_backend ............................ triton
  sglang_mamba_cache_philox_rounds ................ 0
  sglang_mamba_full_memory_ratio .................. 0.9
  sglang_mamba_radix_cache_strategy ............... extra_buffer
  sglang_mamba_ssm_dtype .......................... None
  sglang_mamba_track_interval ..................... 256
  sglang_max_ep_size .............................. None
  sglang_max_loaded_loras ......................... None
  sglang_max_lora_chunk_size ...................... 16
  sglang_max_lora_rank ............................ None
  sglang_max_loras_per_batch ...................... 8
  sglang_max_mamba_cache_size ..................... None
  sglang_max_prefill_tokens ....................... 16384
  sglang_max_queued_requests ...................... None
  sglang_max_running_requests ..................... None
  sglang_max_total_tokens ......................... None
  sglang_mem_fraction_static ...................... 0.4
  sglang_min_free_slots_delay ..................... None
  sglang_mm_attention_backend ..................... None
  sglang_mm_enable_dp_encoder ..................... False
  sglang_mm_feature_transport ..................... None
  sglang_mm_process_config ........................ None
  sglang_model_checksum ........................... None
  sglang_model_config_parser ...................... auto
  sglang_model_impl ............................... auto
  sglang_model_loader_extra_config ................ {}
  sglang_modelexpress_config ...................... None
  sglang_modelopt_checkpoint_restore_path ......... None
  sglang_modelopt_checkpoint_save_path ............ None
  sglang_modelopt_export_path ..................... None
  sglang_modelopt_quant ........................... None
  sglang_moe_a2a_backend .......................... none
  sglang_moe_dense_tp_size ........................ None
  sglang_moe_dp_size .............................. 1
  sglang_moe_runner_backend ....................... auto
  sglang_mooncake_ib_device ....................... None
  sglang_msprobe_dump_config ...................... None
  sglang_num_continuous_decode_steps .............. 1
  sglang_num_reserved_decode_tokens ............... 512
  sglang_numa_node ................................ None
  sglang_offload_group_size ....................... -1
  sglang_offload_mode ............................. cpu
  sglang_offload_num_in_group ..................... 1
  sglang_offload_prefetch_step .................... 1
  sglang_optimistic_prefill_attempts .............. 0
  sglang_otlp_traces_endpoint ..................... localhost:4317
  sglang_page_size ................................ None
  sglang_pdmux_config_path ........................ None
  sglang_pp_async_batch_depth ..................... 0
  sglang_pp_max_micro_batch_size .................. None
  sglang_pp_size .................................. 1
  sglang_pre_warm_nccl ............................ False
  sglang_preferred_sampling_params ................ None
  sglang_prefill_attention_backend ................ None
  sglang_prefill_cp_mode .......................... in-seq-split
  sglang_prefill_delayer_forward_passes_buckets ... None
  sglang_prefill_delayer_max_delay_ms ............. None
  sglang_prefill_delayer_max_delay_passes ......... 30
  sglang_prefill_delayer_queue_min_ratio .......... None
  sglang_prefill_delayer_token_usage_low_watermark  None
  sglang_prefill_delayer_wait_seconds_buckets ..... None
  sglang_prefill_max_requests ..................... None
  sglang_prefill_only_disable_kv_cache ............ False
  sglang_prefill_round_robin_balance .............. None
  sglang_priority_scheduling_preemption_threshold . 10
  sglang_prompt_tokens_buckets .................... None
  sglang_quantization ............................. None
  sglang_quantization_param_path .................. None
  sglang_quantize_and_serve ....................... False
  sglang_radix_cache_backend ...................... None
  sglang_radix_eviction_policy .................... lru
  sglang_reasoning_parser ......................... None
  sglang_remote_instance_weight_loader_backend .... nccl
  sglang_remote_instance_weight_loader_seed_instance_ip  None
  sglang_remote_instance_weight_loader_seed_instance_service_port  None
  sglang_remote_instance_weight_loader_send_weights_group_ports  None
  sglang_remote_instance_weight_loader_start_seed_via_transfer_engine  False
  sglang_retraction_policy ........................ length
  sglang_revision ................................. None
  sglang_rl_on_policy_target ...................... None
  sglang_rl_quant_profile ......................... None
  sglang_router_ip ................................ None
  sglang_router_policy ............................ None
  sglang_router_port .............................. None
  sglang_router_request_timeout_secs .............. 14400
  sglang_sampling_backend ......................... None
  sglang_sampling_defaults ........................ model
  sglang_schedule_conservativeness ................ 1.0
  sglang_schedule_low_priority_values_first ....... False
  sglang_schedule_policy .......................... fcfs
  sglang_scheduler_recv_interval .................. 1
  sglang_served_model_name ........................ None
  sglang_server_concurrency ....................... 512
  sglang_show_time_cost ........................... False
  sglang_sidecar .................................. None
  sglang_sidecar_args ............................. None
  sglang_skip_tokenizer_init ...................... False
  sglang_sleep_on_idle ............................ False
  sglang_sm_group_num ............................. 8
  sglang_smg_grpc_mode ............................ False
  sglang_smg_http_sidecar_port .................... None
  sglang_soft_watchdog_timeout .................... None
  sglang_spec_trace_dir ........................... None
  sglang_speculative_accept_threshold_acc ......... 1.0
  sglang_speculative_accept_threshold_single ...... 1.0
  sglang_speculative_adaptive ..................... False
  sglang_speculative_adaptive_config .............. None
  sglang_speculative_algorithm .................... None
  sglang_speculative_attention_mode ............... prefill
  sglang_speculative_dflash_block_size ............ None
  sglang_speculative_draft_attention_backend ...... None
  sglang_speculative_draft_load_format ............ None
  sglang_speculative_draft_model_path ............. None
  sglang_speculative_draft_model_quantization ..... None
  sglang_speculative_draft_model_revision ......... None
  sglang_speculative_draft_window_size ............ None
  sglang_speculative_dspark_align_verify_tokens_to_graph_tier  False
  sglang_speculative_dspark_block_size ............ None
  sglang_speculative_dspark_confidence_sts_path ... None
  sglang_speculative_dspark_sps_table_path ........ None
  sglang_speculative_eagle_topk ................... None
  sglang_speculative_moe_a2a_backend .............. None
  sglang_speculative_moe_runner_backend ........... None
  sglang_speculative_ngram_capacity ............... 10000000
  sglang_speculative_ngram_external_corpus_max_tokens  10000000
  sglang_speculative_ngram_external_corpus_path ... None
  sglang_speculative_ngram_external_sam_budget .... 0
  sglang_speculative_ngram_match_type ............. BFS
  sglang_speculative_ngram_max_bfs_breadth ........ 10
  sglang_speculative_ngram_max_trie_depth ......... 18
  sglang_speculative_ngram_min_bfs_breadth ........ 1
  sglang_speculative_num_draft_tokens ............. None
  sglang_speculative_num_steps .................... None
  sglang_speculative_skip_dp_mlp_sync ............. False
  sglang_speculative_token_map .................... None
  sglang_speculative_use_rejection_sampling ....... False
  sglang_ssl_ca_certs ............................. None
  sglang_ssl_certfile ............................. None
  sglang_ssl_keyfile .............................. None
  sglang_ssl_keyfile_password ..................... None
  sglang_stream_interval .......................... 1
  sglang_stream_response_default_include_usage .... False
  sglang_strip_thinking_cache ..................... False
  sglang_swa_full_tokens_ratio .................... 0.8
  sglang_tbo_token_distribution_threshold ......... 0.48
  sglang_tokenizer_backend ........................ huggingface
  sglang_tokenizer_metrics_allowed_custom_labels .. None
  sglang_tokenizer_metrics_custom_labels_header ... x-custom-labels
  sglang_tokenizer_mode ........................... auto
  sglang_tokenizer_path ........................... None
  sglang_tokenizer_worker_num ..................... 1
  sglang_tool_call_parser ......................... None
  sglang_tool_server .............................. None
  sglang_torch_compile_max_bs ..................... 32
  sglang_torchao_config ........................... 
  sglang_tp_size .................................. 1
  sglang_trace_modules ............................ request
  sglang_triton_attention_num_kv_splits ........... 8
  sglang_triton_attention_reduce_in_fp32 .......... False
  sglang_triton_attention_split_tile_size ......... None
  sglang_true_on_policy_contract .................. None
  sglang_use_ray .................................. False
  sglang_uvicorn_access_log_exclude_prefixes ...... []
  sglang_warmups .................................. None
  sglang_watchdog_timeout ......................... 300
  sglang_weight_loader_disable_mmap ............... False
  sglang_weight_loader_drop_cache_after_load ...... False
  sglang_weight_loader_prefetch_checkpoints ....... False
  sglang_weight_loader_prefetch_num_threads ....... 4
  sglang_weight_version ........................... default
  sharp_enabled_group ............................. None
  short_seq_prob .................................. 0.1
  skip_eval_before_train .......................... False
  skip_train ...................................... False
  skipped_train_samples ........................... 0
  softmax_type .................................... vanilla
  spec ............................................ ['miles_plugins.models.qwen3_5', 'get_qwen3_5_spec']
  split ........................................... None
  squared_relu .................................... False
  start_rollout_id ................................ 0
  start_weight_decay .............................. 0.1
  straggler_ctrlr_port ............................ 65535
  straggler_minmax_count .......................... 1
  stream_optimizer_state_moment_dtype ............. fp32
  stream_optimizer_state_to_disk .................. False
  strict_fsdp_dtensor_load ........................ True
  suggested_communication_unit_size ............... None
  swiglu .......................................... True
  swin_backbone_type .............................. tiny
  symmetric_ar_type ............................... None
  target_modules .................................. None
  tb_experiment_name .............................. None
  tb_project_name ................................. None
  te_precision_config_file ........................ None
  te_rng_tracker .................................. False
  tensor_model_parallel_size ...................... 1
  tensorboard_dir ................................. None
  tensorboard_log_interval ........................ 1
  tensorboard_queue_size .......................... 1000
  test_data_path .................................. None
  test_mode ....................................... False
  tiktoken_num_special_tokens ..................... 1000
  tiktoken_pattern ................................ None
  tiktoken_special_tokens ......................... None
  timing_log_level ................................ 0
  timing_log_option ............................... minmax
  tis_clip ........................................ 2.0
  tis_clip_low .................................... 0
  titles_data_path ................................ None
  tito_model ...................................... default
  tokenizer_hf_include_special_tokens ............. False
  tokenizer_hf_use_fast ........................... False
  tokenizer_metadata .............................. None
  tokenizer_model ................................. /root/models/Qwen3.5-4B
  tokenizer_sentencepiece_legacy .................. False
  tokenizer_special_tokens ........................ None
  tokenizer_type .................................. HuggingFaceTokenizer
  tool_key ........................................ tools
  torch_fsdp2_reshard_after_forward ............... True
  tp_comm_bootstrap_backend ....................... nccl
  tp_comm_bulk_dgrad .............................. True
  tp_comm_bulk_wgrad .............................. True
  tp_comm_overlap ................................. False
  tp_comm_overlap_ag .............................. True
  tp_comm_overlap_cfg ............................. None
  tp_comm_overlap_rs .............................. True
  tp_comm_overlap_rs_dgrad ........................ False
  tp_comm_split_ag ................................ True
  tp_comm_split_rs ................................ True
  train_backend ................................... megatron
  train_data_path ................................. None
  train_env_vars .................................. {}
  train_iters ..................................... None
  train_memory_margin_bytes ....................... 1073741824
  train_samples ................................... None
  train_sync_interval ............................. None
  trainer_heartbeat_checker_failure_threshold ..... 3
  trainer_heartbeat_checker_first_wait ............ 300.0
  trainer_heartbeat_checker_interval .............. 10.0
  trainer_heartbeat_checker_timeout ............... 10.0
  transformer_impl ................................ transformer_engine
  transformer_pipeline_model_parallel_size ........ 1
  true_on_policy_contract ......................... None
  true_on_policy_mode ............................. False
  true_on_policy_vocab_size ....................... None
  trust_remote_code ............................... False
  untie_embeddings_and_output_weights ............. False
  update_weight_buffer_size ....................... 536870912
  update_weight_delta_checksum .................... xxh3-128
  update_weight_delta_encoding .................... xor
  update_weight_disk_dir .......................... None
  update_weight_local_checkpoint_dir .............. None
  update_weight_transfer_mode ..................... broadcast
  update_weights_interval ......................... 1
  use_checkpoint_args ............................. False
  use_checkpoint_opt_param_scheduler .............. False
  use_cpu_initialization .......................... None
  use_critic ...................................... False
  use_dist_ckpt ................................... True
  use_dist_ckpt_deprecated ........................ False
  use_distributed_optimizer ....................... True
  use_distributed_post ............................ False
  use_dynamic_batch_size .......................... True
  use_dynamic_global_batch_size ................... False
  use_fault_tolerance ............................. False
  use_flash_attn .................................. False
  use_fused_weighted_squared_relu ................. False
  use_indexer_replay .............................. False
  use_kitchen_attention ........................... False
  use_kl_loss ..................................... True
  use_legacy_models ............................... False
  use_legacy_static_engine ........................ False
  use_mamba_mem_eff_path .......................... True
  use_megatron_fsdp ............................... False
  use_miles_dashboard ............................. False
  use_miles_router ................................ False
  use_mlflow ...................................... False
  use_mp_args_from_checkpoint_args ................ False
  use_one_sent_docs ............................... False
  use_opd ......................................... False
  use_opsm ........................................ False
  use_persistent_ckpt_worker ...................... False
  use_precision_aware_optimizer ................... False
  use_prometheus .................................. False
  use_pytorch_profiler ............................ False
  use_ring_exchange_p2p ........................... False
  use_rollout_entropy ............................. False
  use_rollout_indexer_replay ...................... False
  use_rollout_logprobs ............................ False
  use_rollout_routing_replay ...................... False
  use_rope_scaling ................................ False
  use_rotary_position_embeddings .................. False
  use_routing_replay .............................. False
  use_session_server .............................. False
  use_sharp ....................................... False
  use_te_activation_func .......................... False
  use_tensorboard ................................. False
  use_tis ......................................... False
  use_tokenizer_model_from_checkpoint_args ........ True
  use_torch_fsdp2 ................................. False
  use_torch_optimizer_for_cpu_offload ............. False
  use_tp_pp_dp_mapping ............................ False
  use_unbiased_kl ................................. False
  use_wandb ....................................... False
  v_head_dim ...................................... 128
  valid_data_path ................................. None
  value_clip ...................................... 0.2
  variable_seq_lengths ............................ False
  virtual_pipeline_model_parallel_size ............ None
  vision_backbone_type ............................ vit
  vision_pretraining .............................. False
  vision_pretraining_type ......................... classify
  vocab_extra_ids ................................. 0
  vocab_file ...................................... None
  vocab_size ...................................... 248320
  wandb_always_use_train_step ..................... False
  wandb_dir ....................................... None
  wandb_entity .................................... None
  wandb_exp_name .................................. None
  wandb_group ..................................... None
  wandb_host ...................................... None
  wandb_key ....................................... None
  wandb_mode ...................................... None
  wandb_project ................................... None
  wandb_random_suffix ............................. True
  wandb_run_id .................................... None
  wandb_save_dir .................................. None
  wandb_team ...................................... None
  weight_decay .................................... 0.1
  weight_decay_incr_style ......................... constant
  wgrad_deferral_limit ............................ 0
  window_attn_skip_freq ........................... None
  window_size ..................................... None
  witness_buffer_size ............................. 1048576
  worker_urls ..................................... []
  world_size ...................................... 1
  yaml_cfg ........................................ None
-------------------- end of arguments ---------------------
[2026-08-06 06:16:26.049 main] arguments.py:2620 - --moe-token-dispatcher-type allgather does not support variable sequence length, please use alltoall dispatcher instead.
[2026-08-06 06:16:26.049 main] placement_group.py:113 - Creating placement group with 1 GPUs...
2026-08-06 06:16:26,050	INFO worker.py:1683 -- Using address 172.25.0.2:6379 set in the environment variable RAY_ADDRESS
2026-08-06 06:16:26,055	INFO worker.py:1833 -- Connecting to existing Ray cluster at address: 172.25.0.2:6379...
2026-08-06 06:16:26,068	INFO worker.py:2015 -- Connected to Ray cluster. View the dashboard at [1m[32mhttp://127.0.0.1:8265 [39m[22m
[2026-08-06 06:16:26.846 main] placement_group.py:84 -   bundle    0, actual_bundle_index:    0, node: 172.25.0.2, gpu: 0
[36m(pid=60685)[0m Unable to import `torchao` Tensor objects. This may affect loading checkpoints serialized with `torchao`
[36m(pid=60685)[0m /usr/local/lib/python3.12/dist-packages/modelopt/torch/__init__.py:51: UserWarning: transformers 5.12.1 is not tested with current version of modelopt and may cause issues. Please install recommended version with `pip install -U nvidia-modelopt[hf]` if working with HF models.
[36m(pid=60685)[0m   _warnings.warn(
[36m(pid=60685)[0m [ERROR] `cache_position` is part of Qwen3ASRThinkerTextModel.forward's signature, but not documented. Make sure to add it to the docstring of the function in /usr/local/lib/python3.12/dist-packages/megatron/bridge/models/qwen3_asr/hf_qwen3_asr/modeling_qwen3_asr.py.
[36m(pid=60685)[0m [ERROR] `cache_position` is part of Qwen3ASRThinkerForConditionalGeneration.forward's signature, but not documented. Make sure to add it to the docstring of the function in /usr/local/lib/python3.12/dist-packages/megatron/bridge/models/qwen3_asr/hf_qwen3_asr/modeling_qwen3_asr.py.
[36m(pid=60685)[0m <frozen importlib._bootstrap_external>:1297: FutureWarning: The cuda.cudart module is deprecated and will be removed in a future release, please switch to use the cuda.bindings.runtime module instead.
[36m(pid=60685)[0m <frozen importlib._bootstrap_external>:1297: FutureWarning: The cuda.nvrtc module is deprecated and will be removed in a future release, please switch to use the cuda.bindings.nvrtc module instead.
[36m(RolloutManager pid=60685)[0m [2026-08-06 06:16:42.164 rollout_manager] rollout_manager.py:89 - import slime_port.rmct_rollout.generate_rollout as generate_rollout function.
[36m(RolloutManager pid=60685)[0m [2026-08-06 06:16:42.164 rollout_manager] rollout_manager.py:90 - import slime_port.rmct_rollout.generate_rollout as eval_generate_rollout function.
[36m(RolloutManager pid=60685)[0m [2026-08-06 06:16:42.181 rollout_manager] router_manager.py:58 - Launch router with args: RouterArgs(worker_urls=[], host='172.25.0.2', port=4279, mini_lb=False, test_external_dp_routing=False, pd_disaggregation=False, prefill_urls=[], decode_urls=[], policy='cache_aware', prefill_policy=None, decode_policy=None, worker_startup_timeout_secs=1800, worker_startup_check_interval=30, cache_threshold=0.3, balance_abs_threshold=64, balance_rel_threshold=1.5, eviction_interval_secs=60, max_tree_size=67108864, max_idle_secs=14400, assignment_mode='random', max_payload_size=536870912, bucket_adjust_interval_secs=5, dp_aware=False, enable_igw=False, api_key=None, log_dir=None, log_level='warn', json_log=False, service_discovery=False, selector={}, service_discovery_port=80, service_discovery_namespace=None, prefill_selector={}, decode_selector={}, bootstrap_port_annotation='sglang.ai/bootstrap-port', prometheus_port=5344, prometheus_host='0.0.0.0', prometheus_duration_buckets=None, request_id_headers=None, request_timeout_secs=14400, shutdown_grace_period_secs=180, max_concurrent_requests=-1, queue_size=100, queue_timeout_secs=60, rate_limit_tokens_per_second=None, cors_allowed_origins=[], retry_max_retries=5, retry_initial_backoff_ms=50, retry_max_backoff_ms=30000, retry_backoff_multiplier=1.5, retry_jitter_factor=0.2, disable_retries=False, health_failure_threshold=3, health_success_threshold=2, health_check_timeout_secs=5, health_check_interval_secs=60, health_check_endpoint='/health', disable_health_check=False, cb_failure_threshold=10, cb_success_threshold=3, cb_timeout_duration_secs=60, cb_window_duration_secs=120, disable_circuit_breaker=False, model_path=None, tokenizer_path=None, chat_template=None, tokenizer_cache_enable_l0=False, tokenizer_cache_l0_max_entries=10000, tokenizer_cache_enable_l1=False, tokenizer_cache_l1_max_memory=52428800, reasoning_parser=None, tool_call_parser=None, mcp_config_path=None, backend='sglang', history_backend='memory', oracle_wallet_path=None, oracle_tns_alias=None, oracle_connect_descriptor=None, oracle_username=None, oracle_password=None, oracle_pool_min=1, oracle_pool_max=16, oracle_pool_timeout_secs=30, postgres_db_url=None, postgres_pool_max=16, redis_url=None, redis_pool_max=16, redis_retention_days=30, client_cert_path=None, client_key_path=None, ca_cert_paths=[], server_cert_path=None, server_key_path=None, enable_trace=False, otlp_traces_endpoint='localhost:4317', control_plane_api_keys=[], control_plane_audit_enabled=False, jwt_issuer=None, jwt_audience=None, jwt_jwks_uri=None, jwt_role_mapping={})
[36m(RolloutManager pid=60685)[0m Unable to import `torchao` Tensor objects. This may affect loading checkpoints serialized with `torchao`
[36m(RolloutManager pid=60685)[0m /usr/local/lib/python3.12/dist-packages/modelopt/torch/__init__.py:51: UserWarning: transformers 5.12.1 is not tested with current version of modelopt and may cause issues. Please install recommended version with `pip install -U nvidia-modelopt[hf]` if working with HF models.
[36m(RolloutManager pid=60685)[0m   _warnings.warn(
[36m(RolloutManager pid=60685)[0m [ERROR] `cache_position` is part of Qwen3ASRThinkerTextModel.forward's signature, but not documented. Make sure to add it to the docstring of the function in /usr/local/lib/python3.12/dist-packages/megatron/bridge/models/qwen3_asr/hf_qwen3_asr/modeling_qwen3_asr.py.
[36m(RolloutManager pid=60685)[0m [ERROR] `cache_position` is part of Qwen3ASRThinkerForConditionalGeneration.forward's signature, but not documented. Make sure to add it to the docstring of the function in /usr/local/lib/python3.12/dist-packages/megatron/bridge/models/qwen3_asr/hf_qwen3_asr/modeling_qwen3_asr.py.
[36m(RolloutManager pid=60685)[0m [2026-08-06 06:16:54.687 rollout_manager] router_manager.py:76 - Router launched at 172.25.0.2:4279
[36m(RolloutManager pid=60685)[0m [2026-08-06 06:16:54.687 rollout_manager] rollout_server.py:56 - Engine group 'regular' gpu_offset=0 (abs=0): needs_offload=True
[36m(RolloutManager pid=60685)[0m [2026-08-06 06:16:54.720 rollout_manager] server_engine.py:56 - mark_allocated start old=
[36m(RolloutManager pid=60685)[0m [2026-08-06 06:16:54.720 rollout_manager] server_engine.py:59 - mark_allocated end new=actor_handle=Actor(SGLangEngine, 8a5f1dd45b99ba212c2b3b3d02000000)
[36m(RolloutManager pid=60685)[0m Using blocking ray.get inside async actor. This blocks the event loop. Please use `await` on object ref with asyncio.gather if you want to yield execution to the event loop instead.
[36m(pid=60897)[0m Unable to import `torchao` Tensor objects. This may affect loading checkpoints serialized with `torchao`
[36m(pid=60897)[0m /usr/local/lib/python3.12/dist-packages/modelopt/torch/__init__.py:51: UserWarning: transformers 5.12.1 is not tested with current version of modelopt and may cause issues. Please install recommended version with `pip install -U nvidia-modelopt[hf]` if working with HF models.
[36m(pid=60897)[0m   _warnings.warn(
[36m(pid=60897)[0m [ERROR] `cache_position` is part of Qwen3ASRThinkerTextModel.forward's signature, but not documented. Make sure to add it to the docstring of the function in /usr/local/lib/python3.12/dist-packages/megatron/bridge/models/qwen3_asr/hf_qwen3_asr/modeling_qwen3_asr.py.
[36m(pid=60897)[0m [ERROR] `cache_position` is part of Qwen3ASRThinkerForConditionalGeneration.forward's signature, but not documented. Make sure to add it to the docstring of the function in /usr/local/lib/python3.12/dist-packages/megatron/bridge/models/qwen3_asr/hf_qwen3_asr/modeling_qwen3_asr.py.
[36m(RolloutManager pid=60685)[0m [2026-08-06 06:17:08.653 rollout_manager] addr_allocator.py:110 - Ports for engine 0: {'host': '172.25.0.2', 'port': 15000, 'nccl_port': 15001, 'engine_info_bootstrap_port': 15002, 'dist_init_addr': '172.25.0.2:15024'}
[36m(SGLangEngine pid=60897)[0m Failed to load generation config for /root/models/Qwen3.5-4B: /root/models/Qwen3.5-4B does not appear to have a file named generation_config.json. Checkout 'https://huggingface.co//root/models/Qwen3.5-4B/tree/main' for available files.. Proceeding without generation config.
[36m(SGLangEngine pid=60897)[0m [2026-08-06 06:17:19] server_args=ServerArgs(model_path='/root/models/Qwen3.5-4B', tokenizer_path='/root/models/Qwen3.5-4B', tokenizer_mode='auto', tokenizer_backend='huggingface', tokenizer_worker_num=1, detokenizer_worker_num=1, skip_tokenizer_init=False, load_format='auto', model_loader_extra_config='{}', trust_remote_code=True, context_length=None, is_embedding=False, enable_multimodal=None, revision=None, model_impl='auto', model_config_parser='auto', json_model_override_args='{}', dtype='auto', quantization=None, quantization_param_path=None, kv_cache_dtype='auto', enable_fp32_lm_head=False, modelopt_quant=None, modelopt_checkpoint_restore_path=None, modelopt_checkpoint_save_path=None, modelopt_export_path=None, quantize_and_serve=False, rl_quant_profile=None, enable_tf32_matmul=False, mem_fraction_static=0.4, max_running_requests=None, max_queued_requests=None, max_total_tokens=None, chunked_prefill_size=8192, enable_dynamic_chunking=False, max_prefill_tokens=16384, prefill_max_requests=None, schedule_policy='fcfs', enable_priority_scheduling=False, disable_priority_preemption=False, default_priority_value=None, abort_on_priority_when_disabled=False, schedule_low_priority_values_first=False, priority_scheduling_preemption_threshold=10, retraction_policy='length', schedule_conservativeness=1.0, page_size=1, swa_full_tokens_ratio=0.8, disable_hybrid_swa_memory=False, radix_eviction_policy='lru', prefill_only_disable_kv_cache=False, disable_radix_cache=False, enable_page_major_kv_layout=False, enable_unified_memory=False, disable_chunked_prefix_cache=False, disable_overlap_schedule=False, num_continuous_decode_steps=1, scheduler_recv_interval=1, enable_mixed_chunk=False, nccl_port=15001, dist_timeout=None, dist_init_addr='172.25.0.2:15024', nnodes=1, node_rank=0, tp_size=1, dcp_size=1, pp_size=1, pp_max_micro_batch_size=None, pp_async_batch_depth=0, dp_size=1, load_balance_method='round_robin', attn_cp_size=1, moe_dp_size=1, enable_prefill_cp=False, cp_strategy=None, enable_dsa_cache_layer_split=False, enable_dsa_prefill_context_parallel=False, dsa_prefill_cp_mode='round-robin-split', enable_prefill_context_parallel=False, prefill_cp_mode='in-seq-split', enable_dp_attention=False, enable_dp_attention_local_control_broadcast=False, enable_dp_lm_head=False, enable_attn_tp_input_scattered=False, disable_attn_tp_gather=False, enable_p2p_check=False, device='cuda', base_gpu_id=0, gpu_id_step=1, random_seed=1234, watchdog_timeout=300, soft_watchdog_timeout=None, sleep_on_idle=False, use_ray=False, custom_sigquit_handler=None, numa_node=None, gc_threshold=None, host='172.25.0.2', port=15000, fastapi_root_path='', smg_grpc_mode=False, grpc_mode=False, grpc_port=None, sidecar=None, sidecar_args=None, skip_server_warmup=True, warmups=None, enable_http2=False, ssl_keyfile=None, ssl_certfile=None, ssl_ca_certs=None, ssl_keyfile_password=None, enable_ssl_refresh=False, api_key=None, admin_api_key=None, served_model_name='/root/models/Qwen3.5-4B', weight_version='default', chat_template=None, hf_chat_template_name=None, completion_template=None, file_storage_path='sglang_storage', enable_cache_report=False, reasoning_parser=None, default_chat_template_kwargs=None, strip_thinking_cache=False, enable_strict_thinking=False, tool_call_parser=None, tool_server=None, sampling_defaults='model', asr_max_buffer_seconds=60, asr_max_concurrent_sessions=32, preferred_sampling_params=None, allow_auto_truncate=False, stream_interval=1, batch_notify_size=16, stream_response_default_include_usage=False, incremental_streaming_output=False, enable_streaming_session=False, enable_session_radix_cache=False, log_level='info', log_level_http=None, log_requests=False, log_requests_level=2, log_requests_format='text', log_requests_target=None, uvicorn_access_log_exclude_prefixes=[], crash_dump_folder=None, show_time_cost=False, enable_metrics=True, smg_http_sidecar_port=None, enable_mfu_metrics=False, enable_metrics_for_all_schedulers=False, load_snapshot_publish_interval=15, tokenizer_metrics_custom_labels_header='x-custom-labels', tokenizer_metrics_allowed_custom_labels=None, extra_metric_labels=None, bucket_time_to_first_token=None, bucket_inter_token_latency=None, bucket_e2e_request_latency=None, prompt_tokens_buckets=None, generation_tokens_buckets=None, gc_warning_threshold_secs=0.0, decode_log_interval=40, enable_request_time_stats_logging=False, kv_events_config=None, enable_forward_pass_metrics=False, forward_pass_metrics_worker_id='', forward_pass_metrics_ipc_name=None, enable_trace=False, trace_modules='request', otlp_traces_endpoint='localhost:4317', export_metrics_to_file=False, export_metrics_to_file_dir=None, stat_loggers=None, constrained_json_whitespace_pattern=None, constrained_json_disable_any_whitespace=False, attention_backend='fa3', decode_attention_backend=None, prefill_attention_backend=None, sampling_backend='flashinfer', grammar_backend='xgrammar', radix_cache_backend=None, mm_attention_backend=None, fp8_gemm_runner_backend='auto', fp4_gemm_runner_backend='auto', bf16_gemm_backend='auto', dsa_prefill_backend=None, dsa_decode_backend=None, dsa_paged_mqa_logits_backend='auto', dsa_topk_backend='sgl-kernel', disable_flashinfer_autotune=False, mamba_backend='triton', cuda_graph_config=CudaGraphConfig(decode=PhaseConfig(backend='full', max_bs=256, bs=[1, 2, 4, 8, 12, 16, 24, 32, 40, 48, 56, 64, 72, 80, 88, 96, 104, 112, 120, 128, 136, 144, 152, 160, 168, 176, 184, 192, 200, 208, 216, 224, 232, 240, 248, 256], tc_compiler='eager', full_prefill_max_req=None), prefill=PhaseConfig(backend='disabled', max_bs=8192, bs=[4, 8, 12, 16, 20, 24, 28, 32, 48, 64, 80, 96, 112, 128, 144, 160, 176, 192, 208, 224, 240, 256, 288, 320, 352, 384, 416, 448, 480, 512, 576, 640, 704, 768, 832, 896, 960, 1024, 1280, 1536, 1792, 2048, 2304, 2560, 2816, 3072, 3328, 3584, 3840, 4096, 4608, 5120, 5632, 6144, 6656, 7168, 7680, 8192], tc_compiler='eager', full_prefill_max_req=None)), cuda_graph_backend_decode=None, cuda_graph_backend_prefill='disabled', cuda_graph_max_bs_decode=None, cuda_graph_max_bs_prefill=None, cuda_graph_bs_decode=None, cuda_graph_bs_prefill=None, cuda_graph_tc_compiler=None, disable_prefill_cuda_graph=False, disable_decode_cuda_graph=False, disable_cuda_graph=False, disable_draft_cuda_graph=False, disable_cuda_graph_padding=False, enable_profile_cuda_graph=False, enable_cudagraph_gc=False, debug_cuda_graph=False, enable_layerwise_nvtx_marker=False, enable_nccl_nvls=False, enable_symm_mem=False, triton_attention_reduce_in_fp32=False, triton_attention_num_kv_splits=8, triton_attention_split_tile_size=None, flashinfer_mla_disable_ragged=False, enable_fused_qk_norm_rope=False, enable_precise_embedding_interpolation=False, enable_fused_moe_sum_all_reduce=False, enable_deepseek_v4_fp4_indexer=False, disable_custom_all_reduce=False, enable_mscclpp=False, enable_torch_symm_mem=False, enable_scattered_sconv=False, pre_warm_nccl=False, enable_quant_communications=False, enable_flashinfer_allreduce_fusion=False, enforce_disable_flashinfer_allreduce_fusion=False, flashinfer_allreduce_fusion_backend=None, enable_aiter_allreduce_fusion=False, enable_torch_compile=False, enable_torch_compile_debug_mode=False, torch_compile_max_bs=32, torchao_config='', speculative_algorithm=None, speculative_draft_model_path=None, speculative_draft_model_revision=None, speculative_draft_load_format=None, speculative_num_steps=None, speculative_eagle_topk=None, speculative_num_draft_tokens=None, speculative_dflash_block_size=None, speculative_dspark_block_size=None, speculative_dspark_sps_table_path=None, speculative_dspark_confidence_sts_path=None, speculative_dspark_align_verify_tokens_to_graph_tier=False, speculative_accept_threshold_single=1.0, speculative_accept_threshold_acc=1.0, speculative_use_rejection_sampling=False, speculative_token_map=None, speculative_attention_mode='prefill', speculative_draft_attention_backend=None, speculative_draft_window_size=None, speculative_moe_runner_backend='auto', speculative_moe_a2a_backend=None, speculative_draft_model_quantization=None, speculative_skip_dp_mlp_sync=False, enable_multi_layer_eagle=False, speculative_adaptive=False, speculative_adaptive_config=None, decoupled_spec_bind_endpoint=None, decoupled_spec_connect_endpoints=None, decoupled_spec_rank=None, decoupled_spec_role='null', spec_trace_dir=None, speculative_ngram_min_bfs_breadth=1, speculative_ngram_max_bfs_breadth=10, speculative_ngram_match_type='BFS', speculative_ngram_max_trie_depth=18, speculative_ngram_capacity=10000000, speculative_ngram_external_corpus_path=None, speculative_ngram_external_sam_budget=0, speculative_ngram_external_corpus_max_tokens=10000000, ep_size=1, moe_a2a_backend='none', moe_runner_backend='auto', flashinfer_mxfp4_moe_precision='default', deepep_mode='auto', fuseep_mode=2, deepep_dispatcher_output_dtype='auto', ep_num_redundant_experts=0, ep_dispatch_algorithm=None, init_expert_location='trivial', enable_eplb=False, eplb_algorithm='auto', eplb_rebalance_num_iterations=1000, eplb_rebalance_layers_per_chunk=None, eplb_min_rebalancing_utilization_threshold=1.0, expert_distribution_recorder_mode=None, expert_distribution_recorder_buffer_size=1000, enable_expert_distribution_metrics=False, deepep_config=None, moe_dense_tp_size=None, elastic_ep_backend=None, enable_elastic_expert_backup=False, mooncake_ib_device=None, enable_waterfill=False, ep_join_mode=None, ep_join_rank_offset=0, elastic_ep_initial_size=None, max_ep_size=None, elastic_ep_scale_timeout=600, elastic_ep_rejoin=False, disable_flashinfer_cutlass_moe_fp4_allgather=False, disable_shared_experts_fusion=False, enforce_shared_experts_fusion=False, max_mamba_cache_size=None, mamba_ssm_dtype=None, enable_mamba_cache_stochastic_rounding=False, mamba_cache_philox_rounds=0, mamba_full_memory_ratio=0.9, mamba_radix_cache_strategy='extra_buffer', uses_mamba_radix_cache=True, mamba_track_interval=256, enable_int8_mamba_checkpoint=False, int8_mamba_ckpt_size=None, linear_attn_backend='triton', linear_attn_decode_backend=None, linear_attn_prefill_backend=None, enable_linear_replayssm=False, linear_replayssm_cache_len=16, enable_gdn_replayssm_spec=False, enable_hierarchical_cache=False, hicache_ratio=2.0, hicache_size=0, hicache_write_policy='write_through', hicache_io_backend='kernel', hicache_mem_layout='page_first', hicache_storage_backend=None, hicache_storage_prefetch_policy='timeout', hicache_storage_backend_extra_config=None, enable_hisparse=False, hisparse_config=None, enable_broadcast_mm_inputs_process=False, enable_prefix_mm_cache=False, mm_enable_dp_encoder=False, mm_process_config={}, limit_mm_data_per_request=None, enable_mm_global_cache=False, disable_fast_image_processor=False, mm_feature_transport='cpu', keep_mm_feature_on_device=False, enable_lora=None, enable_lora_overlap_loading=None, max_lora_rank=None, lora_target_modules=None, lora_paths=None, max_loaded_loras=None, max_loras_per_batch=8, lora_eviction_policy='lru', lora_backend='csgmv', max_lora_chunk_size=16, experts_shared_outer_loras=None, lora_use_virtual_experts=True, lora_strict_loading=False, lora_drain_wait_threshold=0.0, enable_two_batch_overlap=False, enable_single_batch_overlap=False, tbo_token_distribution_threshold=0.48, cpu_offload_gb=0, offload_group_size=-1, offload_num_in_group=1, offload_prefetch_step=1, offload_mode='cpu', enable_lmcache=False, lmcache_config_file=None, enable_flexkv=False, flexkv_config_file=None, kt_weight_path=None, kt_method='AMXINT4', kt_cpuinfer=None, kt_threadpool_count=2, kt_num_gpu_experts=None, kt_max_deferred_experts_per_token=None, dllm_algorithm=None, dllm_algorithm_config=None, dllm_fdfo=True, disaggregation_mode='null', disaggregation_transfer_backend='mooncake', disaggregation_bootstrap_port=8998, disaggregation_ib_device=None, disaggregation_decode_enable_radix_cache=False, disaggregation_decode_enable_offload_kvcache=False, num_reserved_decode_tokens=512, disaggregation_decode_extra_slots=None, disaggregation_decode_polling_interval=1, optimistic_prefill_attempts=0, encoder_only=False, language_only=False, encoder_transfer_backend='zmq_to_scheduler', encoder_urls=[], encoder_bootstrap_port=8997, encoder_register_urls=[], enable_adaptive_dispatch_to_encoder=False, enable_pdmux=False, pdmux_config_path=None, sm_group_num=8, custom_weight_loader=[], custom_pull_weights_pre_read_hook=None, weight_loader_disable_mmap=False, weight_loader_prefetch_checkpoints=False, weight_loader_prefetch_num_threads=4, weight_loader_drop_cache_after_load=False, remote_instance_weight_loader_seed_instance_ip=None, remote_instance_weight_loader_seed_instance_service_port=None, remote_instance_weight_loader_send_weights_group_ports=None, remote_instance_weight_loader_backend='nccl', remote_instance_weight_loader_start_seed_via_transfer_engine=False, engine_info_bootstrap_port=15002, modelexpress_config=None, download_dir=None, model_checksum=None, delete_ckpt_after_loading=False, decrypted_config_file=None, decrypted_draft_config_file=None, checkpoint_engine_wait_weights_before_ready=False, enable_prefill_delayer=False, prefill_delayer_max_delay_passes=30, prefill_delayer_token_usage_low_watermark=None, prefill_delayer_forward_passes_buckets=None, prefill_delayer_wait_seconds_buckets=None, prefill_delayer_queue_min_ratio=None, prefill_delayer_max_delay_ms=None, min_free_slots_delay=None, enable_deterministic_inference=False, enable_prefill_only_deterministic_inference=False, true_on_policy_contract=None, rl_on_policy_target=None, kv_canary='none', kv_canary_real_data='none', kv_canary_sweep_interval=0, enable_dynamic_batch_tokenizer=False, dynamic_batch_tokenizer_batch_size=32, dynamic_batch_tokenizer_batch_timeout=0.002, enable_tokenizer_batch_encode=False, disable_tokenizer_batch_decode=False, debug_tensor_dump_output_folder=None, debug_tensor_dump_layers=None, debug_tensor_dump_input_file=None, enable_memory_saver=True, enable_weights_cpu_backup=False, enable_draft_weights_cpu_backup=True, enable_custom_logit_processor=False, enable_return_hidden_states=False, enable_return_routed_experts=False, enable_return_indexer_topk=False, disable_outlines_disk_cache=False, enable_mis=False, forward_hooks=None, msprobe_dump_config=None)
[36m(SGLangEngine pid=60897)[0m [2026-08-06 06:17:19] User lacks permission to set NUMA affinity, skipping NUMA node configuration for GPU. If using docker, try adding --cap-add SYS_NICE to your docker run command.
[36m(SGLangEngine pid=60897)[0m [2026-08-06 06:17:19] Failed to load generation config for /root/models/Qwen3.5-4B: /root/models/Qwen3.5-4B does not appear to have a file named generation_config.json. Checkout 'https://huggingface.co//root/models/Qwen3.5-4B/tree/main' for available files.. Proceeding without generation config.
[36m(SGLangEngine pid=60897)[0m [2026-08-06 06:17:19] Detected Megatron Core, using Megatron-FSDP with Megatron.
[36m(SGLangEngine pid=60897)[0m [2026-08-06 06:17:19] Detected Megatron Core, using Megatron-FSDP with Megatron.
[36m(SGLangEngine pid=60897)[0m [transformers] The `use_fast` parameter is deprecated and will be removed in a future version. Use `backend="torchvision"` instead of `use_fast=True`, or `backend="pil"` instead of `use_fast=False`.
[36m(SGLangEngine pid=60897)[0m [2026-08-06 06:17:23] Using default HuggingFace chat template with detected content format: openai
[36m(SGLangEngine pid=60897)[0m [2026-08-06 06:17:23] Auto-detected template features: reasoning_config=ReasoningToggleConfig(toggle_param='enable_thinking', default_enabled=True, special_case=None, effort_kwarg=None), reasoning_parser=qwen3, tool_call_parser=qwen3_coder
[36m(SGLangEngine pid=60897)[0m <frozen importlib._bootstrap_external>:1297: FutureWarning: The cuda.cudart module is deprecated and will be removed in a future release, please switch to use the cuda.bindings.runtime module instead.
[36m(SGLangEngine pid=60897)[0m <frozen importlib._bootstrap_external>:1297: FutureWarning: The cuda.nvrtc module is deprecated and will be removed in a future release, please switch to use the cuda.bindings.nvrtc module instead.
[36m(SGLangEngine pid=60897)[0m [2026-08-06 06:17:27] Failed to load generation config for /root/models/Qwen3.5-4B: /root/models/Qwen3.5-4B does not appear to have a file named generation_config.json. Checkout 'https://huggingface.co//root/models/Qwen3.5-4B/tree/main' for available files.. Proceeding without generation config.
[36m(SGLangEngine pid=60897)[0m [transformers] The `use_fast` parameter is deprecated and will be removed in a future version. Use `backend="torchvision"` instead of `use_fast=True`, or `backend="pil"` instead of `use_fast=False`.
[36m(SGLangEngine pid=60897)[0m [2026-08-06 06:17:29] Detected Megatron Core, using Megatron-FSDP with Megatron.
[36m(SGLangEngine pid=60897)[0m [2026-08-06 06:17:29] Detected Megatron Core, using Megatron-FSDP with Megatron.
[36m(SGLangEngine pid=60897)[0m [2026-08-06 06:17:31] Init torch distributed begin.
[36m(SGLangEngine pid=60897)[0m [2026-08-06 06:17:31] Init torch distributed ends. elapsed=0.28 s, mem usage=0.09 GB
[36m(SGLangEngine pid=60897)[0m [2026-08-06 06:17:31] Load weight begin. avail mem=139.11 GB
[36m(SGLangEngine pid=60897)[0m [2026-08-06 06:17:32] Multimodal attention backend not set. Use fa3.
[36m(SGLangEngine pid=60897)[0m [2026-08-06 06:17:32] Using fa3 as multimodal attention backend.
[36m(SGLangEngine pid=60897)[0m [2026-08-06 06:17:32] using attn output gate!
[36m(SGLangEngine pid=60897)[0m 
Multi-thread loading shards:   0% Completed | 0/2 [00:00<?, ?it/s]
[36m(SGLangEngine pid=60897)[0m 
Multi-thread loading shards:  50% Completed | 1/2 [00:00<00:00,  1.07it/s]
[36m(SGLangEngine pid=60897)[0m 
Multi-thread loading shards: 100% Completed | 2/2 [00:01<00:00,  1.30it/s]
Multi-thread loading shards: 100% Completed | 2/2 [00:01<00:00,  1.26it/s]
[36m(SGLangEngine pid=60897)[0m [2026-08-06 06:17:33] Load weight end. elapsed=1.78 s, type=Qwen3_5ForConditionalGeneration, avail mem=130.48 GB, mem usage=8.62 GB.
[36m(SGLangEngine pid=60897)[0m [2026-08-06 06:17:34] Mamba Cache is allocated. max_mamba_cache_size: 462, conv_state size: 0.51GB, ssm_state size: 21.70GB 
[36m(SGLangEngine pid=60897)[0m [2026-08-06 06:17:34] KV Cache is allocated. dtype: torch.bfloat16, #tokens: 809316, K size: 12.35 GB, V size: 12.35 GB
[36m(SGLangEngine pid=60897)[0m [2026-08-06 06:17:34] Memory pool end. avail mem=83.34 GB
[36m(SGLangEngine pid=60897)[0m [2026-08-06 06:17:34] Linear attention kernel backend: decode=triton, prefill=triton
[36m(SGLangEngine pid=60897)[0m [2026-08-06 06:17:34] Using hybrid linear attention backend for hybrid GDN models.
[36m(SGLangEngine pid=60897)[0m [2026-08-06 06:17:34] GDN kernel dispatcher: decode=TritonGDNKernel, extend=TritonGDNKernel, verify=TritonGDNKernel packed_decode=True
[36m(SGLangEngine pid=60897)[0m [2026-08-06 06:17:34] Disable prefill CUDA graph because cuda_graph_config resolved prefill.backend='disabled' (e.g. via --cuda-graph-backend-prefill=disabled or auto-disable rules).
[36m(SGLangEngine pid=60897)[0m [2026-08-06 06:17:34] Capture target decode CUDA graph begin. backend=full, num_tokens_per_req=1, bs=[1, 2, 4, 8, 12, 16, 24, 32, 40, 48, 56, 64, 72, 80, 88, 92], avail mem=83.21 GB
[36m(SGLangEngine pid=60897)[0m 
  0%|          | 0/16 [00:00<?, ?it/s]
Capturing batches (bs=92 avail_mem=83.03 GB):   0%|          | 0/16 [00:00<?, ?it/s]
[36m(SGLangEngine pid=60897)[0m 
Capturing batches (bs=92 avail_mem=83.03 GB):   6%|▋         | 1/16 [00:01<00:22,  1.49s/it]
Capturing batches (bs=88 avail_mem=82.89 GB):   6%|▋         | 1/16 [00:01<00:22,  1.49s/it]
[36m(SGLangEngine pid=60897)[0m 
Capturing batches (bs=80 avail_mem=82.89 GB):   6%|▋         | 1/16 [00:01<00:22,  1.49s/it]
[36m(SGLangEngine pid=60897)[0m 
Capturing batches (bs=80 avail_mem=82.89 GB):  19%|█▉        | 3/16 [00:01<00:06,  2.02it/s]
Capturing batches (bs=72 avail_mem=82.88 GB):  19%|█▉        | 3/16 [00:01<00:06,  2.02it/s]
[36m(SGLangEngine pid=60897)[0m 
Capturing batches (bs=72 avail_mem=82.88 GB):  25%|██▌       | 4/16 [00:01<00:04,  2.52it/s]
Capturing batches (bs=64 avail_mem=82.88 GB):  25%|██▌       | 4/16 [00:01<00:04,  2.52it/s]
[36m(SGLangEngine pid=60897)[0m 
Capturing batches (bs=56 avail_mem=82.87 GB):  25%|██▌       | 4/16 [00:02<00:04,  2.52it/s]
[36m(SGLangEngine pid=60897)[0m 
Capturing batches (bs=56 avail_mem=82.87 GB):  38%|███▊      | 6/16 [00:02<00:02,  4.18it/s]
Capturing batches (bs=48 avail_mem=82.86 GB):  38%|███▊      | 6/16 [00:02<00:02,  4.18it/s]
[36m(SGLangEngine pid=60897)[0m 
Capturing batches (bs=40 avail_mem=82.86 GB):  38%|███▊      | 6/16 [00:02<00:02,  4.18it/s]
[36m(SGLangEngine pid=60897)[0m 
Capturing batches (bs=40 avail_mem=82.86 GB):  50%|█████     | 8/16 [00:02<00:01,  5.84it/s]
Capturing batches (bs=32 avail_mem=82.85 GB):  50%|█████     | 8/16 [00:02<00:01,  5.84it/s]
[36m(SGLangEngine pid=60897)[0m 
Capturing batches (bs=24 avail_mem=82.85 GB):  50%|█████     | 8/16 [00:02<00:01,  5.84it/s]
[36m(SGLangEngine pid=60897)[0m 
Capturing batches (bs=24 avail_mem=82.85 GB):  62%|██████▎   | 10/16 [00:02<00:00,  7.38it/s]
Capturing batches (bs=16 avail_mem=82.84 GB):  62%|██████▎   | 10/16 [00:02<00:00,  7.38it/s]
[36m(SGLangEngine pid=60897)[0m 
Capturing batches (bs=12 avail_mem=82.84 GB):  62%|██████▎   | 10/16 [00:02<00:00,  7.38it/s]
[36m(SGLangEngine pid=60897)[0m 
Capturing batches (bs=12 avail_mem=82.84 GB):  75%|███████▌  | 12/16 [00:02<00:00,  8.28it/s]
Capturing batches (bs=8 avail_mem=82.84 GB):  75%|███████▌  | 12/16 [00:02<00:00,  8.28it/s] 
[36m(SGLangEngine pid=60897)[0m 
Capturing batches (bs=4 avail_mem=82.83 GB):  75%|███████▌  | 12/16 [00:02<00:00,  8.28it/s]
Capturing batches (bs=4 avail_mem=82.83 GB):  88%|████████▊ | 14/16 [00:02<00:00,  9.53it/s]
Capturing batches (bs=2 avail_mem=82.83 GB):  88%|████████▊ | 14/16 [00:02<00:00,  9.53it/s]
[36m(SGLangEngine pid=60897)[0m 
Capturing batches (bs=1 avail_mem=82.82 GB):  88%|████████▊ | 14/16 [00:02<00:00,  9.53it/s]
[36m(SGLangEngine pid=60897)[0m 
Capturing batches (bs=1 avail_mem=82.82 GB): 100%|██████████| 16/16 [00:03<00:00,  8.73it/s]
Capturing batches (bs=1 avail_mem=82.82 GB): 100%|██████████| 16/16 [00:03<00:00,  5.23it/s]
[36m(SGLangEngine pid=60897)[0m [2026-08-06 06:17:38] Capture target decode CUDA graph end. elapsed=3.67 s, mem usage=0.39 GB, avail mem=82.82 GB.
[36m(SGLangEngine pid=60897)[0m [2026-08-06 06:17:38] max_total_num_tokens=809316, chunked_prefill_size=8192, max_prefill_tokens=16384, max_running_requests=92, context_len=262144, available_gpu_mem=82.82 GB
[36m(SGLangEngine pid=60897)[0m [2026-08-06 06:17:38] Init Unified RadixTree with components (<ComponentType.FULL: 0>, <ComponentType.MAMBA: 2>)
[36m(SGLangEngine pid=60897)[0m [2026-08-06 06:17:38] Tree cache initialized: source=default impl=UnifiedRadixCache hybrid_swa=False hybrid_ssm=True hierarchical=False streaming_wrapped=False
[36m(SGLangEngine pid=60897)[0m [2026-08-06 06:17:38] INFO:     Started server process [61033]
[36m(SGLangEngine pid=60897)[0m [2026-08-06 06:17:38] INFO:     Waiting for application startup.
[36m(SGLangEngine pid=60897)[0m [2026-08-06 06:17:39] The server is fired up and ready to roll!
[36m(SGLangEngine pid=60897)[0m [2026-08-06 06:17:39] INFO:     Application startup complete.
[36m(SGLangEngine pid=60897)[0m [2026-08-06 06:17:39] INFO:     Uvicorn running on http://172.25.0.2:15000 (Press CTRL+C to quit)
[36m(SGLangEngine pid=60897)[0m [2026-08-06 06:17:40] Prefill batch, #new-seq: 1, #new-token: 1, #cached-token: 0, full token usage: 0.00, mamba usage: 0.00, #running-req: 0, #queue-req: 0, #pending-token: 0, cuda graph: False, input throughput (token/s): 0.40
[36m(RolloutManager pid=60685)[0m [2026-08-06 06:17:41.305 rollout_manager] server_engine.py:56 - mark_alive start old=actor_handle=Actor(SGLangEngine, 8a5f1dd45b99ba212c2b3b3d02000000)
[36m(RolloutManager pid=60685)[0m [2026-08-06 06:17:41.305 rollout_manager] server_engine.py:59 - mark_alive end new=actor_handle=Actor(SGLangEngine, 8a5f1dd45b99ba212c2b3b3d02000000)
[36m(SGLangEngine pid=60897)[0m [2026-08-06 06:17:41] INFO:     172.25.0.2:45676 - "GET /health_generate HTTP/1.1" 200 OK
[36m(SGLangEngine pid=60897)[0m [2026-08-06 06:17:41] INFO:     172.25.0.2:45676 - "GET /flush_cache HTTP/1.1" 200 OK
[36m(SGLangEngine pid=60897)[0m [2026-08-06 06:17:41] INFO:     172.25.0.2:44756 - "PRI %2A HTTP/2.0" 404 Not Found
[36m(SGLangEngine pid=60897)[0m [2026-08-06 06:17:41] INFO:     172.25.0.2:44746 - "GET /health HTTP/1.1" 200 OK
[36m(SGLangEngine pid=60897)[0m [2026-08-06 06:17:41] INFO:     172.25.0.2:44766 - "PRI %2A HTTP/2.0" 404 Not Found
[36m(SGLangEngine pid=60897)[0m [2026-08-06 06:17:41] INFO:     172.25.0.2:44780 - "GET /server_info HTTP/1.1" 200 OK
[36m(SGLangEngine pid=60897)[0m [2026-08-06 06:17:41] INFO:     172.25.0.2:44780 - "GET /model_info HTTP/1.1" 200 OK
[36m(SGLangEngine pid=60897)[0m [2026-08-06 06:17:41] INFO:     172.25.0.2:44782 - "GET /flush_cache HTTP/1.1" 200 OK
[36m(SGLangEngine pid=60897)[0m [2026-08-06 06:17:41] Reset HybridReqToTokenPool
[36m(SGLangEngine pid=60897)[0m [2026-08-06 06:17:41] Cache flushed successfully!
[36m(SGLangEngine pid=60897)[0m [2026-08-06 06:17:41] WARNING:  Invalid HTTP request received.
[36m(SGLangEngine pid=60897)[0m [2026-08-06 06:17:41] WARNING:  Invalid HTTP request received.
[36m(SGLangEngine pid=60897)[0m [2026-08-06 06:17:41] Reset HybridReqToTokenPool
[36m(SGLangEngine pid=60897)[0m [2026-08-06 06:17:41] Cache flushed successfully!
[36m(SGLangEngine pid=60897)[0m [2026-08-06 06:17:41] Reset HybridReqToTokenPool
[36m(SGLangEngine pid=60897)[0m [2026-08-06 06:17:41] Cache flushed successfully!
[36m(SGLangEngine pid=60897)[0m [2026-08-06 06:17:41] INFO:     172.25.0.2:44798 - "POST /release_memory_occupation HTTP/1.1" 200 OK
[36m(pid=61275)[0m Unable to import `torchao` Tensor objects. This may affect loading checkpoints serialized with `torchao`
[36m(pid=61275)[0m /usr/local/lib/python3.12/dist-packages/modelopt/torch/__init__.py:51: UserWarning: transformers 5.12.1 is not tested with current version of modelopt and may cause issues. Please install recommended version with `pip install -U nvidia-modelopt[hf]` if working with HF models.
[36m(pid=61275)[0m   _warnings.warn(
[36m(pid=61273)[0m [ERROR] `cache_position` is part of Qwen3ASRThinkerTextModel.forward's signature, but not documented. Make sure to add it to the docstring of the function in /usr/local/lib/python3.12/dist-packages/megatron/bridge/models/qwen3_asr/hf_qwen3_asr/modeling_qwen3_asr.py.
[36m(pid=61273)[0m [ERROR] `cache_position` is part of Qwen3ASRThinkerForConditionalGeneration.forward's signature, but not documented. Make sure to add it to the docstring of the function in /usr/local/lib/python3.12/dist-packages/megatron/bridge/models/qwen3_asr/hf_qwen3_asr/modeling_qwen3_asr.py.
[36m(SGLangEngine pid=60897)[0m [2026-08-06 06:17:54] INFO:     172.25.0.2:35470 - "GET /health HTTP/1.1" 200 OK
[36m(pid=61275)[0m LANG_RL Log directory: None
[36m(pid=61275)[0m <frozen importlib._bootstrap_external>:1297: FutureWarning: The cuda.cudart module is deprecated and will be removed in a future release, please switch to use the cuda.bindings.runtime module instead.
[36m(pid=61275)[0m <frozen importlib._bootstrap_external>:1297: FutureWarning: The cuda.nvrtc module is deprecated and will be removed in a future release, please switch to use the cuda.bindings.nvrtc module instead.
[36m(MegatronTrainRayActor pid=61275)[0m [2026-08-06 06:17:55.452 actor_cell0_rank0] structured_log.py:23 - ft cls=MegatronTrainRayActor fn=init phase=start
[36m(MegatronTrainRayActor pid=61275)[0m [2026-08-06 06:17:55.452 actor_cell0_rank0] reloadable_process_group.py:21 - Applying monkey patch to torch.distributed
[36m(MegatronTrainRayActor pid=61275)[0m > building HuggingFaceTokenizer tokenizer ...
[36m(MegatronTrainRayActor pid=61275)[0m [2026-08-06 06:17:55.672 actor_cell0_rank0] train_actor.py:132 - Set NUMA affinity for GPU 0
[36m(MegatronTrainRayActor pid=61275)[0m [2026-08-06 06:17:55.676 actor_cell0_rank0] initialize.py:95 - > setting random seeds to 1234 ...
[36m(MegatronTrainRayActor pid=61275)[0m [2026-08-06 06:17:55.686 actor_cell0_rank0] _rank_utils.py:43 - You're using the legacy tokenizer system, which is deprecated and will be removed in a future release. Please migrate to the new tokenizer system (`megatron.core.tokenizers.MegatronTokenizer`).
[36m(MegatronTrainRayActor pid=61275)[0m [2026-08-06 06:17:56.309 actor_cell0_rank0] miles_init.py:32 - RMCT: replaced compute_advantages_and_returns with slime_port.rmct_advantage.compute_advantages
[36m(pid=61273)[0m Unable to import `torchao` Tensor objects. This may affect loading checkpoints serialized with `torchao`
[36m(MegatronTrainRayActor pid=61275)[0m [2026-08-06 06:17:57.158 actor_cell0_rank0] actor.py:164 - Set torch_memory_saver.memory_margin_bytes to 1073741824
[36m(MegatronTrainRayActor pid=61275)[0m  > number of parameters on (tensor, pipeline) model parallel rank (0, 0): 4205751296
[36m(pid=61275)[0m [ERROR] `cache_position` is part of Qwen3ASRThinkerForConditionalGeneration.forward's signature, but not documented. Make sure to add it to the docstring of the function in /usr/local/lib/python3.12/dist-packages/megatron/bridge/models/qwen3_asr/hf_qwen3_asr/modeling_qwen3_asr.py.[32m [repeated 2x across cluster] (Ray deduplicates logs by default. Set RAY_DEDUP_LOGS=0 to disable log deduplication, or see https://docs.ray.io/en/master/ray-observability/user-guides/configure-logging.html#log-deduplication for more options.)[0m
[36m(MegatronTrainRayActor pid=61275)[0m [2026-08-06 06:18:02.669 actor_cell0_rank0] fp32_param_utils.py:51 - Enforced marked parameter dtypes for 24 tensors.
[36m(pid=61273)[0m /usr/local/lib/python3.12/dist-packages/modelopt/torch/__init__.py:51: UserWarning: transformers 5.12.1 is not tested with current version of modelopt and may cause issues. Please install recommended version with `pip install -U nvidia-modelopt[hf]` if working with HF models.
[36m(pid=61273)[0m   _warnings.warn(
[36m(MegatronTrainRayActor pid=61275)[0m sharded_state_dict metadata loaded from the checkpoint: {'distrib_optim_sharding_type': 'dp_reshardable', 'singleton_local_shards': False, 'chained_optim_avoid_prefix': True}
[36m(MegatronTrainRayActor pid=61275)[0m  loading release distributed checkpoint from /root/models/Qwen3.5-4B_torch_dist
[36m(MegatronTrainRayActor pid=61275)[0m [2026-08-06 06:18:03.457 actor_cell0_rank0] utils.py:972 - make_tp_sharded_tensor_for_checkpoint received extra kwargs: ['allow_shape_mismatch']
[36m(MegatronTrainRayActor pid=61275)[0m /root/Megatron-LM/megatron/core/dist_checkpointing/strategies/torch.py:805: FutureWarning: `load_state_dict` is deprecated and will be removed in future versions. Please use `load` instead.
[36m(MegatronTrainRayActor pid=61275)[0m   checkpoint.load_state_dict(
[36m(MegatronTrainRayActor pid=61275)[0m  checkpoint version 3.0
[36m(MegatronTrainRayActor pid=61275)[0m   successfully loaded checkpoint from /root/models/Qwen3.5-4B_torch_dist [ t 1/1, p 1/1 ] at iteration 0
[36m(MegatronTrainRayActor pid=61275)[0m /usr/local/lib/python3.12/dist-packages/torch/distributed/c10d_logger.py:83: UserWarning: barrier(): using the device under current context. You can specify `device_id` in `init_process_group` to mute this warning.
[36m(MegatronTrainRayActor pid=61275)[0m   return func(*args, **kwargs)
[36m(MegatronTrainRayActor pid=61275)[0m sharded_state_dict metadata loaded from the checkpoint: {'distrib_optim_sharding_type': 'dp_reshardable', 'singleton_local_shards': False, 'chained_optim_avoid_prefix': True}
[36m(MegatronTrainRayActor pid=61275)[0m  loading release distributed checkpoint from /root/models/Qwen3.5-4B_torch_dist
[36m(MegatronTrainRayActor pid=61275)[0m [2026-08-06 06:18:12.459 actor_cell0_rank0] structured_log.py:23 - ft cls=MegatronTrainRayActor fn=load_other_checkpoint phase=start
[36m(MegatronTrainRayActor pid=61275)[0m [2026-08-06 06:18:12.461 actor_cell0_rank0] utils.py:972 - make_tp_sharded_tensor_for_checkpoint received extra kwargs: ['allow_shape_mismatch']
[36m(MegatronTrainRayActor pid=61275)[0m could not find arguments in the checkpoint ...
[36m(MegatronTrainRayActor pid=61275)[0m  checkpoint version 3.0
[36m(MegatronTrainRayActor pid=61275)[0m   successfully loaded checkpoint from /root/models/Qwen3.5-4B_torch_dist [ t 1/1, p 1/1 ] at iteration 0
[36m(MegatronTrainRayActor pid=61275)[0m [2026-08-06 06:18:20.983 actor_cell0_rank0] structured_log.py:27 - ft cls=MegatronTrainRayActor fn=load_other_checkpoint phase=end ok=true elapsed_s=8.5
[36m(MegatronTrainRayActor pid=61275)[0m [2026-08-06 06:18:21.536 actor_cell0_rank0] structured_log.py:23 - ft cls=MegatronTrainRayActor fn=sleep phase=start
[36m(MegatronTrainRayActor pid=61275)[0m [2026-08-06 06:18:21.536 actor_cell0_rank0] timer.py:31 - Timer sleep start
[36m(MegatronTrainRayActor pid=61275)[0m [2026-08-06 06:18:21.773 actor_cell0_rank0] memory_utils.py:41 - [Rank 0] Memory-Usage before offload model: {'gpu': '0', 'total_GB': 139.81, 'free_GB': 97.84, 'used_GB': 41.97, 'allocated_GB': 39.17, 'reserved_GB': 39.23}
[36m(MegatronTrainRayActor pid=61275)[0m [2026-08-06 06:18:27.927 actor_cell0_rank0] memory_utils.py:41 - [Rank 0] Memory-Usage after offload model: {'gpu': '0', 'total_GB': 139.81, 'free_GB': 137.04, 'used_GB': 2.77, 'allocated_GB': 39.17, 'reserved_GB': 39.23}
[36m(MegatronTrainRayActor pid=61275)[0m [2026-08-06 06:18:27.927 actor_cell0_rank0] timer.py:42 - Timer sleep end (elapsed: 6.4s)
[36m(MegatronTrainRayActor pid=61275)[0m [2026-08-06 06:18:27.927 actor_cell0_rank0] structured_log.py:27 - ft cls=MegatronTrainRayActor fn=sleep phase=end ok=true elapsed_s=6.4
[36m(MegatronTrainRayActor pid=61275)[0m [2026-08-06 06:18:27.927 actor_cell0_rank0] timer.py:31 - Timer train_wait start
[36m(MegatronTrainRayActor pid=61275)[0m [2026-08-06 06:18:27.927 actor_cell0_rank0] structured_log.py:27 - ft cls=MegatronTrainRayActor fn=init phase=end ok=true elapsed_s=32.5
[36m(RolloutManager pid=60685)[0m [2026-08-06 06:18:27.987 rollout_manager] data_source.py:148 - Checkpoint /root/models/Qwen3.5-4B_torch_dist/rollout/global_dataset_state_dict_-1.pt does not exist.
[36m(SGLangEngine pid=60897)[0m [2026-08-06 06:18:28] INFO:     172.25.0.2:51896 - "POST /resume_memory_occupation HTTP/1.1" 200 OK
[36m(SGLangEngine pid=60897)[0m [2026-08-06 06:18:28] INFO:     172.25.0.2:51900 - "POST /pause_generation HTTP/1.1" 200 OK
[36m(SGLangEngine pid=60897)[0m [2026-08-06 06:18:28] INFO:     172.25.0.2:51910 - "GET /flush_cache HTTP/1.1" 200 OK
[36m(SGLangEngine pid=60897)[0m [2026-08-06 06:18:28] INFO:     172.25.0.2:51924 - "POST /begin_weight_update HTTP/1.1" 200 OK
[36m(SGLangEngine pid=60897)[0m /usr/local/lib/python3.12/dist-packages/fastapi/routing.py:352: FastAPIDeprecationWarning: ORJSONResponse is deprecated, FastAPI now serializes data directly to JSON bytes via Pydantic when a return type or response model is set, which is faster and doesn't need a custom response class. Read more in the FastAPI docs: https://fastapi.tiangolo.com/advanced/custom-response/#orjson-or-response-model and https://fastapi.tiangolo.com/tutorial/response-model/
[36m(SGLangEngine pid=60897)[0m   return await dependant.call(**values)
[36m(SGLangEngine pid=60897)[0m [2026-08-06 06:18:28] Reset HybridReqToTokenPool
[36m(SGLangEngine pid=60897)[0m [2026-08-06 06:18:28] Cache flushed successfully!
[36m(MegatronTrainRayActor pid=61275)[0m [2026-08-06 06:18:28.022 actor_cell0_rank0] structured_log.py:23 - ft cls=MegatronTrainRayActor fn=update_weights phase=start
[36m(MegatronTrainRayActor pid=61275)[0m [2026-08-06 06:18:28.022 actor_cell0_rank0] timer.py:31 - Timer update_weights start
[36m(MegatronTrainRayActor pid=61275)[0m [2026-08-06 06:18:28.022 actor_cell0_rank0] reloadable_process_group.py:151 - Reloading 0 process groups in pid 61275
[36m(MegatronTrainRayActor pid=61275)[0m [2026-08-06 06:18:28.023 actor_cell0_rank0] memory_utils.py:41 - [Rank 0] Memory-Usage before update_weights: {'gpu': '0', 'total_GB': 139.81, 'free_GB': 128.41, 'used_GB': 11.4, 'allocated_GB': 39.17, 'reserved_GB': 39.23}
[36m(MegatronTrainRayActor pid=61275)[0m 
Update weights:   0%|          | 0/16 [00:00<?, ?it/s]
[36m(SGLangEngine pid=60897)[0m [2026-08-06 06:18:28] INFO:     172.25.0.2:51926 - "POST /update_weights_from_tensor HTTP/1.1" 200 OK
[36m(SGLangEngine pid=60897)[0m [2026-08-06 06:18:28] INFO:     172.25.0.2:51928 - "POST /update_weights_from_tensor HTTP/1.1" 200 OK
[36m(SGLangEngine pid=60897)[0m [2026-08-06 06:18:28] INFO:     172.25.0.2:51930 - "POST /update_weights_from_tensor HTTP/1.1" 200 OK
[36m(SGLangEngine pid=60897)[0m [2026-08-06 06:18:28] INFO:     172.25.0.2:51938 - "POST /update_weights_from_tensor HTTP/1.1" 200 OK
[36m(SGLangEngine pid=60897)[0m [2026-08-06 06:18:28] INFO:     172.25.0.2:51940 - "POST /update_weights_from_tensor HTTP/1.1" 200 OK
[36m(SGLangEngine pid=60897)[0m [2026-08-06 06:18:28] INFO:     172.25.0.2:51946 - "POST /update_weights_from_tensor HTTP/1.1" 200 OK
[36m(MegatronTrainRayActor pid=61275)[0m 
Update weights:  38%|███▊      | 6/16 [00:00<00:00, 54.75it/s]
[36m(SGLangEngine pid=60897)[0m [2026-08-06 06:18:28] INFO:     172.25.0.2:51948 - "POST /update_weights_from_tensor HTTP/1.1" 200 OK
[36m(SGLangEngine pid=60897)[0m [2026-08-06 06:18:28] INFO:     172.25.0.2:51954 - "POST /update_weights_from_tensor HTTP/1.1" 200 OK
[36m(SGLangEngine pid=60897)[0m [2026-08-06 06:18:28] INFO:     172.25.0.2:51970 - "POST /update_weights_from_tensor HTTP/1.1" 200 OK
[36m(SGLangEngine pid=60897)[0m [2026-08-06 06:18:28] INFO:     172.25.0.2:51978 - "POST /update_weights_from_tensor HTTP/1.1" 200 OK
[36m(SGLangEngine pid=60897)[0m [2026-08-06 06:18:28] INFO:     172.25.0.2:51992 - "POST /update_weights_from_tensor HTTP/1.1" 200 OK
[36m(SGLangEngine pid=60897)[0m [2026-08-06 06:18:28] INFO:     172.25.0.2:52000 - "POST /update_weights_from_tensor HTTP/1.1" 200 OK
[36m(SGLangEngine pid=60897)[0m [2026-08-06 06:18:28] INFO:     172.25.0.2:52010 - "POST /update_weights_from_tensor HTTP/1.1" 200 OK
[36m(MegatronTrainRayActor pid=61275)[0m 
Update weights:  81%|████████▏ | 13/16 [00:00<00:00, 62.15it/s]
[36m(SGLangEngine pid=60897)[0m [2026-08-06 06:18:28] INFO:     172.25.0.2:52014 - "POST /update_weights_from_tensor HTTP/1.1" 200 OK
[36m(SGLangEngine pid=60897)[0m [2026-08-06 06:18:28] INFO:     172.25.0.2:52020 - "POST /update_weights_from_tensor HTTP/1.1" 200 OK
[36m(SGLangEngine pid=60897)[0m [2026-08-06 06:18:28] INFO:     172.25.0.2:52036 - "POST /update_weights_from_tensor HTTP/1.1" 200 OK
[36m(SGLangEngine pid=60897)[0m [2026-08-06 06:18:28] INFO:     172.25.0.2:52052 - "POST /end_weight_update HTTP/1.1" 200 OK
[36m(SGLangEngine pid=60897)[0m [2026-08-06 06:18:28] INFO:     172.25.0.2:52062 - "POST /continue_generation HTTP/1.1" 200 OK
[36m(SGLangEngine pid=60897)[0m [2026-08-06 06:18:28] INFO:     172.25.0.2:52070 - "POST /resume_memory_occupation HTTP/1.1" 200 OK
[36m(SGLangEngine pid=60897)[0m [2026-08-06 06:18:28] [continue_generation] torch.cuda.empty_cache() called: reserved 57582.0 MB -> 57582.0 MB (freed 0.0 MB)
[36m(MegatronTrainRayActor pid=61275)[0m 
Update weights: 100%|██████████| 16/16 [00:00<00:00, 60.29it/s]
[36m(MegatronTrainRayActor pid=61275)[0m [2026-08-06 06:18:28.310 actor_cell0_rank0] memory_utils.py:41 - [Rank 0] Memory-Usage after update_weights: {'gpu': '0', 'total_GB': 139.81, 'free_GB': 124.18, 'used_GB': 15.63, 'allocated_GB': 39.17, 'reserved_GB': 43.56}
[36m(MegatronTrainRayActor pid=61275)[0m [2026-08-06 06:18:28.313 actor_cell0_rank0] timer.py:42 - Timer update_weights end (elapsed: 0.3s)
[36m(MegatronTrainRayActor pid=61275)[0m [2026-08-06 06:18:28.313 actor_cell0_rank0] structured_log.py:27 - ft cls=MegatronTrainRayActor fn=update_weights phase=end ok=true elapsed_s=0.3
[36m(SGLangEngine pid=60897)[0m [2026-08-06 06:18:29] Prefill batch, #new-seq: 1, #new-token: 169, #cached-token: 0, full token usage: 0.01, mamba usage: 0.23, #running-req: 0, #queue-req: 93, #pending-token: 0, cuda graph: False, input throughput (token/s): 3.48
[36m(SGLangEngine pid=60897)[0m [2026-08-06 06:18:29] Prefill batch, #new-seq: 34, #new-token: 8192, #cached-token: 0, full token usage: 0.01, mamba usage: 0.47, #running-req: 1, #queue-req: 57, #pending-token: 25111, cuda graph: False, input throughput (token/s): 56626.84
[36m(SGLangEngine pid=60897)[0m [2026-08-06 06:18:29] Prefill batch, #new-seq: 37, #new-token: 8192, #cached-token: 1280, full token usage: 0.01, mamba usage: 0.60, #running-req: 34, #queue-req: 37, #pending-token: 15639, cuda graph: False, input throughput (token/s): 99284.93
[36m(SGLangEngine pid=60897)[0m [2026-08-06 06:18:29] Prefill batch, #new-seq: 21, #new-token: 4179, #cached-token: 0, full token usage: 0.01, mamba usage: 0.61, #running-req: 70, #queue-req: 37, #pending-token: 11460, cuda graph: False, input throughput (token/s): 398682.10
[36m(SGLangEngine pid=60897)[0m [2026-08-06 06:18:29] Decode batch, #running-req: 91, #full token: 8291, full token usage: 0.01, mamba num: 280, mamba usage: 0.61, cuda graph: True, gen throughput (token/s): 70.53, #queue-req: 37
[36m(SGLangEngine pid=60897)[0m [2026-08-06 06:18:30] Decode batch, #running-req: 91, #full token: 11931, full token usage: 0.01, mamba num: 280, mamba usage: 0.61, cuda graph: True, gen throughput (token/s): 11914.75, #queue-req: 37
[36m(SGLangEngine pid=60897)[0m [2026-08-06 06:18:30] Decode batch, #running-req: 91, #full token: 15571, full token usage: 0.02, mamba num: 280, mamba usage: 0.61, cuda graph: True, gen throughput (token/s): 11816.75, #queue-req: 37
[36m(SGLangEngine pid=60897)[0m [2026-08-06 06:18:30] Decode batch, #running-req: 91, #full token: 19211, full token usage: 0.02, mamba num: 280, mamba usage: 0.61, cuda graph: True, gen throughput (token/s): 11774.75, #queue-req: 37
[36m(SGLangEngine pid=60897)[0m [2026-08-06 06:18:31] Decode batch, #running-req: 91, #full token: 22851, full token usage: 0.03, mamba num: 280, mamba usage: 0.61, cuda graph: True, gen throughput (token/s): 12301.76, #queue-req: 37
[36m(SGLangEngine pid=60897)[0m [2026-08-06 06:18:31] Decode batch, #running-req: 91, #full token: 26491, full token usage: 0.03, mamba num: 280, mamba usage: 0.61, cuda graph: True, gen throughput (token/s): 12336.02, #queue-req: 37
[36m(SGLangEngine pid=60897)[0m [2026-08-06 06:18:31] Decode batch, #running-req: 91, #full token: 30131, full token usage: 0.04, mamba num: 280, mamba usage: 0.61, cuda graph: True, gen throughput (token/s): 12485.89, #queue-req: 37
[36m(SGLangEngine pid=60897)[0m [2026-08-06 06:18:31] Decode batch, #running-req: 91, #full token: 33771, full token usage: 0.04, mamba num: 280, mamba usage: 0.61, cuda graph: True, gen throughput (token/s): 12182.94, #queue-req: 37
[36m(SGLangEngine pid=60897)[0m [2026-08-06 06:18:32] Decode batch, #running-req: 91, #full token: 37411, full token usage: 0.05, mamba num: 280, mamba usage: 0.61, cuda graph: True, gen throughput (token/s): 11506.06, #queue-req: 37
[36m(SGLangEngine pid=60897)[0m [2026-08-06 06:18:32] Decode batch, #running-req: 91, #full token: 41051, full token usage: 0.05, mamba num: 280, mamba usage: 0.61, cuda graph: True, gen throughput (token/s): 12013.63, #queue-req: 37
[36m(SGLangEngine pid=60897)[0m [2026-08-06 06:18:32] Decode batch, #running-req: 91, #full token: 44691, full token usage: 0.06, mamba num: 280, mamba usage: 0.61, cuda graph: True, gen throughput (token/s): 11951.19, #queue-req: 37
[36m(SGLangEngine pid=60897)[0m [2026-08-06 06:18:33] Decode batch, #running-req: 91, #full token: 48331, full token usage: 0.06, mamba num: 280, mamba usage: 0.61, cuda graph: True, gen throughput (token/s): 11967.11, #queue-req: 37
[36m(SGLangEngine pid=60897)[0m [2026-08-06 06:18:33] Decode batch, #running-req: 91, #full token: 51971, full token usage: 0.06, mamba num: 280, mamba usage: 0.61, cuda graph: True, gen throughput (token/s): 11937.70, #queue-req: 37
[36m(SGLangEngine pid=60897)[0m [2026-08-06 06:18:33] Decode batch, #running-req: 91, #full token: 55611, full token usage: 0.07, mamba num: 280, mamba usage: 0.61, cuda graph: True, gen throughput (token/s): 11885.57, #queue-req: 37
[36m(SGLangEngine pid=60897)[0m [2026-08-06 06:18:34] Decode batch, #running-req: 91, #full token: 59251, full token usage: 0.07, mamba num: 280, mamba usage: 0.61, cuda graph: True, gen throughput (token/s): 11080.04, #queue-req: 37
[36m(SGLangEngine pid=60897)[0m [2026-08-06 06:18:34] Decode batch, #running-req: 91, #full token: 62891, full token usage: 0.08, mamba num: 280, mamba usage: 0.61, cuda graph: True, gen throughput (token/s): 11509.98, #queue-req: 37
[36m(SGLangEngine pid=60897)[0m [2026-08-06 06:18:34] Decode batch, #running-req: 91, #full token: 66531, full token usage: 0.08, mamba num: 280, mamba usage: 0.61, cuda graph: True, gen throughput (token/s): 11205.05, #queue-req: 37
[36m(SGLangEngine pid=60897)[0m [2026-08-06 06:18:35] Decode batch, #running-req: 91, #full token: 70171, full token usage: 0.09, mamba num: 280, mamba usage: 0.61, cuda graph: True, gen throughput (token/s): 11695.04, #queue-req: 37
[36m(SGLangEngine pid=60897)[0m [2026-08-06 06:18:35] Decode batch, #running-req: 91, #full token: 73811, full token usage: 0.09, mamba num: 280, mamba usage: 0.61, cuda graph: True, gen throughput (token/s): 11704.66, #queue-req: 37
[36m(SGLangEngine pid=60897)[0m [2026-08-06 06:18:35] Decode batch, #running-req: 91, #full token: 77451, full token usage: 0.10, mamba num: 280, mamba usage: 0.61, cuda graph: True, gen throughput (token/s): 11863.74, #queue-req: 37
[36m(SGLangEngine pid=60897)[0m [2026-08-06 06:18:35] Decode batch, #running-req: 91, #full token: 81091, full token usage: 0.10, mamba num: 280, mamba usage: 0.61, cuda graph: True, gen throughput (token/s): 11106.80, #queue-req: 37
[36m(SGLangEngine pid=60897)[0m [2026-08-06 06:18:36] Decode batch, #running-req: 91, #full token: 84731, full token usage: 0.10, mamba num: 280, mamba usage: 0.61, cuda graph: True, gen throughput (token/s): 11013.56, #queue-req: 37
[36m(SGLangEngine pid=60897)[0m [2026-08-06 06:18:36] Decode batch, #running-req: 91, #full token: 88371, full token usage: 0.11, mamba num: 280, mamba usage: 0.61, cuda graph: True, gen throughput (token/s): 11230.99, #queue-req: 37
[36m(SGLangEngine pid=60897)[0m [2026-08-06 06:18:36] Decode batch, #running-req: 91, #full token: 92011, full token usage: 0.11, mamba num: 280, mamba usage: 0.61, cuda graph: True, gen throughput (token/s): 11194.69, #queue-req: 37
[36m(SGLangEngine pid=60897)[0m [2026-08-06 06:18:37] Decode batch, #running-req: 91, #full token: 95651, full token usage: 0.12, mamba num: 280, mamba usage: 0.61, cuda graph: True, gen throughput (token/s): 11417.41, #queue-req: 37
[36m(SGLangEngine pid=60897)[0m [2026-08-06 06:18:37] Decode batch, #running-req: 91, #full token: 99291, full token usage: 0.12, mamba num: 280, mamba usage: 0.61, cuda graph: True, gen throughput (token/s): 11379.52, #queue-req: 37
[36m(SGLangEngine pid=60897)[0m [2026-08-06 06:18:37] Decode batch, #running-req: 91, #full token: 102931, full token usage: 0.13, mamba num: 280, mamba usage: 0.61, cuda graph: True, gen throughput (token/s): 11557.01, #queue-req: 37
[36m(SGLangEngine pid=60897)[0m [2026-08-06 06:18:38] Decode batch, #running-req: 91, #full token: 106571, full token usage: 0.13, mamba num: 280, mamba usage: 0.61, cuda graph: True, gen throughput (token/s): 10488.18, #queue-req: 37
[36m(SGLangEngine pid=60897)[0m [2026-08-06 06:18:38] Decode batch, #running-req: 91, #full token: 110211, full token usage: 0.14, mamba num: 280, mamba usage: 0.61, cuda graph: True, gen throughput (token/s): 11268.38, #queue-req: 37
[36m(SGLangEngine pid=60897)[0m [2026-08-06 06:18:38] Decode batch, #running-req: 91, #full token: 113851, full token usage: 0.14, mamba num: 280, mamba usage: 0.61, cuda graph: True, gen throughput (token/s): 10735.70, #queue-req: 37
[36m(SGLangEngine pid=60897)[0m [2026-08-06 06:18:39] Decode batch, #running-req: 91, #full token: 117491, full token usage: 0.15, mamba num: 280, mamba usage: 0.61, cuda graph: True, gen throughput (token/s): 11193.40, #queue-req: 37
[36m(SGLangEngine pid=60897)[0m [2026-08-06 06:18:39] Decode batch, #running-req: 91, #full token: 121131, full token usage: 0.15, mamba num: 280, mamba usage: 0.61, cuda graph: True, gen throughput (token/s): 11144.40, #queue-req: 37
[36m(SGLangEngine pid=60897)[0m [2026-08-06 06:18:39] Decode batch, #running-req: 91, #full token: 124771, full token usage: 0.15, mamba num: 280, mamba usage: 0.61, cuda graph: True, gen throughput (token/s): 11105.42, #queue-req: 37
[36m(SGLangEngine pid=60897)[0m [2026-08-06 06:18:40] Decode batch, #running-req: 91, #full token: 128411, full token usage: 0.16, mamba num: 280, mamba usage: 0.61, cuda graph: True, gen throughput (token/s): 10825.74, #queue-req: 37
[36m(SGLangEngine pid=60897)[0m [2026-08-06 06:18:40] Decode batch, #running-req: 91, #full token: 132051, full token usage: 0.16, mamba num: 280, mamba usage: 0.61, cuda graph: True, gen throughput (token/s): 10761.69, #queue-req: 37
[36m(SGLangEngine pid=60897)[0m [2026-08-06 06:18:40] Decode batch, #running-req: 91, #full token: 135691, full token usage: 0.17, mamba num: 280, mamba usage: 0.61, cuda graph: True, gen throughput (token/s): 10696.69, #queue-req: 37
[36m(SGLangEngine pid=60897)[0m [2026-08-06 06:18:41] Decode batch, #running-req: 91, #full token: 139331, full token usage: 0.17, mamba num: 280, mamba usage: 0.61, cuda graph: True, gen throughput (token/s): 11124.32, #queue-req: 37
[36m(SGLangEngine pid=60897)[0m [2026-08-06 06:18:41] Decode batch, #running-req: 91, #full token: 142971, full token usage: 0.18, mamba num: 280, mamba usage: 0.61, cuda graph: True, gen throughput (token/s): 10951.13, #queue-req: 37
[36m(SGLangEngine pid=60897)[0m [2026-08-06 06:18:41] Decode batch, #running-req: 91, #full token: 146611, full token usage: 0.18, mamba num: 280, mamba usage: 0.61, cuda graph: True, gen throughput (token/s): 10836.70, #queue-req: 37
[36m(SGLangEngine pid=60897)[0m [2026-08-06 06:18:42] Decode batch, #running-req: 91, #full token: 150251, full token usage: 0.19, mamba num: 280, mamba usage: 0.61, cuda graph: True, gen throughput (token/s): 10612.65, #queue-req: 37
[36m(SGLangEngine pid=60897)[0m [2026-08-06 06:18:42] Decode batch, #running-req: 91, #full token: 153891, full token usage: 0.19, mamba num: 280, mamba usage: 0.61, cuda graph: True, gen throughput (token/s): 10140.92, #queue-req: 37
[36m(SGLangEngine pid=60897)[0m [2026-08-06 06:18:42] INFO:     172.25.0.2:52446 - "POST /generate HTTP/1.1" 200 OK
[36m(SGLangEngine pid=60897)[0m [2026-08-06 06:18:42] Prefill batch, #new-seq: 2, #new-token: 8, #cached-token: 384, full token usage: 0.19, mamba usage: 0.61, #running-req: 90, #queue-req: 35, #pending-token: 11068, cuda graph: False, input throughput (token/s): 0.60
[36m(SGLangEngine pid=60897)[0m [2026-08-06 06:18:42] Decode batch, #running-req: 92, #full token: 155850, full token usage: 0.19, mamba num: 283, mamba usage: 0.61, cuda graph: True, gen throughput (token/s): 9578.61, #queue-req: 35
[36m(SGLangEngine pid=60897)[0m [2026-08-06 06:18:43] Decode batch, #running-req: 92, #full token: 159530, full token usage: 0.20, mamba num: 283, mamba usage: 0.61, cuda graph: True, gen throughput (token/s): 10641.88, #queue-req: 35
[36m(SGLangEngine pid=60897)[0m [2026-08-06 06:18:43] Decode batch, #running-req: 92, #full token: 163210, full token usage: 0.20, mamba num: 283, mamba usage: 0.61, cuda graph: True, gen throughput (token/s): 10714.98, #queue-req: 35
[36m(SGLangEngine pid=60897)[0m [2026-08-06 06:18:44] Decode batch, #running-req: 92, #full token: 166890, full token usage: 0.21, mamba num: 283, mamba usage: 0.61, cuda graph: True, gen throughput (token/s): 10655.91, #queue-req: 35
[36m(SGLangEngine pid=60897)[0m [2026-08-06 06:18:44] Decode batch, #running-req: 92, #full token: 170570, full token usage: 0.21, mamba num: 283, mamba usage: 0.61, cuda graph: True, gen throughput (token/s): 10728.81, #queue-req: 35
[36m(SGLangEngine pid=60897)[0m [2026-08-06 06:18:44] Decode batch, #running-req: 92, #full token: 174250, full token usage: 0.22, mamba num: 283, mamba usage: 0.61, cuda graph: True, gen throughput (token/s): 10080.78, #queue-req: 35
[36m(SGLangEngine pid=60897)[0m [2026-08-06 06:18:45] Decode batch, #running-req: 92, #full token: 177930, full token usage: 0.22, mamba num: 283, mamba usage: 0.61, cuda graph: True, gen throughput (token/s): 10502.37, #queue-req: 35
[36m(SGLangEngine pid=60897)[0m [2026-08-06 06:18:45] Decode batch, #running-req: 92, #full token: 181610, full token usage: 0.22, mamba num: 283, mamba usage: 0.61, cuda graph: True, gen throughput (token/s): 10218.16, #queue-req: 35
[36m(SGLangEngine pid=60897)[0m [2026-08-06 06:18:45] Decode batch, #running-req: 92, #full token: 185290, full token usage: 0.23, mamba num: 283, mamba usage: 0.61, cuda graph: True, gen throughput (token/s): 10434.81, #queue-req: 35
[36m(SGLangEngine pid=60897)[0m [2026-08-06 06:18:46] Decode batch, #running-req: 92, #full token: 188970, full token usage: 0.23, mamba num: 283, mamba usage: 0.61, cuda graph: True, gen throughput (token/s): 10525.90, #queue-req: 35
[36m(SGLangEngine pid=60897)[0m [2026-08-06 06:18:46] Decode batch, #running-req: 92, #full token: 192650, full token usage: 0.24, mamba num: 283, mamba usage: 0.61, cuda graph: True, gen throughput (token/s): 10465.24, #queue-req: 35
[36m(SGLangEngine pid=60897)[0m [2026-08-06 06:18:46] Decode batch, #running-req: 92, #full token: 196330, full token usage: 0.24, mamba num: 283, mamba usage: 0.61, cuda graph: True, gen throughput (token/s): 10044.12, #queue-req: 35
[36m(SGLangEngine pid=60897)[0m [2026-08-06 06:18:47] Decode batch, #running-req: 92, #full token: 200010, full token usage: 0.25, mamba num: 283, mamba usage: 0.61, cuda graph: True, gen throughput (token/s): 10060.19, #queue-req: 35
[36m(SGLangEngine pid=60897)[0m [2026-08-06 06:18:47] Decode batch, #running-req: 92, #full token: 203690, full token usage: 0.25, mamba num: 283, mamba usage: 0.61, cuda graph: True, gen throughput (token/s): 10192.42, #queue-req: 35
[36m(SGLangEngine pid=60897)[0m [2026-08-06 06:18:47] Decode batch, #running-req: 92, #full token: 207370, full token usage: 0.26, mamba num: 283, mamba usage: 0.61, cuda graph: True, gen throughput (token/s): 10133.10, #queue-req: 35
[36m(SGLangEngine pid=60897)[0m [2026-08-06 06:18:48] Decode batch, #running-req: 92, #full token: 211050, full token usage: 0.26, mamba num: 283, mamba usage: 0.61, cuda graph: True, gen throughput (token/s): 10195.78, #queue-req: 35
[36m(SGLangEngine pid=60897)[0m [2026-08-06 06:18:48] Decode batch, #running-req: 92, #full token: 214730, full token usage: 0.27, mamba num: 283, mamba usage: 0.61, cuda graph: True, gen throughput (token/s): 10221.52, #queue-req: 35
[36m(SGLangEngine pid=60897)[0m [2026-08-06 06:18:49] Decode batch, #running-req: 92, #full token: 218410, full token usage: 0.27, mamba num: 283, mamba usage: 0.61, cuda graph: True, gen throughput (token/s): 10200.44, #queue-req: 35
[36m(SGLangEngine pid=60897)[0m [2026-08-06 06:18:49] Decode batch, #running-req: 92, #full token: 222090, full token usage: 0.27, mamba num: 283, mamba usage: 0.61, cuda graph: True, gen throughput (token/s): 9497.51, #queue-req: 35
[36m(SGLangEngine pid=60897)[0m [2026-08-06 06:18:49] Decode batch, #running-req: 92, #full token: 225770, full token usage: 0.28, mamba num: 283, mamba usage: 0.61, cuda graph: True, gen throughput (token/s): 10196.59, #queue-req: 35
[36m(SGLangEngine pid=60897)[0m [2026-08-06 06:18:50] Decode batch, #running-req: 92, #full token: 229450, full token usage: 0.28, mamba num: 283, mamba usage: 0.61, cuda graph: True, gen throughput (token/s): 9754.58, #queue-req: 35
[36m(SGLangEngine pid=60897)[0m [2026-08-06 06:18:50] Decode batch, #running-req: 92, #full token: 233130, full token usage: 0.29, mamba num: 283, mamba usage: 0.61, cuda graph: True, gen throughput (token/s): 9974.13, #queue-req: 35
[36m(SGLangEngine pid=60897)[0m [2026-08-06 06:18:50] Decode batch, #running-req: 92, #full token: 236810, full token usage: 0.29, mamba num: 283, mamba usage: 0.61, cuda graph: True, gen throughput (token/s): 10030.12, #queue-req: 35
[36m(SGLangEngine pid=60897)[0m [2026-08-06 06:18:51] Decode batch, #running-req: 92, #full token: 240490, full token usage: 0.30, mamba num: 283, mamba usage: 0.61, cuda graph: True, gen throughput (token/s): 10011.86, #queue-req: 35
[36m(SGLangEngine pid=60897)[0m [2026-08-06 06:18:51] Decode batch, #running-req: 92, #full token: 244170, full token usage: 0.30, mamba num: 283, mamba usage: 0.61, cuda graph: True, gen throughput (token/s): 9646.71, #queue-req: 35
[36m(SGLangEngine pid=60897)[0m [2026-08-06 06:18:52] Decode batch, #running-req: 92, #full token: 247850, full token usage: 0.31, mamba num: 283, mamba usage: 0.61, cuda graph: True, gen throughput (token/s): 9624.23, #queue-req: 35
[36m(SGLangEngine pid=60897)[0m [2026-08-06 06:18:52] Decode batch, #running-req: 92, #full token: 251530, full token usage: 0.31, mamba num: 283, mamba usage: 0.61, cuda graph: True, gen throughput (token/s): 9565.23, #queue-req: 35
[36m(SGLangEngine pid=60897)[0m [2026-08-06 06:18:52] Decode batch, #running-req: 92, #full token: 255210, full token usage: 0.32, mamba num: 283, mamba usage: 0.61, cuda graph: True, gen throughput (token/s): 9772.36, #queue-req: 35
[36m(SGLangEngine pid=60897)[0m [2026-08-06 06:18:53] Decode batch, #running-req: 92, #full token: 258890, full token usage: 0.32, mamba num: 283, mamba usage: 0.61, cuda graph: True, gen throughput (token/s): 9896.27, #queue-req: 35
[36m(SGLangEngine pid=60897)[0m [2026-08-06 06:18:53] Decode batch, #running-req: 92, #full token: 262570, full token usage: 0.32, mamba num: 283, mamba usage: 0.61, cuda graph: True, gen throughput (token/s): 9800.10, #queue-req: 35
[36m(SGLangEngine pid=60897)[0m [2026-08-06 06:18:53] Decode batch, #running-req: 92, #full token: 266250, full token usage: 0.33, mamba num: 283, mamba usage: 0.61, cuda graph: True, gen throughput (token/s): 9601.77, #queue-req: 35
[36m(SGLangEngine pid=60897)[0m [2026-08-06 06:18:54] Decode batch, #running-req: 92, #full token: 269930, full token usage: 0.33, mamba num: 283, mamba usage: 0.61, cuda graph: True, gen throughput (token/s): 9277.67, #queue-req: 35
[36m(SGLangEngine pid=60897)[0m [2026-08-06 06:18:54] INFO:     172.25.0.2:55524 - "GET /health HTTP/1.1" 200 OK
[36m(SGLangEngine pid=60897)[0m [2026-08-06 06:18:54] Decode batch, #running-req: 92, #full token: 273610, full token usage: 0.34, mamba num: 283, mamba usage: 0.61, cuda graph: True, gen throughput (token/s): 9528.44, #queue-req: 35
[36m(SGLangEngine pid=60897)[0m [2026-08-06 06:18:55] Decode batch, #running-req: 92, #full token: 277290, full token usage: 0.34, mamba num: 283, mamba usage: 0.61, cuda graph: True, gen throughput (token/s): 9540.04, #queue-req: 35
[36m(SGLangEngine pid=60897)[0m [2026-08-06 06:18:55] Decode batch, #running-req: 92, #full token: 280970, full token usage: 0.35, mamba num: 283, mamba usage: 0.61, cuda graph: True, gen throughput (token/s): 9581.68, #queue-req: 35
[36m(SGLangEngine pid=60897)[0m [2026-08-06 06:18:55] Decode batch, #running-req: 92, #full token: 284650, full token usage: 0.35, mamba num: 283, mamba usage: 0.61, cuda graph: True, gen throughput (token/s): 9580.43, #queue-req: 35
[36m(SGLangEngine pid=60897)[0m [2026-08-06 06:18:56] Decode batch, #running-req: 92, #full token: 288330, full token usage: 0.36, mamba num: 283, mamba usage: 0.61, cuda graph: True, gen throughput (token/s): 9585.23, #queue-req: 35
[36m(SGLangEngine pid=60897)[0m [2026-08-06 06:18:56] Decode batch, #running-req: 92, #full token: 292010, full token usage: 0.36, mamba num: 283, mamba usage: 0.61, cuda graph: True, gen throughput (token/s): 9095.99, #queue-req: 35
[36m(SGLangEngine pid=60897)[0m [2026-08-06 06:18:57] Decode batch, #running-req: 92, #full token: 295690, full token usage: 0.37, mamba num: 283, mamba usage: 0.61, cuda graph: True, gen throughput (token/s): 9407.28, #queue-req: 35
[36m(SGLangEngine pid=60897)[0m [2026-08-06 06:18:57] INFO:     172.25.0.2:52350 - "POST /generate HTTP/1.1" 200 OK
[36m(SGLangEngine pid=60897)[0m [2026-08-06 06:18:57] Prefill batch, #new-seq: 1, #new-token: 4, #cached-token: 192, full token usage: 0.36, mamba usage: 0.61, #running-req: 91, #queue-req: 34, #pending-token: 10872, cuda graph: False, input throughput (token/s): 0.28
[36m(SGLangEngine pid=60897)[0m [2026-08-06 06:18:57] Decode batch, #running-req: 92, #full token: 296136, full token usage: 0.37, mamba num: 283, mamba usage: 0.61, cuda graph: True, gen throughput (token/s): 8498.37, #queue-req: 34
[36m(SGLangEngine pid=60897)[0m [2026-08-06 06:18:57] Decode batch, #running-req: 92, #full token: 299816, full token usage: 0.37, mamba num: 283, mamba usage: 0.61, cuda graph: True, gen throughput (token/s): 9373.19, #queue-req: 34
[36m(SGLangEngine pid=60897)[0m [2026-08-06 06:18:58] INFO:     172.25.0.2:52220 - "POST /generate HTTP/1.1" 200 OK
[36m(SGLangEngine pid=60897)[0m [2026-08-06 06:18:58] Prefill batch, #new-seq: 1, #new-token: 322, #cached-token: 0, full token usage: 0.37, mamba usage: 0.61, #running-req: 91, #queue-req: 33, #pending-token: 10550, cuda graph: False, input throughput (token/s): 278.73
[36m(SGLangEngine pid=60897)[0m [2026-08-06 06:18:58] Decode batch, #running-req: 92, #full token: 300444, full token usage: 0.37, mamba num: 284, mamba usage: 0.61, cuda graph: True, gen throughput (token/s): 8318.40, #queue-req: 33
[36m(SGLangEngine pid=60897)[0m [2026-08-06 06:18:58] Decode batch, #running-req: 92, #full token: 304124, full token usage: 0.38, mamba num: 284, mamba usage: 0.61, cuda graph: True, gen throughput (token/s): 9556.84, #queue-req: 33
[36m(SGLangEngine pid=60897)[0m [2026-08-06 06:18:59] Decode batch, #running-req: 92, #full token: 307804, full token usage: 0.38, mamba num: 284, mamba usage: 0.61, cuda graph: True, gen throughput (token/s): 9151.67, #queue-req: 33
[36m(SGLangEngine pid=60897)[0m [2026-08-06 06:18:59] Decode batch, #running-req: 92, #full token: 311484, full token usage: 0.38, mamba num: 284, mamba usage: 0.61, cuda graph: True, gen throughput (token/s): 8914.24, #queue-req: 33
[36m(SGLangEngine pid=60897)[0m [2026-08-06 06:18:59] Decode batch, #running-req: 92, #full token: 315164, full token usage: 0.39, mamba num: 284, mamba usage: 0.61, cuda graph: True, gen throughput (token/s): 9276.07, #queue-req: 33
[36m(SGLangEngine pid=60897)[0m [2026-08-06 06:19:00] Decode batch, #running-req: 92, #full token: 318844, full token usage: 0.39, mamba num: 284, mamba usage: 0.61, cuda graph: True, gen throughput (token/s): 8942.38, #queue-req: 33
[36m(SGLangEngine pid=60897)[0m [2026-08-06 06:19:00] Decode batch, #running-req: 92, #full token: 322524, full token usage: 0.40, mamba num: 284, mamba usage: 0.61, cuda graph: True, gen throughput (token/s): 9187.94, #queue-req: 33
[36m(SGLangEngine pid=60897)[0m [2026-08-06 06:19:00] Prefill batch, #new-seq: 2, #new-token: 6, #cached-token: 512, full token usage: 0.39, mamba usage: 0.61, #running-req: 90, #queue-req: 31, #pending-token: 10032, cuda graph: False, input throughput (token/s): 2.26
[36m(SGLangEngine pid=60897)[0m [2026-08-06 06:19:01] INFO:     172.25.0.2:52206 - "POST /generate HTTP/1.1" 200 OK
[36m(SGLangEngine pid=60897)[0m [2026-08-06 06:19:01] INFO:     172.25.0.2:52524 - "POST /generate HTTP/1.1" 200 OK
[36m(SGLangEngine pid=60897)[0m [2026-08-06 06:19:01] Decode batch, #running-req: 92, #full token: 318988, full token usage: 0.39, mamba num: 284, mamba usage: 0.61, cuda graph: True, gen throughput (token/s): 8571.58, #queue-req: 31
[36m(SGLangEngine pid=60897)[0m [2026-08-06 06:19:01] Decode batch, #running-req: 92, #full token: 322668, full token usage: 0.40, mamba num: 284, mamba usage: 0.61, cuda graph: True, gen throughput (token/s): 9128.74, #queue-req: 31
[36m(SGLangEngine pid=60897)[0m [2026-08-06 06:19:01] Decode batch, #running-req: 92, #full token: 326348, full token usage: 0.40, mamba num: 284, mamba usage: 0.61, cuda graph: True, gen throughput (token/s): 8627.16, #queue-req: 31
[36m(SGLangEngine pid=60897)[0m [2026-08-06 06:19:02] INFO:     172.25.0.2:52076 - "POST /generate HTTP/1.1" 200 OK
[36m(SGLangEngine pid=60897)[0m [2026-08-06 06:19:02] Prefill batch, #new-seq: 1, #new-token: 2, #cached-token: 320, full token usage: 0.40, mamba usage: 0.61, #running-req: 91, #queue-req: 30, #pending-token: 9710, cuda graph: False, input throughput (token/s): 1.63
[36m(SGLangEngine pid=60897)[0m [2026-08-06 06:19:02] Decode batch, #running-req: 92, #full token: 326302, full token usage: 0.40, mamba num: 284, mamba usage: 0.61, cuda graph: True, gen throughput (token/s): 8568.80, #queue-req: 30
[36m(SGLangEngine pid=60897)[0m [2026-08-06 06:19:02] Decode batch, #running-req: 92, #full token: 329982, full token usage: 0.41, mamba num: 284, mamba usage: 0.61, cuda graph: True, gen throughput (token/s): 8935.88, #queue-req: 30
[36m(SGLangEngine pid=60897)[0m [2026-08-06 06:19:02] INFO:     172.25.0.2:52392 - "POST /generate HTTP/1.1" 200 OK
[36m(SGLangEngine pid=60897)[0m [2026-08-06 06:19:02] Prefill batch, #new-seq: 1, #new-token: 2, #cached-token: 320, full token usage: 0.40, mamba usage: 0.61, #running-req: 91, #queue-req: 29, #pending-token: 9388, cuda graph: False, input throughput (token/s): 2.53
[36m(SGLangEngine pid=60897)[0m [2026-08-06 06:19:03] Decode batch, #running-req: 92, #full token: 329862, full token usage: 0.41, mamba num: 284, mamba usage: 0.61, cuda graph: True, gen throughput (token/s): 8193.44, #queue-req: 29
[36m(SGLangEngine pid=60897)[0m [2026-08-06 06:19:03] INFO:     172.25.0.2:52470 - "POST /generate HTTP/1.1" 200 OK
[36m(SGLangEngine pid=60897)[0m [2026-08-06 06:19:03] Prefill batch, #new-seq: 1, #new-token: 4, #cached-token: 192, full token usage: 0.41, mamba usage: 0.61, #running-req: 91, #queue-req: 28, #pending-token: 9192, cuda graph: False, input throughput (token/s): 6.56
[36m(SGLangEngine pid=60897)[0m [2026-08-06 06:19:03] Decode batch, #running-req: 92, #full token: 329687, full token usage: 0.41, mamba num: 284, mamba usage: 0.61, cuda graph: True, gen throughput (token/s): 8509.54, #queue-req: 28
[36m(SGLangEngine pid=60897)[0m [2026-08-06 06:19:03] INFO:     172.25.0.2:52460 - "POST /generate HTTP/1.1" 200 OK
[36m(SGLangEngine pid=60897)[0m [2026-08-06 06:19:03] Prefill batch, #new-seq: 1, #new-token: 333, #cached-token: 0, full token usage: 0.40, mamba usage: 0.62, #running-req: 91, #queue-req: 27, #pending-token: 8859, cuda graph: False, input throughput (token/s): 1394.27
[36m(SGLangEngine pid=60897)[0m [2026-08-06 06:19:04] Decode batch, #running-req: 92, #full token: 329565, full token usage: 0.41, mamba num: 285, mamba usage: 0.62, cuda graph: True, gen throughput (token/s): 8414.19, #queue-req: 27
[36m(SGLangEngine pid=60897)[0m [2026-08-06 06:19:04] INFO:     172.25.0.2:52182 - "POST /generate HTTP/1.1" 200 OK
[36m(SGLangEngine pid=60897)[0m [2026-08-06 06:19:04] Prefill batch, #new-seq: 1, #new-token: 77, #cached-token: 256, full token usage: 0.40, mamba usage: 0.62, #running-req: 91, #queue-req: 26, #pending-token: 8526, cuda graph: False, input throughput (token/s): 182.53
[36m(SGLangEngine pid=60897)[0m [2026-08-06 06:19:04] Decode batch, #running-req: 92, #full token: 329382, full token usage: 0.41, mamba num: 286, mamba usage: 0.62, cuda graph: True, gen throughput (token/s): 7842.83, #queue-req: 26
[36m(SGLangEngine pid=60897)[0m [2026-08-06 06:19:05] Decode batch, #running-req: 92, #full token: 333062, full token usage: 0.41, mamba num: 286, mamba usage: 0.62, cuda graph: True, gen throughput (token/s): 8783.51, #queue-req: 26
[36m(SGLangEngine pid=60897)[0m [2026-08-06 06:19:05] Decode batch, #running-req: 92, #full token: 336742, full token usage: 0.42, mamba num: 286, mamba usage: 0.62, cuda graph: True, gen throughput (token/s): 8642.76, #queue-req: 26
[36m(SGLangEngine pid=60897)[0m [2026-08-06 06:19:05] INFO:     172.25.0.2:52370 - "POST /generate HTTP/1.1" 200 OK
[36m(SGLangEngine pid=60897)[0m [2026-08-06 06:19:05] Prefill batch, #new-seq: 1, #new-token: 2, #cached-token: 320, full token usage: 0.41, mamba usage: 0.62, #running-req: 91, #queue-req: 25, #pending-token: 8204, cuda graph: False, input throughput (token/s): 1.55
[36m(SGLangEngine pid=60897)[0m [2026-08-06 06:19:05] Decode batch, #running-req: 92, #full token: 336388, full token usage: 0.42, mamba num: 286, mamba usage: 0.62, cuda graph: True, gen throughput (token/s): 8057.24, #queue-req: 25
[36m(SGLangEngine pid=60897)[0m [2026-08-06 06:19:06] Decode batch, #running-req: 92, #full token: 340068, full token usage: 0.42, mamba num: 286, mamba usage: 0.62, cuda graph: True, gen throughput (token/s): 9016.56, #queue-req: 25
[36m(SGLangEngine pid=60897)[0m [2026-08-06 06:19:06] INFO:     172.25.0.2:52132 - "POST /generate HTTP/1.1" 200 OK
[36m(SGLangEngine pid=60897)[0m [2026-08-06 06:19:06] INFO:     172.25.0.2:52246 - "POST /generate HTTP/1.1" 200 OK
[36m(SGLangEngine pid=60897)[0m [2026-08-06 06:19:06] INFO:     172.25.0.2:52312 - "POST /generate HTTP/1.1" 200 OK
[36m(SGLangEngine pid=60897)[0m [2026-08-06 06:19:06] INFO:     172.25.0.2:52122 - "POST /generate HTTP/1.1" 200 OK
[36m(SGLangEngine pid=60897)[0m [2026-08-06 06:19:06] INFO:     172.25.0.2:52314 - "POST /generate HTTP/1.1" 200 OK
[36m(SGLangEngine pid=60897)[0m [2026-08-06 06:19:06] INFO:     172.25.0.2:52262 - "POST /generate HTTP/1.1" 200 OK
[36m(SGLangEngine pid=60897)[0m [2026-08-06 06:19:06] INFO:     172.25.0.2:52158 - "POST /generate HTTP/1.1" 200 OK
[36m(SGLangEngine pid=60897)[0m [2026-08-06 06:19:06] INFO:     172.25.0.2:52238 - "POST /generate HTTP/1.1" 200 OK
[36m(SGLangEngine pid=60897)[0m [2026-08-06 06:19:06] INFO:     172.25.0.2:52104 - "POST /generate HTTP/1.1" 200 OK
[36m(SGLangEngine pid=60897)[0m [2026-08-06 06:19:06] INFO:     172.25.0.2:52134 - "POST /generate HTTP/1.1" 200 OK
[36m(SGLangEngine pid=60897)[0m [2026-08-06 06:19:06] INFO:     172.25.0.2:52256 - "POST /generate HTTP/1.1" 200 OK
[36m(SGLangEngine pid=60897)[0m [2026-08-06 06:19:06] INFO:     172.25.0.2:52340 - "POST /generate HTTP/1.1" 200 OK
[36m(SGLangEngine pid=60897)[0m [2026-08-06 06:19:06] INFO:     172.25.0.2:52348 - "POST /generate HTTP/1.1" 200 OK
[36m(SGLangEngine pid=60897)[0m [2026-08-06 06:19:06] INFO:     172.25.0.2:52222 - "POST /generate HTTP/1.1" 200 OK
[36m(SGLangEngine pid=60897)[0m [2026-08-06 06:19:06] INFO:     172.25.0.2:52264 - "POST /generate HTTP/1.1" 200 OK
[36m(SGLangEngine pid=60897)[0m [2026-08-06 06:19:06] INFO:     172.25.0.2:52298 - "POST /generate HTTP/1.1" 200 OK
[36m(SGLangEngine pid=60897)[0m [2026-08-06 06:19:06] INFO:     172.25.0.2:52248 - "POST /generate HTTP/1.1" 200 OK
[36m(SGLangEngine pid=60897)[0m [2026-08-06 06:19:06] INFO:     172.25.0.2:52102 - "POST /generate HTTP/1.1" 200 OK
[36m(SGLangEngine pid=60897)[0m [2026-08-06 06:19:06] INFO:     172.25.0.2:52260 - "POST /generate HTTP/1.1" 200 OK
[36m(SGLangEngine pid=60897)[0m [2026-08-06 06:19:06] INFO:     172.25.0.2:52170 - "POST /generate HTTP/1.1" 200 OK
[36m(SGLangEngine pid=60897)[0m [2026-08-06 06:19:06] INFO:     172.25.0.2:52196 - "POST /generate HTTP/1.1" 200 OK
[36m(SGLangEngine pid=60897)[0m [2026-08-06 06:19:06] INFO:     172.25.0.2:52092 - "POST /generate HTTP/1.1" 200 OK
[36m(SGLangEngine pid=60897)[0m [2026-08-06 06:19:06] INFO:     172.25.0.2:52362 - "POST /generate HTTP/1.1" 200 OK
[36m(SGLangEngine pid=60897)[0m [2026-08-06 06:19:06] INFO:     172.25.0.2:52352 - "POST /generate HTTP/1.1" 200 OK
[36m(SGLangEngine pid=60897)[0m [2026-08-06 06:19:06] INFO:     172.25.0.2:52378 - "POST /generate HTTP/1.1" 200 OK
[36m(SGLangEngine pid=60897)[0m [2026-08-06 06:19:06] INFO:     172.25.0.2:52406 - "POST /generate HTTP/1.1" 200 OK
[36m(SGLangEngine pid=60897)[0m [2026-08-06 06:19:06] INFO:     172.25.0.2:52430 - "POST /generate HTTP/1.1" 200 OK
[36m(SGLangEngine pid=60897)[0m [2026-08-06 06:19:06] INFO:     172.25.0.2:52448 - "POST /generate HTTP/1.1" 200 OK
[36m(SGLangEngine pid=60897)[0m [2026-08-06 06:19:06] INFO:     172.25.0.2:52422 - "POST /generate HTTP/1.1" 200 OK
[36m(SGLangEngine pid=60897)[0m [2026-08-06 06:19:06] INFO:     172.25.0.2:52490 - "POST /generate HTTP/1.1" 200 OK
[36m(SGLangEngine pid=60897)[0m [2026-08-06 06:19:06] INFO:     172.25.0.2:52486 - "POST /generate HTTP/1.1" 200 OK
[36m(SGLangEngine pid=60897)[0m [2026-08-06 06:19:06] INFO:     172.25.0.2:52492 - "POST /generate HTTP/1.1" 200 OK
[36m(SGLangEngine pid=60897)[0m [2026-08-06 06:19:06] INFO:     172.25.0.2:52516 - "POST /generate HTTP/1.1" 200 OK
[36m(SGLangEngine pid=60897)[0m [2026-08-06 06:19:06] INFO:     172.25.0.2:52522 - "POST /generate HTTP/1.1" 200 OK
[36m(SGLangEngine pid=60897)[0m [2026-08-06 06:19:06] INFO:     172.25.0.2:52536 - "POST /generate HTTP/1.1" 200 OK
[36m(SGLangEngine pid=60897)[0m [2026-08-06 06:19:06] INFO:     172.25.0.2:52560 - "POST /generate HTTP/1.1" 200 OK
[36m(SGLangEngine pid=60897)[0m [2026-08-06 06:19:06] INFO:     172.25.0.2:52570 - "POST /generate HTTP/1.1" 200 OK
[36m(SGLangEngine pid=60897)[0m [2026-08-06 06:19:06] INFO:     172.25.0.2:52574 - "POST /generate HTTP/1.1" 200 OK
[36m(SGLangEngine pid=60897)[0m [2026-08-06 06:19:06] INFO:     172.25.0.2:52508 - "POST /generate HTTP/1.1" 200 OK
[36m(SGLangEngine pid=60897)[0m [2026-08-06 06:19:06] INFO:     172.25.0.2:52584 - "POST /generate HTTP/1.1" 200 OK
[36m(SGLangEngine pid=60897)[0m [2026-08-06 06:19:06] INFO:     172.25.0.2:52592 - "POST /generate HTTP/1.1" 200 OK
[36m(SGLangEngine pid=60897)[0m [2026-08-06 06:19:06] INFO:     172.25.0.2:52606 - "POST /generate HTTP/1.1" 200 OK
[36m(SGLangEngine pid=60897)[0m [2026-08-06 06:19:06] INFO:     172.25.0.2:52608 - "POST /generate HTTP/1.1" 200 OK
[36m(SGLangEngine pid=60897)[0m [2026-08-06 06:19:06] INFO:     172.25.0.2:52612 - "POST /generate HTTP/1.1" 200 OK
[36m(SGLangEngine pid=60897)[0m [2026-08-06 06:19:06] INFO:     172.25.0.2:52628 - "POST /generate HTTP/1.1" 200 OK
[36m(SGLangEngine pid=60897)[0m [2026-08-06 06:19:06] INFO:     172.25.0.2:52630 - "POST /generate HTTP/1.1" 200 OK
[36m(SGLangEngine pid=60897)[0m [2026-08-06 06:19:06] INFO:     172.25.0.2:52646 - "POST /generate HTTP/1.1" 200 OK
[36m(SGLangEngine pid=60897)[0m [2026-08-06 06:19:06] INFO:     172.25.0.2:52660 - "POST /generate HTTP/1.1" 200 OK
[36m(SGLangEngine pid=60897)[0m [2026-08-06 06:19:06] INFO:     172.25.0.2:52676 - "POST /generate HTTP/1.1" 200 OK
[36m(SGLangEngine pid=60897)[0m [2026-08-06 06:19:06] INFO:     172.25.0.2:52696 - "POST /generate HTTP/1.1" 200 OK
[36m(SGLangEngine pid=60897)[0m [2026-08-06 06:19:06] INFO:     172.25.0.2:52692 - "POST /generate HTTP/1.1" 200 OK
[36m(SGLangEngine pid=60897)[0m [2026-08-06 06:19:06] INFO:     172.25.0.2:52710 - "POST /generate HTTP/1.1" 200 OK
[36m(SGLangEngine pid=60897)[0m [2026-08-06 06:19:06] INFO:     172.25.0.2:52722 - "POST /generate HTTP/1.1" 200 OK
[36m(SGLangEngine pid=60897)[0m [2026-08-06 06:19:06] INFO:     172.25.0.2:52734 - "POST /generate HTTP/1.1" 200 OK
[36m(SGLangEngine pid=60897)[0m [2026-08-06 06:19:06] INFO:     172.25.0.2:52744 - "POST /generate HTTP/1.1" 200 OK
[36m(SGLangEngine pid=60897)[0m [2026-08-06 06:19:06] INFO:     172.25.0.2:52746 - "POST /generate HTTP/1.1" 200 OK
[36m(SGLangEngine pid=60897)[0m [2026-08-06 06:19:06] INFO:     172.25.0.2:52748 - "POST /generate HTTP/1.1" 200 OK
[36m(SGLangEngine pid=60897)[0m [2026-08-06 06:19:06] INFO:     172.25.0.2:52758 - "POST /generate HTTP/1.1" 200 OK
[36m(SGLangEngine pid=60897)[0m [2026-08-06 06:19:06] INFO:     172.25.0.2:52768 - "POST /generate HTTP/1.1" 200 OK
[36m(SGLangEngine pid=60897)[0m [2026-08-06 06:19:06] INFO:     172.25.0.2:52770 - "POST /generate HTTP/1.1" 200 OK
[36m(SGLangEngine pid=60897)[0m [2026-08-06 06:19:06] INFO:     172.25.0.2:52782 - "POST /generate HTTP/1.1" 200 OK
[36m(SGLangEngine pid=60897)[0m [2026-08-06 06:19:06] INFO:     172.25.0.2:52798 - "POST /generate HTTP/1.1" 200 OK
[36m(SGLangEngine pid=60897)[0m [2026-08-06 06:19:06] INFO:     172.25.0.2:52814 - "POST /generate HTTP/1.1" 200 OK
[36m(SGLangEngine pid=60897)[0m [2026-08-06 06:19:06] INFO:     172.25.0.2:52830 - "POST /generate HTTP/1.1" 200 OK
[36m(SGLangEngine pid=60897)[0m [2026-08-06 06:19:06] INFO:     172.25.0.2:52838 - "POST /generate HTTP/1.1" 200 OK
[36m(SGLangEngine pid=60897)[0m [2026-08-06 06:19:06] INFO:     172.25.0.2:52846 - "POST /generate HTTP/1.1" 200 OK
[36m(SGLangEngine pid=60897)[0m [2026-08-06 06:19:06] INFO:     172.25.0.2:52848 - "POST /generate HTTP/1.1" 200 OK
[36m(SGLangEngine pid=60897)[0m [2026-08-06 06:19:06] INFO:     172.25.0.2:52862 - "POST /generate HTTP/1.1" 200 OK
[36m(SGLangEngine pid=60897)[0m [2026-08-06 06:19:06] INFO:     172.25.0.2:52874 - "POST /generate HTTP/1.1" 200 OK
[36m(SGLangEngine pid=60897)[0m [2026-08-06 06:19:06] INFO:     172.25.0.2:52882 - "POST /generate HTTP/1.1" 200 OK
[36m(SGLangEngine pid=60897)[0m [2026-08-06 06:19:06] INFO:     172.25.0.2:52898 - "POST /generate HTTP/1.1" 200 OK
[36m(SGLangEngine pid=60897)[0m [2026-08-06 06:19:06] INFO:     172.25.0.2:52900 - "POST /generate HTTP/1.1" 200 OK
[36m(SGLangEngine pid=60897)[0m [2026-08-06 06:19:06] INFO:     172.25.0.2:52906 - "POST /generate HTTP/1.1" 200 OK
[36m(SGLangEngine pid=60897)[0m [2026-08-06 06:19:06] INFO:     172.25.0.2:52914 - "POST /generate HTTP/1.1" 200 OK
[36m(SGLangEngine pid=60897)[0m [2026-08-06 06:19:06] INFO:     172.25.0.2:52920 - "POST /generate HTTP/1.1" 200 OK
[36m(SGLangEngine pid=60897)[0m [2026-08-06 06:19:06] INFO:     172.25.0.2:52934 - "POST /generate HTTP/1.1" 200 OK
[36m(SGLangEngine pid=60897)[0m [2026-08-06 06:19:06] INFO:     172.25.0.2:52948 - "POST /generate HTTP/1.1" 200 OK
[36m(SGLangEngine pid=60897)[0m [2026-08-06 06:19:06] INFO:     172.25.0.2:52954 - "POST /generate HTTP/1.1" 200 OK
[36m(SGLangEngine pid=60897)[0m [2026-08-06 06:19:06] INFO:     172.25.0.2:52968 - "POST /generate HTTP/1.1" 200 OK
[36m(SGLangEngine pid=60897)[0m [2026-08-06 06:19:06] INFO:     172.25.0.2:52974 - "POST /generate HTTP/1.1" 200 OK
[36m(SGLangEngine pid=60897)[0m [2026-08-06 06:19:06] Prefill batch, #new-seq: 25, #new-token: 204, #cached-token: 8000, full token usage: 0.01, mamba usage: 0.25, #running-req: 12, #queue-req: 0, #pending-token: 0, cuda graph: False, input throughput (token/s): 195.66
[36m(SGLangEngine pid=60897)[0m [2026-08-06 06:19:06] Decode batch, #running-req: 37, #full token: 10886, full token usage: 0.01, mamba num: 115, mamba usage: 0.25, cuda graph: True, gen throughput (token/s): 6282.22, #queue-req: 0
[36m(SGLangEngine pid=60897)[0m [2026-08-06 06:19:06] Decode batch, #running-req: 37, #full token: 12366, full token usage: 0.02, mamba num: 115, mamba usage: 0.25, cuda graph: True, gen throughput (token/s): 6410.85, #queue-req: 0
[36m(SGLangEngine pid=60897)[0m [2026-08-06 06:19:07] Decode batch, #running-req: 37, #full token: 13846, full token usage: 0.02, mamba num: 115, mamba usage: 0.25, cuda graph: True, gen throughput (token/s): 6802.15, #queue-req: 0
[36m(SGLangEngine pid=60897)[0m [2026-08-06 06:19:07] Decode batch, #running-req: 37, #full token: 15326, full token usage: 0.02, mamba num: 115, mamba usage: 0.25, cuda graph: True, gen throughput (token/s): 6793.28, #queue-req: 0
[36m(SGLangEngine pid=60897)[0m [2026-08-06 06:19:07] Decode batch, #running-req: 37, #full token: 16806, full token usage: 0.02, mamba num: 115, mamba usage: 0.25, cuda graph: True, gen throughput (token/s): 6747.22, #queue-req: 0
[36m(SGLangEngine pid=60897)[0m [2026-08-06 06:19:07] Decode batch, #running-req: 37, #full token: 18286, full token usage: 0.02, mamba num: 115, mamba usage: 0.25, cuda graph: True, gen throughput (token/s): 5838.27, #queue-req: 0
[36m(SGLangEngine pid=60897)[0m [2026-08-06 06:19:08] Decode batch, #running-req: 37, #full token: 19766, full token usage: 0.02, mamba num: 115, mamba usage: 0.25, cuda graph: True, gen throughput (token/s): 6931.08, #queue-req: 0
[36m(SGLangEngine pid=60897)[0m [2026-08-06 06:19:08] Decode batch, #running-req: 37, #full token: 21246, full token usage: 0.03, mamba num: 115, mamba usage: 0.25, cuda graph: True, gen throughput (token/s): 6508.45, #queue-req: 0
[36m(SGLangEngine pid=60897)[0m [2026-08-06 06:19:08] Decode batch, #running-req: 37, #full token: 22726, full token usage: 0.03, mamba num: 115, mamba usage: 0.25, cuda graph: True, gen throughput (token/s): 6677.89, #queue-req: 0
[36m(SGLangEngine pid=60897)[0m [2026-08-06 06:19:08] Decode batch, #running-req: 37, #full token: 24206, full token usage: 0.03, mamba num: 115, mamba usage: 0.25, cuda graph: True, gen throughput (token/s): 6469.93, #queue-req: 0
[36m(SGLangEngine pid=60897)[0m [2026-08-06 06:19:08] Decode batch, #running-req: 37, #full token: 25686, full token usage: 0.03, mamba num: 115, mamba usage: 0.25, cuda graph: True, gen throughput (token/s): 6844.64, #queue-req: 0
[36m(SGLangEngine pid=60897)[0m [2026-08-06 06:19:09] Decode batch, #running-req: 37, #full token: 27166, full token usage: 0.03, mamba num: 115, mamba usage: 0.25, cuda graph: True, gen throughput (token/s): 5731.09, #queue-req: 0
[36m(SGLangEngine pid=60897)[0m [2026-08-06 06:19:09] Decode batch, #running-req: 37, #full token: 28646, full token usage: 0.04, mamba num: 115, mamba usage: 0.25, cuda graph: True, gen throughput (token/s): 6597.35, #queue-req: 0
[36m(SGLangEngine pid=60897)[0m [2026-08-06 06:19:09] Decode batch, #running-req: 37, #full token: 30126, full token usage: 0.04, mamba num: 115, mamba usage: 0.25, cuda graph: True, gen throughput (token/s): 6779.25, #queue-req: 0
[36m(SGLangEngine pid=60897)[0m [2026-08-06 06:19:09] Decode batch, #running-req: 37, #full token: 31606, full token usage: 0.04, mamba num: 115, mamba usage: 0.25, cuda graph: True, gen throughput (token/s): 6191.44, #queue-req: 0
[36m(SGLangEngine pid=60897)[0m [2026-08-06 06:19:10] Decode batch, #running-req: 37, #full token: 33086, full token usage: 0.04, mamba num: 115, mamba usage: 0.25, cuda graph: True, gen throughput (token/s): 6546.14, #queue-req: 0
[36m(SGLangEngine pid=60897)[0m [2026-08-06 06:19:10] Decode batch, #running-req: 37, #full token: 34566, full token usage: 0.04, mamba num: 115, mamba usage: 0.25, cuda graph: True, gen throughput (token/s): 6519.09, #queue-req: 0
[36m(SGLangEngine pid=60897)[0m [2026-08-06 06:19:10] Decode batch, #running-req: 37, #full token: 36046, full token usage: 0.04, mamba num: 115, mamba usage: 0.25, cuda graph: True, gen throughput (token/s): 5950.38, #queue-req: 0
[36m(SGLangEngine pid=60897)[0m [2026-08-06 06:19:10] Decode batch, #running-req: 37, #full token: 37526, full token usage: 0.05, mamba num: 115, mamba usage: 0.25, cuda graph: True, gen throughput (token/s): 6115.99, #queue-req: 0
[36m(SGLangEngine pid=60897)[0m [2026-08-06 06:19:11] Decode batch, #running-req: 37, #full token: 39006, full token usage: 0.05, mamba num: 115, mamba usage: 0.25, cuda graph: True, gen throughput (token/s): 6660.53, #queue-req: 0
[36m(SGLangEngine pid=60897)[0m [2026-08-06 06:19:11] Decode batch, #running-req: 37, #full token: 40486, full token usage: 0.05, mamba num: 115, mamba usage: 0.25, cuda graph: True, gen throughput (token/s): 6094.74, #queue-req: 0
[36m(SGLangEngine pid=60897)[0m [2026-08-06 06:19:11] Decode batch, #running-req: 37, #full token: 41966, full token usage: 0.05, mamba num: 115, mamba usage: 0.25, cuda graph: True, gen throughput (token/s): 6692.75, #queue-req: 0
[36m(SGLangEngine pid=60897)[0m [2026-08-06 06:19:11] Decode batch, #running-req: 37, #full token: 43446, full token usage: 0.05, mamba num: 115, mamba usage: 0.25, cuda graph: True, gen throughput (token/s): 6221.50, #queue-req: 0
[36m(SGLangEngine pid=60897)[0m [2026-08-06 06:19:11] Decode batch, #running-req: 37, #full token: 44926, full token usage: 0.06, mamba num: 115, mamba usage: 0.25, cuda graph: True, gen throughput (token/s): 6573.99, #queue-req: 0
[36m(SGLangEngine pid=60897)[0m [2026-08-06 06:19:12] Decode batch, #running-req: 37, #full token: 46406, full token usage: 0.06, mamba num: 115, mamba usage: 0.25, cuda graph: True, gen throughput (token/s): 5583.63, #queue-req: 0
[36m(SGLangEngine pid=60897)[0m [2026-08-06 06:19:12] Decode batch, #running-req: 37, #full token: 47886, full token usage: 0.06, mamba num: 115, mamba usage: 0.25, cuda graph: True, gen throughput (token/s): 6520.05, #queue-req: 0
[36m(SGLangEngine pid=60897)[0m [2026-08-06 06:19:12] Decode batch, #running-req: 37, #full token: 49366, full token usage: 0.06, mamba num: 115, mamba usage: 0.25, cuda graph: True, gen throughput (token/s): 6624.83, #queue-req: 0
[36m(SGLangEngine pid=60897)[0m [2026-08-06 06:19:12] Decode batch, #running-req: 37, #full token: 50846, full token usage: 0.06, mamba num: 115, mamba usage: 0.25, cuda graph: True, gen throughput (token/s): 5963.13, #queue-req: 0
[36m(SGLangEngine pid=60897)[0m [2026-08-06 06:19:13] Decode batch, #running-req: 37, #full token: 52326, full token usage: 0.06, mamba num: 115, mamba usage: 0.25, cuda graph: True, gen throughput (token/s): 6109.27, #queue-req: 0
[36m(SGLangEngine pid=60897)[0m [2026-08-06 06:19:13] Decode batch, #running-req: 37, #full token: 53806, full token usage: 0.07, mamba num: 115, mamba usage: 0.25, cuda graph: True, gen throughput (token/s): 6449.68, #queue-req: 0
[36m(SGLangEngine pid=60897)[0m [2026-08-06 06:19:13] Decode batch, #running-req: 37, #full token: 55286, full token usage: 0.07, mamba num: 115, mamba usage: 0.25, cuda graph: True, gen throughput (token/s): 5443.11, #queue-req: 0
[36m(SGLangEngine pid=60897)[0m [2026-08-06 06:19:13] Decode batch, #running-req: 37, #full token: 56766, full token usage: 0.07, mamba num: 115, mamba usage: 0.25, cuda graph: True, gen throughput (token/s): 6227.99, #queue-req: 0
[36m(SGLangEngine pid=60897)[0m [2026-08-06 06:19:14] Decode batch, #running-req: 37, #full token: 58246, full token usage: 0.07, mamba num: 115, mamba usage: 0.25, cuda graph: True, gen throughput (token/s): 6386.21, #queue-req: 0
[36m(SGLangEngine pid=60897)[0m [2026-08-06 06:19:14] Decode batch, #running-req: 37, #full token: 59726, full token usage: 0.07, mamba num: 115, mamba usage: 0.25, cuda graph: True, gen throughput (token/s): 5860.48, #queue-req: 0
[36m(SGLangEngine pid=60897)[0m [2026-08-06 06:19:14] Decode batch, #running-req: 37, #full token: 61206, full token usage: 0.08, mamba num: 115, mamba usage: 0.25, cuda graph: True, gen throughput (token/s): 6169.07, #queue-req: 0
[36m(SGLangEngine pid=60897)[0m [2026-08-06 06:19:14] Decode batch, #running-req: 37, #full token: 62686, full token usage: 0.08, mamba num: 115, mamba usage: 0.25, cuda graph: True, gen throughput (token/s): 6179.61, #queue-req: 0
[36m(SGLangEngine pid=60897)[0m [2026-08-06 06:19:15] Decode batch, #running-req: 37, #full token: 64166, full token usage: 0.08, mamba num: 115, mamba usage: 0.25, cuda graph: True, gen throughput (token/s): 6115.26, #queue-req: 0
[36m(SGLangEngine pid=60897)[0m [2026-08-06 06:19:15] Decode batch, #running-req: 37, #full token: 65646, full token usage: 0.08, mamba num: 115, mamba usage: 0.25, cuda graph: True, gen throughput (token/s): 5357.13, #queue-req: 0
[36m(SGLangEngine pid=60897)[0m [2026-08-06 06:19:15] Decode batch, #running-req: 37, #full token: 67126, full token usage: 0.08, mamba num: 115, mamba usage: 0.25, cuda graph: True, gen throughput (token/s): 6271.53, #queue-req: 0
[36m(SGLangEngine pid=60897)[0m [2026-08-06 06:19:15] Decode batch, #running-req: 37, #full token: 68606, full token usage: 0.08, mamba num: 115, mamba usage: 0.25, cuda graph: True, gen throughput (token/s): 5919.08, #queue-req: 0
[36m(SGLangEngine pid=60897)[0m [2026-08-06 06:19:16] Decode batch, #running-req: 37, #full token: 70086, full token usage: 0.09, mamba num: 115, mamba usage: 0.25, cuda graph: True, gen throughput (token/s): 6063.17, #queue-req: 0
[36m(SGLangEngine pid=60897)[0m [2026-08-06 06:19:16] Decode batch, #running-req: 37, #full token: 71566, full token usage: 0.09, mamba num: 115, mamba usage: 0.25, cuda graph: True, gen throughput (token/s): 5891.59, #queue-req: 0
[36m(SGLangEngine pid=60897)[0m [2026-08-06 06:19:16] INFO:     172.25.0.2:52980 - "POST /generate HTTP/1.1" 200 OK
[36m(SGLangEngine pid=60897)[0m [2026-08-06 06:19:16] INFO:     172.25.0.2:52990 - "POST /generate HTTP/1.1" 200 OK
[36m(SGLangEngine pid=60897)[0m [2026-08-06 06:19:16] Decode batch, #running-req: 35, #full token: 64774, full token usage: 0.08, mamba num: 109, mamba usage: 0.24, cuda graph: True, gen throughput (token/s): 6071.36, #queue-req: 0
[36m(SGLangEngine pid=60897)[0m [2026-08-06 06:19:16] Decode batch, #running-req: 35, #full token: 66174, full token usage: 0.08, mamba num: 109, mamba usage: 0.24, cuda graph: True, gen throughput (token/s): 5290.97, #queue-req: 0
[36m(SGLangEngine pid=60897)[0m [2026-08-06 06:19:17] Decode batch, #running-req: 35, #full token: 67574, full token usage: 0.08, mamba num: 109, mamba usage: 0.24, cuda graph: True, gen throughput (token/s): 5927.00, #queue-req: 0
[36m(SGLangEngine pid=60897)[0m [2026-08-06 06:19:17] Decode batch, #running-req: 35, #full token: 68974, full token usage: 0.09, mamba num: 109, mamba usage: 0.24, cuda graph: True, gen throughput (token/s): 6005.84, #queue-req: 0
[36m(SGLangEngine pid=60897)[0m [2026-08-06 06:19:17] Decode batch, #running-req: 35, #full token: 70374, full token usage: 0.09, mamba num: 109, mamba usage: 0.24, cuda graph: True, gen throughput (token/s): 5517.38, #queue-req: 0
[36m(SGLangEngine pid=60897)[0m [2026-08-06 06:19:17] Decode batch, #running-req: 35, #full token: 71774, full token usage: 0.09, mamba num: 109, mamba usage: 0.24, cuda graph: True, gen throughput (token/s): 5840.68, #queue-req: 0
[36m(SGLangEngine pid=60897)[0m [2026-08-06 06:19:18] Decode batch, #running-req: 35, #full token: 73174, full token usage: 0.09, mamba num: 109, mamba usage: 0.24, cuda graph: True, gen throughput (token/s): 5803.38, #queue-req: 0
[36m(SGLangEngine pid=60897)[0m [2026-08-06 06:19:18] Decode batch, #running-req: 35, #full token: 74574, full token usage: 0.09, mamba num: 109, mamba usage: 0.24, cuda graph: True, gen throughput (token/s): 5319.72, #queue-req: 0
[36m(SGLangEngine pid=60897)[0m [2026-08-06 06:19:18] Decode batch, #running-req: 35, #full token: 75974, full token usage: 0.09, mamba num: 109, mamba usage: 0.24, cuda graph: True, gen throughput (token/s): 5618.84, #queue-req: 0
[36m(SGLangEngine pid=60897)[0m [2026-08-06 06:19:18] Decode batch, #running-req: 35, #full token: 77374, full token usage: 0.10, mamba num: 109, mamba usage: 0.24, cuda graph: True, gen throughput (token/s): 5927.52, #queue-req: 0
[36m(SGLangEngine pid=60897)[0m [2026-08-06 06:19:19] Decode batch, #running-req: 35, #full token: 78774, full token usage: 0.10, mamba num: 109, mamba usage: 0.24, cuda graph: True, gen throughput (token/s): 5450.08, #queue-req: 0
[36m(SGLangEngine pid=60897)[0m [2026-08-06 06:19:19] Decode batch, #running-req: 35, #full token: 80174, full token usage: 0.10, mamba num: 109, mamba usage: 0.24, cuda graph: True, gen throughput (token/s): 5896.48, #queue-req: 0
[36m(SGLangEngine pid=60897)[0m [2026-08-06 06:19:19] Decode batch, #running-req: 35, #full token: 81574, full token usage: 0.10, mamba num: 109, mamba usage: 0.24, cuda graph: True, gen throughput (token/s): 5571.39, #queue-req: 0
[36m(SGLangEngine pid=60897)[0m [2026-08-06 06:19:19] Decode batch, #running-req: 35, #full token: 82974, full token usage: 0.10, mamba num: 109, mamba usage: 0.24, cuda graph: True, gen throughput (token/s): 5877.48, #queue-req: 0
[36m(SGLangEngine pid=60897)[0m [2026-08-06 06:19:20] Decode batch, #running-req: 35, #full token: 84374, full token usage: 0.10, mamba num: 109, mamba usage: 0.24, cuda graph: True, gen throughput (token/s): 5120.55, #queue-req: 0
[36m(SGLangEngine pid=60897)[0m [2026-08-06 06:19:20] Decode batch, #running-req: 35, #full token: 85774, full token usage: 0.11, mamba num: 109, mamba usage: 0.24, cuda graph: True, gen throughput (token/s): 5688.24, #queue-req: 0
[36m(SGLangEngine pid=60897)[0m [2026-08-06 06:19:20] Decode batch, #running-req: 35, #full token: 87174, full token usage: 0.11, mamba num: 109, mamba usage: 0.24, cuda graph: True, gen throughput (token/s): 5838.03, #queue-req: 0
[36m(SGLangEngine pid=60897)[0m [2026-08-06 06:19:20] Decode batch, #running-req: 35, #full token: 88574, full token usage: 0.11, mamba num: 109, mamba usage: 0.24, cuda graph: True, gen throughput (token/s): 5383.25, #queue-req: 0
[36m(SGLangEngine pid=60897)[0m [2026-08-06 06:19:21] Decode batch, #running-req: 35, #full token: 89974, full token usage: 0.11, mamba num: 109, mamba usage: 0.24, cuda graph: True, gen throughput (token/s): 5614.93, #queue-req: 0
[36m(SGLangEngine pid=60897)[0m [2026-08-06 06:19:21] Decode batch, #running-req: 35, #full token: 91374, full token usage: 0.11, mamba num: 109, mamba usage: 0.24, cuda graph: True, gen throughput (token/s): 5801.40, #queue-req: 0
[36m(SGLangEngine pid=60897)[0m [2026-08-06 06:19:21] Decode batch, #running-req: 35, #full token: 92774, full token usage: 0.11, mamba num: 109, mamba usage: 0.24, cuda graph: True, gen throughput (token/s): 5063.73, #queue-req: 0
[36m(SGLangEngine pid=60897)[0m [2026-08-06 06:19:21] Decode batch, #running-req: 35, #full token: 94174, full token usage: 0.12, mamba num: 109, mamba usage: 0.24, cuda graph: True, gen throughput (token/s): 5622.96, #queue-req: 0
[36m(SGLangEngine pid=60897)[0m [2026-08-06 06:19:22] Decode batch, #running-req: 35, #full token: 95574, full token usage: 0.12, mamba num: 109, mamba usage: 0.24, cuda graph: True, gen throughput (token/s): 5771.37, #queue-req: 0
[36m(SGLangEngine pid=60897)[0m [2026-08-06 06:19:22] Decode batch, #running-req: 35, #full token: 96974, full token usage: 0.12, mamba num: 109, mamba usage: 0.24, cuda graph: True, gen throughput (token/s): 5313.19, #queue-req: 0
[36m(SGLangEngine pid=60897)[0m [2026-08-06 06:19:22] Decode batch, #running-req: 35, #full token: 98374, full token usage: 0.12, mamba num: 109, mamba usage: 0.24, cuda graph: True, gen throughput (token/s): 5554.25, #queue-req: 0
[36m(SGLangEngine pid=60897)[0m [2026-08-06 06:19:22] Decode batch, #running-req: 35, #full token: 99774, full token usage: 0.12, mamba num: 109, mamba usage: 0.24, cuda graph: True, gen throughput (token/s): 5539.65, #queue-req: 0
[36m(SGLangEngine pid=60897)[0m [2026-08-06 06:19:23] Decode batch, #running-req: 35, #full token: 101174, full token usage: 0.13, mamba num: 109, mamba usage: 0.24, cuda graph: True, gen throughput (token/s): 5455.85, #queue-req: 0
[36m(SGLangEngine pid=60897)[0m [2026-08-06 06:19:23] INFO:     172.25.0.2:53064 - "POST /generate HTTP/1.1" 200 OK
[36m(SGLangEngine pid=60897)[0m [2026-08-06 06:19:23] INFO:     172.25.0.2:53158 - "POST /generate HTTP/1.1" 200 OK
[36m(SGLangEngine pid=60897)[0m [2026-08-06 06:19:23] Decode batch, #running-req: 34, #full token: 99695, full token usage: 0.12, mamba num: 106, mamba usage: 0.23, cuda graph: True, gen throughput (token/s): 4973.01, #queue-req: 0
[36m(SGLangEngine pid=60897)[0m [2026-08-06 06:19:23] Decode batch, #running-req: 33, #full token: 98229, full token usage: 0.12, mamba num: 103, mamba usage: 0.22, cuda graph: True, gen throughput (token/s): 5598.21, #queue-req: 0
[36m(SGLangEngine pid=60897)[0m [2026-08-06 06:19:23] Decode batch, #running-req: 33, #full token: 99549, full token usage: 0.12, mamba num: 103, mamba usage: 0.22, cuda graph: True, gen throughput (token/s): 5301.50, #queue-req: 0
[36m(SGLangEngine pid=60897)[0m [2026-08-06 06:19:24] Decode batch, #running-req: 33, #full token: 100869, full token usage: 0.12, mamba num: 103, mamba usage: 0.22, cuda graph: True, gen throughput (token/s): 5438.08, #queue-req: 0
[36m(SGLangEngine pid=60897)[0m [2026-08-06 06:19:24] Decode batch, #running-req: 33, #full token: 102189, full token usage: 0.13, mamba num: 103, mamba usage: 0.22, cuda graph: True, gen throughput (token/s): 5429.46, #queue-req: 0
[36m(SGLangEngine pid=60897)[0m [2026-08-06 06:19:24] Decode batch, #running-req: 33, #full token: 103509, full token usage: 0.13, mamba num: 103, mamba usage: 0.22, cuda graph: True, gen throughput (token/s): 5570.80, #queue-req: 0
[36m(SGLangEngine pid=60897)[0m [2026-08-06 06:19:24] Decode batch, #running-req: 33, #full token: 104829, full token usage: 0.13, mamba num: 103, mamba usage: 0.22, cuda graph: True, gen throughput (token/s): 4856.14, #queue-req: 0
[36m(SGLangEngine pid=60897)[0m [2026-08-06 06:19:25] Decode batch, #running-req: 33, #full token: 106149, full token usage: 0.13, mamba num: 103, mamba usage: 0.22, cuda graph: True, gen throughput (token/s): 5409.91, #queue-req: 0
[36m(SGLangEngine pid=60897)[0m [2026-08-06 06:19:25] Decode batch, #running-req: 33, #full token: 107469, full token usage: 0.13, mamba num: 103, mamba usage: 0.22, cuda graph: True, gen throughput (token/s): 5537.10, #queue-req: 0
[36m(SGLangEngine pid=60897)[0m [2026-08-06 06:19:25] INFO:     172.25.0.2:53130 - "POST /generate HTTP/1.1" 200 OK
[36m(SGLangEngine pid=60897)[0m [2026-08-06 06:19:25] Decode batch, #running-req: 32, #full token: 105643, full token usage: 0.13, mamba num: 100, mamba usage: 0.22, cuda graph: True, gen throughput (token/s): 5171.31, #queue-req: 0
[36m(SGLangEngine pid=60897)[0m [2026-08-06 06:19:25] Decode batch, #running-req: 32, #full token: 106923, full token usage: 0.13, mamba num: 100, mamba usage: 0.22, cuda graph: True, gen throughput (token/s): 5567.69, #queue-req: 0
[36m(SGLangEngine pid=60897)[0m [2026-08-06 06:19:25] INFO:     172.25.0.2:53004 - "POST /generate HTTP/1.1" 200 OK
[36m(SGLangEngine pid=60897)[0m [2026-08-06 06:19:26] Decode batch, #running-req: 31, #full token: 104084, full token usage: 0.13, mamba num: 97, mamba usage: 0.21, cuda graph: True, gen throughput (token/s): 5317.11, #queue-req: 0
[36m(SGLangEngine pid=60897)[0m [2026-08-06 06:19:26] Decode batch, #running-req: 31, #full token: 105324, full token usage: 0.13, mamba num: 97, mamba usage: 0.21, cuda graph: True, gen throughput (token/s): 4818.47, #queue-req: 0
[36m(SGLangEngine pid=60897)[0m [2026-08-06 06:19:26] Decode batch, #running-req: 31, #full token: 106564, full token usage: 0.13, mamba num: 97, mamba usage: 0.21, cuda graph: True, gen throughput (token/s): 5235.10, #queue-req: 0
[36m(SGLangEngine pid=60897)[0m [2026-08-06 06:19:26] INFO:     172.25.0.2:53008 - "POST /generate HTTP/1.1" 200 OK
[36m(SGLangEngine pid=60897)[0m [2026-08-06 06:19:26] Decode batch, #running-req: 30, #full token: 103679, full token usage: 0.13, mamba num: 94, mamba usage: 0.20, cuda graph: True, gen throughput (token/s): 5306.05, #queue-req: 0
[36m(SGLangEngine pid=60897)[0m [2026-08-06 06:19:27] Decode batch, #running-req: 30, #full token: 104879, full token usage: 0.13, mamba num: 94, mamba usage: 0.20, cuda graph: True, gen throughput (token/s): 4837.83, #queue-req: 0
[36m(SGLangEngine pid=60897)[0m [2026-08-06 06:19:27] Decode batch, #running-req: 30, #full token: 106079, full token usage: 0.13, mamba num: 94, mamba usage: 0.20, cuda graph: True, gen throughput (token/s): 5251.37, #queue-req: 0
[36m(SGLangEngine pid=60897)[0m [2026-08-06 06:19:27] Decode batch, #running-req: 30, #full token: 107279, full token usage: 0.13, mamba num: 94, mamba usage: 0.20, cuda graph: True, gen throughput (token/s): 5205.36, #queue-req: 0
[36m(SGLangEngine pid=60897)[0m [2026-08-06 06:19:27] Decode batch, #running-req: 30, #full token: 108479, full token usage: 0.13, mamba num: 94, mamba usage: 0.20, cuda graph: True, gen throughput (token/s): 5267.04, #queue-req: 0
[36m(SGLangEngine pid=60897)[0m [2026-08-06 06:19:27] INFO:     172.25.0.2:53114 - "POST /generate HTTP/1.1" 200 OK
[36m(SGLangEngine pid=60897)[0m [2026-08-06 06:19:27] Decode batch, #running-req: 29, #full token: 106133, full token usage: 0.13, mamba num: 91, mamba usage: 0.20, cuda graph: True, gen throughput (token/s): 4671.87, #queue-req: 0
[36m(SGLangEngine pid=60897)[0m [2026-08-06 06:19:28] INFO:     172.25.0.2:53006 - "POST /generate HTTP/1.1" 200 OK
[36m(SGLangEngine pid=60897)[0m [2026-08-06 06:19:28] INFO:     172.25.0.2:53024 - "POST /generate HTTP/1.1" 200 OK
[36m(SGLangEngine pid=60897)[0m [2026-08-06 06:19:28] Decode batch, #running-req: 27, #full token: 99083, full token usage: 0.12, mamba num: 85, mamba usage: 0.18, cuda graph: True, gen throughput (token/s): 5048.96, #queue-req: 0
[36m(SGLangEngine pid=60897)[0m [2026-08-06 06:19:28] INFO:     172.25.0.2:53318 - "POST /generate HTTP/1.1" 200 OK
[36m(SGLangEngine pid=60897)[0m [2026-08-06 06:19:28] Decode batch, #running-req: 27, #full token: 100163, full token usage: 0.12, mamba num: 85, mamba usage: 0.18, cuda graph: True, gen throughput (token/s): 4871.40, #queue-req: 0
[36m(SGLangEngine pid=60897)[0m [2026-08-06 06:19:28] Decode batch, #running-req: 26, #full token: 97577, full token usage: 0.12, mamba num: 82, mamba usage: 0.18, cuda graph: True, gen throughput (token/s): 4464.17, #queue-req: 0
[36m(SGLangEngine pid=60897)[0m [2026-08-06 06:19:28] INFO:     172.25.0.2:53010 - "POST /generate HTTP/1.1" 200 OK
[36m(SGLangEngine pid=60897)[0m [2026-08-06 06:19:28] Decode batch, #running-req: 25, #full token: 94510, full token usage: 0.12, mamba num: 79, mamba usage: 0.17, cuda graph: True, gen throughput (token/s): 4499.74, #queue-req: 0
[36m(SGLangEngine pid=60897)[0m [2026-08-06 06:19:29] Decode batch, #running-req: 25, #full token: 95510, full token usage: 0.12, mamba num: 79, mamba usage: 0.17, cuda graph: True, gen throughput (token/s): 4501.22, #queue-req: 0
[36m(SGLangEngine pid=60897)[0m [2026-08-06 06:19:29] INFO:     172.25.0.2:53038 - "POST /generate HTTP/1.1" 200 OK
[36m(SGLangEngine pid=60897)[0m [2026-08-06 06:19:29] Decode batch, #running-req: 24, #full token: 92397, full token usage: 0.11, mamba num: 76, mamba usage: 0.16, cuda graph: True, gen throughput (token/s): 4089.72, #queue-req: 0
[36m(SGLangEngine pid=60897)[0m [2026-08-06 06:19:29] INFO:     172.25.0.2:53036 - "POST /generate HTTP/1.1" 200 OK
[36m(SGLangEngine pid=60897)[0m [2026-08-06 06:19:29] Decode batch, #running-req: 24, #full token: 93357, full token usage: 0.12, mamba num: 76, mamba usage: 0.16, cuda graph: True, gen throughput (token/s): 4276.49, #queue-req: 0
[36m(SGLangEngine pid=60897)[0m [2026-08-06 06:19:29] INFO:     172.25.0.2:53060 - "POST /generate HTTP/1.1" 200 OK
[36m(SGLangEngine pid=60897)[0m [2026-08-06 06:19:29] Decode batch, #running-req: 22, #full token: 85799, full token usage: 0.11, mamba num: 68, mamba usage: 0.15, cuda graph: True, gen throughput (token/s): 4166.23, #queue-req: 0
[36m(SGLangEngine pid=60897)[0m [2026-08-06 06:19:29] INFO:     172.25.0.2:53066 - "POST /generate HTTP/1.1" 200 OK
[36m(SGLangEngine pid=60897)[0m [2026-08-06 06:19:30] Decode batch, #running-req: 21, #full token: 82550, full token usage: 0.10, mamba num: 65, mamba usage: 0.14, cuda graph: True, gen throughput (token/s): 3987.65, #queue-req: 0
[36m(SGLangEngine pid=60897)[0m [2026-08-06 06:19:30] Decode batch, #running-req: 21, #full token: 83390, full token usage: 0.10, mamba num: 65, mamba usage: 0.14, cuda graph: True, gen throughput (token/s): 3897.94, #queue-req: 0
[36m(SGLangEngine pid=60897)[0m [2026-08-06 06:19:30] Decode batch, #running-req: 21, #full token: 84230, full token usage: 0.10, mamba num: 65, mamba usage: 0.14, cuda graph: True, gen throughput (token/s): 3893.02, #queue-req: 0
[36m(SGLangEngine pid=60897)[0m [2026-08-06 06:19:30] INFO:     172.25.0.2:53312 - "POST /generate HTTP/1.1" 200 OK
[36m(SGLangEngine pid=60897)[0m [2026-08-06 06:19:30] Decode batch, #running-req: 21, #full token: 85070, full token usage: 0.11, mamba num: 65, mamba usage: 0.14, cuda graph: True, gen throughput (token/s): 3762.16, #queue-req: 0
[36m(SGLangEngine pid=60897)[0m [2026-08-06 06:19:30] Decode batch, #running-req: 20, #full token: 81844, full token usage: 0.10, mamba num: 62, mamba usage: 0.13, cuda graph: True, gen throughput (token/s): 3664.68, #queue-req: 0
[36m(SGLangEngine pid=60897)[0m [2026-08-06 06:19:31] INFO:     172.25.0.2:53086 - "POST /generate HTTP/1.1" 200 OK
[36m(SGLangEngine pid=60897)[0m [2026-08-06 06:19:31] INFO:     172.25.0.2:53084 - "POST /generate HTTP/1.1" 200 OK
[36m(SGLangEngine pid=60897)[0m [2026-08-06 06:19:31] INFO:     172.25.0.2:53102 - "POST /generate HTTP/1.1" 200 OK
[36m(SGLangEngine pid=60897)[0m [2026-08-06 06:19:31] INFO:     172.25.0.2:53104 - "POST /generate HTTP/1.1" 200 OK
[36m(SGLangEngine pid=60897)[0m [2026-08-06 06:19:31] INFO:     172.25.0.2:53118 - "POST /generate HTTP/1.1" 200 OK
[36m(SGLangEngine pid=60897)[0m [2026-08-06 06:19:31] INFO:     172.25.0.2:53122 - "POST /generate HTTP/1.1" 200 OK
[36m(SGLangEngine pid=60897)[0m [2026-08-06 06:19:31] INFO:     172.25.0.2:53146 - "POST /generate HTTP/1.1" 200 OK
[36m(SGLangEngine pid=60897)[0m [2026-08-06 06:19:31] INFO:     172.25.0.2:53182 - "POST /generate HTTP/1.1" 200 OK
[36m(SGLangEngine pid=60897)[0m [2026-08-06 06:19:31] INFO:     172.25.0.2:53218 - "POST /generate HTTP/1.1" 200 OK
[36m(SGLangEngine pid=60897)[0m [2026-08-06 06:19:31] INFO:     172.25.0.2:53194 - "POST /generate HTTP/1.1" 200 OK
[36m(SGLangEngine pid=60897)[0m [2026-08-06 06:19:31] INFO:     172.25.0.2:53208 - "POST /generate HTTP/1.1" 200 OK
[36m(SGLangEngine pid=60897)[0m [2026-08-06 06:19:31] INFO:     172.25.0.2:53248 - "POST /generate HTTP/1.1" 200 OK
[36m(SGLangEngine pid=60897)[0m [2026-08-06 06:19:31] INFO:     172.25.0.2:53168 - "POST /generate HTTP/1.1" 200 OK
[36m(SGLangEngine pid=60897)[0m [2026-08-06 06:19:31] INFO:     172.25.0.2:53220 - "POST /generate HTTP/1.1" 200 OK
[36m(SGLangEngine pid=60897)[0m [2026-08-06 06:19:31] INFO:     172.25.0.2:53256 - "POST /generate HTTP/1.1" 200 OK
[36m(SGLangEngine pid=60897)[0m [2026-08-06 06:19:31] INFO:     172.25.0.2:53250 - "POST /generate HTTP/1.1" 200 OK
[36m(SGLangEngine pid=60897)[0m [2026-08-06 06:19:31] INFO:     172.25.0.2:53254 - "POST /generate HTTP/1.1" 200 OK
[36m(SGLangEngine pid=60897)[0m [2026-08-06 06:19:31] INFO:     172.25.0.2:53274 - "POST /generate HTTP/1.1" 200 OK
[36m(SGLangEngine pid=60897)[0m [2026-08-06 06:19:31] INFO:     172.25.0.2:53280 - "POST /generate HTTP/1.1" 200 OK
[36m(SGLangEngine pid=60897)[0m [2026-08-06 06:19:31] INFO:     172.25.0.2:53296 - "POST /generate HTTP/1.1" 200 OK
[36m(RolloutManager pid=60685)[0m [2026-08-06 06:19:31.288 rollout_manager] rmct_rollout.py:412 - RMCT step 1: 2 grad samples, parse_rate=0.133, gap=0.8889, cache_hit=0.35
[36m(RolloutManager pid=60685)[0m [2026-08-06 06:19:31.302 rollout_manager] metrics.py:89 - perf 0: {'rmct/parse_rate': 0.1328125, 'rmct/p_ref_mean': 0.05555555555555555, 'rmct/p_hat_mean': 1.0, 'rmct/gap_mean': 0.8888888888888888, 'rmct/has_signal': 0.0, 'rmct/n_grad_samples': 2.0, 'rmct/completion_len_p50': 4096.0, 'rmct/completion_len_p99': 4096.0, 'rmct/truncated_frac': 0.8671875, 'rmct/prefix_cache_hit_rate': 0.35181644359464626, 'rollout/response_len/mean': 0.0, 'rollout/response_len/median': 0.0, 'rollout/response_len/max': 0, 'rollout/response_len/min': 0, 'rollout/zero_std/count_0.0': 1, 'rollout/zero_std/all_zero_percentage': 1.0, 'rollout/zero_std/all_one_percentage': 0.0, 'rollout/prefix_cache_hit_rate': 0.0, 'rollout/avg_cached_tokens_per_sample': 0.0, 'rollout/repetition_frac': 0.0, 'rollout/truncated_ratio': 0.0, 'perf/rollout_time': 62.96206784248352, 'perf/tokens_per_gpu_per_sec': 491.69287256336196, 'perf/longest_sample_tokens_per_sec': 65.0550425098369, 'perf/effective_tokens_per_gpu_per_sec': 0.0, 'perf/longest_effective_sample_tokens_per_sec': 0.0}
[36m(RolloutManager pid=60685)[0m [2026-08-06 06:19:31.303 rollout_manager] train_data_conversion.py:262 - Rollout-side DP schedule: num_samples=8, num_rollouts=[1], num_microbatches=[5]
[36m(SGLangEngine pid=60897)[0m [2026-08-06 06:19:31] INFO:     172.25.0.2:46270 - "GET /flush_cache HTTP/1.1" 200 OK
[36m(SGLangEngine pid=60897)[0m [2026-08-06 06:19:31] Reset HybridReqToTokenPool
[36m(SGLangEngine pid=60897)[0m [2026-08-06 06:19:31] Cache flushed successfully!
[36m(SGLangEngine pid=60897)[0m [2026-08-06 06:19:31] Reset HybridReqToTokenPool
[36m(SGLangEngine pid=60897)[0m [2026-08-06 06:19:31] Cache flushed successfully!
[36m(SGLangEngine pid=60897)[0m [2026-08-06 06:19:31] INFO:     172.25.0.2:46272 - "POST /release_memory_occupation HTTP/1.1" 200 OK
[36m(MegatronTrainRayActor pid=61275)[0m [2026-08-06 06:19:31.397 actor_cell0_rank0] structured_log.py:23 - ft cls=MegatronTrainRayActor fn=train phase=start
[36m(MegatronTrainRayActor pid=61275)[0m [2026-08-06 06:19:31.398 actor_cell0_rank0] structured_log.py:23 - ft cls=MegatronTrainRayActor fn=wake_up phase=start
[36m(MegatronTrainRayActor pid=61275)[0m [2026-08-06 06:19:31.398 actor_cell0_rank0] timer.py:31 - Timer wake_up start
[36m(MegatronTrainRayActor pid=61275)[0m [2026-08-06 06:19:31.398 actor_cell0_rank0] memory_utils.py:41 - [Rank 0] Memory-Usage before wake_up model: {'gpu': '0', 'total_GB': 139.81, 'free_GB': 137.03, 'used_GB': 2.78, 'allocated_GB': 39.17, 'reserved_GB': 39.23}
[36m(MegatronTrainRayActor pid=61275)[0m [2026-08-06 06:19:33.908 actor_cell0_rank0] reloadable_process_group.py:151 - Reloading 0 process groups in pid 61275
[36m(MegatronTrainRayActor pid=61275)[0m [2026-08-06 06:19:33.908 actor_cell0_rank0] memory_utils.py:41 - [Rank 0] Memory-Usage after wake_up model: {'gpu': '0', 'total_GB': 139.81, 'free_GB': 97.83, 'used_GB': 41.98, 'allocated_GB': 39.17, 'reserved_GB': 39.23}
[36m(MegatronTrainRayActor pid=61275)[0m [2026-08-06 06:19:33.908 actor_cell0_rank0] timer.py:42 - Timer wake_up end (elapsed: 2.5s)
[36m(MegatronTrainRayActor pid=61275)[0m [2026-08-06 06:19:33.908 actor_cell0_rank0] structured_log.py:27 - ft cls=MegatronTrainRayActor fn=wake_up phase=end ok=true elapsed_s=2.5
[36m(MegatronTrainRayActor pid=61275)[0m [2026-08-06 06:19:33.908 actor_cell0_rank0] timer.py:31 - Timer data_preprocess start
[36m(MegatronTrainRayActor pid=61275)[0m [2026-08-06 06:19:33.916 actor_cell0_rank0] timer.py:42 - Timer data_preprocess end (elapsed: 0.0s)
[36m(MegatronTrainRayActor pid=61275)[0m [2026-08-06 06:19:33.916 actor_cell0_rank0] structured_log.py:23 - ft cls=MegatronTrainRayActor fn=train_actor phase=start
[36m(MegatronTrainRayActor pid=61275)[0m [2026-08-06 06:19:33.917 actor_cell0_rank0] timer.py:42 - Timer train_wait end (elapsed: 66.0s)
[36m(MegatronTrainRayActor pid=61275)[0m [2026-08-06 06:19:33.917 actor_cell0_rank0] timer.py:31 - Timer train start
[36m(MegatronTrainRayActor pid=61275)[0m [2026-08-06 06:19:34.070 actor_cell0_rank0] structured_log.py:23 - ft cls=MegatronTrainRayActor fn=compute_log_prob phase=start
[36m(MegatronTrainRayActor pid=61275)[0m [2026-08-06 06:19:34.070 actor_cell0_rank0] timer.py:31 - Timer ref_log_probs start
[36m(SGLangEngine pid=60897)[0m [2026-08-06 06:19:54] INFO:     172.25.0.2:53590 - "GET /health HTTP/1.1" 200 OK
[36m(MegatronTrainRayActor pid=61275)[0m [2026-08-06 06:20:06.403 actor_cell0_rank0] timer.py:42 - Timer ref_log_probs end (elapsed: 32.3s)
[36m(MegatronTrainRayActor pid=61275)[0m [2026-08-06 06:20:06.404 actor_cell0_rank0] structured_log.py:27 - ft cls=MegatronTrainRayActor fn=compute_log_prob phase=end ok=true elapsed_s=32.3
[36m(MegatronTrainRayActor pid=61275)[0m [2026-08-06 06:20:06.573 actor_cell0_rank0] structured_log.py:23 - ft cls=MegatronTrainRayActor fn=compute_log_prob phase=start
[36m(MegatronTrainRayActor pid=61275)[0m [2026-08-06 06:20:06.573 actor_cell0_rank0] timer.py:31 - Timer log_probs start
[36m(MegatronTrainRayActor pid=61275)[0m [2026-08-06 06:20:07.250 actor_cell0_rank0] timer.py:42 - Timer log_probs end (elapsed: 0.7s)
[36m(MegatronTrainRayActor pid=61275)[0m [2026-08-06 06:20:07.250 actor_cell0_rank0] structured_log.py:27 - ft cls=MegatronTrainRayActor fn=compute_log_prob phase=end ok=true elapsed_s=0.7
[36m(MegatronTrainRayActor pid=61275)[0m [2026-08-06 06:20:07.268 actor_cell0_rank0] rmct_advantage.py:104 - rmct/kl_policy_base=0.000000 (kl_coef=0.050)
[36m(MegatronTrainRayActor pid=61275)[0m [2026-08-06 06:20:07.270 actor_cell0_rank0] log_utils.py:55 - ft op=cross_cell phase=start kind=log_gather rank=0
[36m(MegatronTrainRayActor pid=61275)[0m [2026-08-06 06:20:07.271 actor_cell0_rank0] log_utils.py:61 - ft op=cross_cell phase=end kind=log_gather rank=0 success=true
[36m(MegatronTrainRayActor pid=61275)[0m [2026-08-06 06:20:07.271 actor_cell0_rank0] log_utils.py:78 - rollout 0: {'rollout/response_lengths': 3869.75, 'rollout/rewards': 0.0, 'rollout/truncated': 0.0, 'rollout/rollout_log_probs': 0.0, 'rollout/raw_reward': 0.0, 'rollout/total_lengths': 4034.25, 'rollout/ref_log_probs': 0.0, 'rollout/log_probs': 0.0, 'rollout/advantages': 0.0, 'rollout/returns': 0.0}
[36m(MegatronTrainRayActor pid=61275)[0m [2026-08-06 06:20:07.271 actor_cell0_rank0] timer.py:31 - Timer actor_train start
[36m(MegatronTrainRayActor pid=61275)[0m /root/miles/miles/backends/training_utils/loss.py:187: UserWarning: To copy construct from a tensor, it is recommended to use sourceTensor.detach().clone() or sourceTensor.detach().clone().requires_grad_(True), rather than torch.tensor(sourceTensor).
[36m(MegatronTrainRayActor pid=61275)[0m   torch.tensor(num_tokens if args.calculate_per_token_loss else 1, device=logits.device),
[36m(MegatronTrainRayActor pid=61275)[0m /root/Megatron-LM/megatron/core/pipeline_parallel/schedules.py:190: UserWarning: The AccumulateGrad node's stream does not match the stream of the node that produced the incoming gradient. This may incur unnecessary synchronization and break CUDA graph capture if the AccumulateGrad node's stream is the default stream. This mismatch is caused by an AccumulateGrad node created prior to the current iteration being kept alive. This can happen if the autograd graph is still being kept alive by tensors such as the loss, or if you are using DDP, which will stash a reference to the node. To resolve the mismatch, delete all references to the autograd graph or ensure that DDP initialization is performed under the same stream as subsequent forwards. If the mismatch is intentional, you can use torch.autograd.graph.set_warn_on_accumulate_grad_stream_mismatch(False) to suppress this warning. (Triggered internally at /pytorch/torch/csrc/autograd/input_buffer.cpp:240.)
[36m(MegatronTrainRayActor pid=61275)[0m   Variable._execution_engine.run_backward(
[36m(MegatronTrainRayActor pid=61275)[0m [rank0]:W0806 06:20:11.626000 61275 torch/_dynamo/convert_frame.py:1743] [6/8] torch._dynamo hit config.recompile_limit (8)
[36m(MegatronTrainRayActor pid=61275)[0m [rank0]:W0806 06:20:11.626000 61275 torch/_dynamo/convert_frame.py:1743] [6/8]    function: 'bias_dropout_add_fused_train' (/root/Megatron-LM/megatron/core/fusions/fused_bias_dropout.py:67)
[36m(MegatronTrainRayActor pid=61275)[0m [rank0]:W0806 06:20:11.626000 61275 torch/_dynamo/convert_frame.py:1743] [6/8]    last reason: 6/7: tensor 'x_with_bias[0]' stride mismatch at index 1. expected 2560, actual 20643840
[36m(MegatronTrainRayActor pid=61275)[0m [rank0]:W0806 06:20:11.626000 61275 torch/_dynamo/convert_frame.py:1743] [6/8] To log all recompilation reasons, use TORCH_LOGS="recompiles".
[36m(MegatronTrainRayActor pid=61275)[0m [rank0]:W0806 06:20:11.626000 61275 torch/_dynamo/convert_frame.py:1743] [6/8] To diagnose recompilation issues, see https://docs.pytorch.org/docs/main/user_guide/torch_compiler/compile/programming_model.recompilation.html
[36m(MegatronTrainRayActor pid=61275)[0m /root/miles/miles/backends/training_utils/loss.py:187: UserWarning: To copy construct from a tensor, it is recommended to use sourceTensor.detach().clone() or sourceTensor.detach().clone().requires_grad_(True), rather than torch.tensor(sourceTensor).
[36m(MegatronTrainRayActor pid=61275)[0m   torch.tensor(num_tokens if args.calculate_per_token_loss else 1, device=logits.device),
[36m(MegatronTrainRayActor pid=61275)[0m /root/miles/miles/backends/training_utils/loss.py:187: UserWarning: To copy construct from a tensor, it is recommended to use sourceTensor.detach().clone() or sourceTensor.detach().clone().requires_grad_(True), rather than torch.tensor(sourceTensor).
[36m(MegatronTrainRayActor pid=61275)[0m   torch.tensor(num_tokens if args.calculate_per_token_loss else 1, device=logits.device),
[36m(MegatronTrainRayActor pid=61275)[0m [2026-08-06 06:20:25.647 actor_cell0_rank0] _rank_utils.py:43 - Implicit initialization of Rerun State Machine!
[36m(MegatronTrainRayActor pid=61275)[0m [2026-08-06 06:20:25.647 actor_cell0_rank0] _rank_utils.py:43 - RerunStateMachine initialized in mode RerunMode.DISABLED
[36m(MegatronTrainRayActor pid=61275)[0m [2026-08-06 06:20:25.882 actor_cell0_rank0] model.py:635 - ft op=train_step rollout=0 step=0 attempt=0 outcome=NORMAL valid_step=true
[36m(MegatronTrainRayActor pid=61275)[0m [2026-08-06 06:20:25.920 actor_cell0_rank0] log_utils.py:493 - step 0: {'train/loss': 0.0, 'train/pg_loss': 0.0, 'train/entropy_loss': 0.0, 'train/pg_clipfrac': 0.0, 'train/ppo_kl': 0.0, 'train/ess_ratio': 0.0, 'train/train_rollout_logprob_abs_diff': 0.0, 'train/train_rollout_kl': 0.0, 'train/kl_loss': 0.0, 'train/grad_norm': 0.0, 'train/lr-pg_0': 1e-05, 'train/lr-pg_1': 1e-05, 'train/step': 0}
[36m(MegatronTrainRayActor pid=61275)[0m [2026-08-06 06:20:25.921 actor_cell0_rank0] model.py:854 - step 0: {'train/loss': 0.0, 'train/pg_loss': 0.0, 'train/entropy_loss': 0.0, 'train/pg_clipfrac': 0.0, 'train/ppo_kl': 0.0, 'train/ess_ratio': 0.0, 'train/train_rollout_logprob_abs_diff': 0.0, 'train/train_rollout_kl': 0.0, 'train/kl_loss': 0.0, 'train/grad_norm': 0.0, 'train/lr-pg_0': 1e-05, 'train/lr-pg_1': 1e-05, 'train/step': 0}
[36m(MegatronTrainRayActor pid=61275)[0m [2026-08-06 06:20:25.921 actor_cell0_rank0] timer.py:42 - Timer actor_train end (elapsed: 18.6s)
[36m(MegatronTrainRayActor pid=61275)[0m [2026-08-06 06:20:25.921 actor_cell0_rank0] timer.py:42 - Timer train end (elapsed: 52.0s)
[36m(MegatronTrainRayActor pid=61275)[0m [2026-08-06 06:20:25.921 actor_cell0_rank0] timer.py:31 - Timer train_wait start
[36m(MegatronTrainRayActor pid=61275)[0m [2026-08-06 06:20:26.074 actor_cell0_rank0] train_metric_utils.py:50 - perf 0: {'perf/sleep_time': 6.390648365020752, 'perf/update_weights_time': 0.2915382385253906, 'perf/wake_up_time': 2.510653018951416, 'perf/data_preprocess_time': 0.007957220077514648, 'perf/train_wait_time': 65.9892315864563, 'perf/ref_log_probs_time': 32.3333694934845, 'perf/log_probs_time': 0.676692008972168, 'perf/actor_train_time': 18.64975380897522, 'perf/train_time': 52.00414252281189, 'perf/log_probs_tflops': 361.5697807323379, 'perf/ref_log_probs_tflops': 7.567147660150167, 'perf/actor_train_tflops': 39.35784629869649, 'perf/actor_train_tok_per_s': 1730.5322274264067, 'perf/step_time': 117.99337410926819, 'perf/wait_time_ratio': 0.5592621796317709}
[36m(MegatronTrainRayActor pid=61275)[0m [2026-08-06 06:20:26.074 actor_cell0_rank0] structured_log.py:27 - ft cls=MegatronTrainRayActor fn=train_actor phase=end ok=true elapsed_s=52.2
[36m(MegatronTrainRayActor pid=61275)[0m [2026-08-06 06:20:26.075 actor_cell0_rank0] structured_log.py:27 - ft cls=MegatronTrainRayActor fn=train phase=end ok=true elapsed_s=54.7
[36m(MegatronTrainRayActor pid=61275)[0m [2026-08-06 06:20:26.077 actor_cell0_rank0] structured_log.py:23 - ft cls=MegatronTrainRayActor fn=sleep phase=start
[36m(MegatronTrainRayActor pid=61275)[0m [2026-08-06 06:20:26.077 actor_cell0_rank0] timer.py:31 - Timer sleep start
[36m(MegatronTrainRayActor pid=61275)[0m [2026-08-06 06:20:26.542 actor_cell0_rank0] memory_utils.py:41 - [Rank 0] Memory-Usage before offload model: {'gpu': '0', 'total_GB': 139.81, 'free_GB': 61.06, 'used_GB': 78.75, 'allocated_GB': 71.99, 'reserved_GB': 73.46}
[36m(SGLangEngine pid=60897)[0m [2026-08-06 06:20:45] INFO:     172.25.0.2:33076 - "POST /resume_memory_occupation HTTP/1.1" 200 OK
[36m(SGLangEngine pid=60897)[0m [2026-08-06 06:20:45] INFO:     172.25.0.2:33080 - "POST /pause_generation HTTP/1.1" 200 OK
[36m(SGLangEngine pid=60897)[0m [2026-08-06 06:20:45] INFO:     172.25.0.2:33090 - "GET /flush_cache HTTP/1.1" 200 OK
[36m(SGLangEngine pid=60897)[0m [2026-08-06 06:20:45] INFO:     172.25.0.2:33096 - "POST /begin_weight_update HTTP/1.1" 200 OK
[36m(SGLangEngine pid=60897)[0m [2026-08-06 06:20:45] Reset HybridReqToTokenPool
[36m(SGLangEngine pid=60897)[0m [2026-08-06 06:20:45] Cache flushed successfully!
[36m(MegatronTrainRayActor pid=61275)[0m [2026-08-06 06:20:45.140 actor_cell0_rank0] memory_utils.py:41 - [Rank 0] Memory-Usage after offload model: {'gpu': '0', 'total_GB': 139.81, 'free_GB': 134.43, 'used_GB': 5.38, 'allocated_GB': 71.99, 'reserved_GB': 73.46}
[36m(MegatronTrainRayActor pid=61275)[0m [2026-08-06 06:20:45.141 actor_cell0_rank0] log_utils.py:382 - [CPU memory] after_offload_train: 246.18 GB (rollout_id=0, step=0)
[36m(MegatronTrainRayActor pid=61275)[0m [2026-08-06 06:20:45.141 actor_cell0_rank0] timer.py:42 - Timer sleep end (elapsed: 19.1s)
[36m(MegatronTrainRayActor pid=61275)[0m [2026-08-06 06:20:45.141 actor_cell0_rank0] structured_log.py:27 - ft cls=MegatronTrainRayActor fn=sleep phase=end ok=true elapsed_s=19.1
[36m(MegatronTrainRayActor pid=61275)[0m [2026-08-06 06:20:45.173 actor_cell0_rank0] structured_log.py:23 - ft cls=MegatronTrainRayActor fn=update_weights phase=start
[36m(MegatronTrainRayActor pid=61275)[0m [2026-08-06 06:20:45.173 actor_cell0_rank0] timer.py:31 - Timer update_weights start
[36m(MegatronTrainRayActor pid=61275)[0m [2026-08-06 06:20:45.173 actor_cell0_rank0] reloadable_process_group.py:151 - Reloading 0 process groups in pid 61275
[36m(MegatronTrainRayActor pid=61275)[0m [2026-08-06 06:20:45.174 actor_cell0_rank0] memory_utils.py:41 - [Rank 0] Memory-Usage before update_weights: {'gpu': '0', 'total_GB': 139.81, 'free_GB': 125.81, 'used_GB': 14.0, 'allocated_GB': 71.99, 'reserved_GB': 73.46}
[36m(MegatronTrainRayActor pid=61275)[0m 
Update weights:   0%|          | 0/16 [00:00<?, ?it/s]
[36m(SGLangEngine pid=60897)[0m [2026-08-06 06:20:45] INFO:     172.25.0.2:33106 - "POST /update_weights_from_tensor HTTP/1.1" 200 OK
[36m(SGLangEngine pid=60897)[0m [2026-08-06 06:20:45] INFO:     172.25.0.2:33114 - "POST /update_weights_from_tensor HTTP/1.1" 200 OK
[36m(SGLangEngine pid=60897)[0m [2026-08-06 06:20:45] INFO:     172.25.0.2:33120 - "POST /update_weights_from_tensor HTTP/1.1" 200 OK
[36m(SGLangEngine pid=60897)[0m [2026-08-06 06:20:45] INFO:     172.25.0.2:33122 - "POST /update_weights_from_tensor HTTP/1.1" 200 OK
[36m(SGLangEngine pid=60897)[0m [2026-08-06 06:20:45] INFO:     172.25.0.2:33136 - "POST /update_weights_from_tensor HTTP/1.1" 200 OK
[36m(SGLangEngine pid=60897)[0m [2026-08-06 06:20:45] INFO:     172.25.0.2:33140 - "POST /update_weights_from_tensor HTTP/1.1" 200 OK
[36m(SGLangEngine pid=60897)[0m [2026-08-06 06:20:45] INFO:     172.25.0.2:33142 - "POST /update_weights_from_tensor HTTP/1.1" 200 OK
[36m(MegatronTrainRayActor pid=61275)[0m 
Update weights:  44%|████▍     | 7/16 [00:00<00:00, 63.50it/s]
[36m(SGLangEngine pid=60897)[0m [2026-08-06 06:20:45] INFO:     172.25.0.2:33154 - "POST /update_weights_from_tensor HTTP/1.1" 200 OK
[36m(SGLangEngine pid=60897)[0m [2026-08-06 06:20:45] INFO:     172.25.0.2:33160 - "POST /update_weights_from_tensor HTTP/1.1" 200 OK
[36m(SGLangEngine pid=60897)[0m [2026-08-06 06:20:45] INFO:     172.25.0.2:33174 - "POST /update_weights_from_tensor HTTP/1.1" 200 OK
[36m(SGLangEngine pid=60897)[0m [2026-08-06 06:20:45] INFO:     172.25.0.2:33186 - "POST /update_weights_from_tensor HTTP/1.1" 200 OK
[36m(SGLangEngine pid=60897)[0m [2026-08-06 06:20:45] INFO:     172.25.0.2:33194 - "POST /update_weights_from_tensor HTTP/1.1" 200 OK
[36m(SGLangEngine pid=60897)[0m [2026-08-06 06:20:45] INFO:     172.25.0.2:33206 - "POST /update_weights_from_tensor HTTP/1.1" 200 OK
[36m(SGLangEngine pid=60897)[0m [2026-08-06 06:20:45] INFO:     172.25.0.2:33222 - "POST /update_weights_from_tensor HTTP/1.1" 200 OK
[36m(MegatronTrainRayActor pid=61275)[0m 
Update weights:  88%|████████▊ | 14/16 [00:00<00:00, 65.29it/s]
[36m(SGLangEngine pid=60897)[0m [2026-08-06 06:20:45] INFO:     172.25.0.2:33232 - "POST /update_weights_from_tensor HTTP/1.1" 200 OK
[36m(SGLangEngine pid=60897)[0m [2026-08-06 06:20:45] INFO:     172.25.0.2:33242 - "POST /update_weights_from_tensor HTTP/1.1" 200 OK
[36m(SGLangEngine pid=60897)[0m [2026-08-06 06:20:45] INFO:     172.25.0.2:33252 - "POST /end_weight_update HTTP/1.1" 200 OK
[36m(SGLangEngine pid=60897)[0m [2026-08-06 06:20:45] INFO:     172.25.0.2:33258 - "POST /continue_generation HTTP/1.1" 200 OK
[36m(SGLangEngine pid=60897)[0m [2026-08-06 06:20:45] INFO:     172.25.0.2:33266 - "POST /resume_memory_occupation HTTP/1.1" 200 OK
[36m(SGLangEngine pid=60897)[0m [2026-08-06 06:20:45] [continue_generation] torch.cuda.empty_cache() called: reserved 57586.0 MB -> 57586.0 MB (freed 0.0 MB)
[36m(MegatronTrainRayActor pid=61275)[0m 
Update weights: 100%|██████████| 16/16 [00:00<00:00, 63.35it/s]
[36m(MegatronTrainRayActor pid=61275)[0m [2026-08-06 06:20:45.445 actor_cell0_rank0] memory_utils.py:41 - [Rank 0] Memory-Usage after update_weights: {'gpu': '0', 'total_GB': 139.81, 'free_GB': 121.57, 'used_GB': 18.24, 'allocated_GB': 71.99, 'reserved_GB': 77.8}
[36m(MegatronTrainRayActor pid=61275)[0m [2026-08-06 06:20:45.448 actor_cell0_rank0] timer.py:42 - Timer update_weights end (elapsed: 0.3s)
[36m(MegatronTrainRayActor pid=61275)[0m [2026-08-06 06:20:45.448 actor_cell0_rank0] structured_log.py:27 - ft cls=MegatronTrainRayActor fn=update_weights phase=end ok=true elapsed_s=0.3
[36m(SGLangEngine pid=60897)[0m [2026-08-06 06:20:45] Prefill batch, #new-seq: 1, #new-token: 382, #cached-token: 0, full token usage: 0.01, mamba usage: 0.15, #running-req: 0, #queue-req: 90, #pending-token: 0, cuda graph: False, input throughput (token/s): 3.85
[36m(SGLangEngine pid=60897)[0m [2026-08-06 06:20:45] Prefill batch, #new-seq: 22, #new-token: 8192, #cached-token: 0, full token usage: 0.01, mamba usage: 0.51, #running-req: 1, #queue-req: 51, #pending-token: 20508, cuda graph: False, input throughput (token/s): 55987.27
[36m(SGLangEngine pid=60897)[0m [2026-08-06 06:20:46] Prefill batch, #new-seq: 55, #new-token: 8192, #cached-token: 2560, full token usage: 0.01, mamba usage: 0.60, #running-req: 22, #queue-req: 37, #pending-token: 14786, cuda graph: False, input throughput (token/s): 111019.20
[36m(SGLangEngine pid=60897)[0m [2026-08-06 06:20:46] Prefill batch, #new-seq: 15, #new-token: 3088, #cached-token: 0, full token usage: 0.00, mamba usage: 0.61, #running-req: 76, #queue-req: 37, #pending-token: 11698, cuda graph: False, input throughput (token/s): 379524.38
[36m(SGLangEngine pid=60897)[0m [2026-08-06 06:20:46] Decode batch, #running-req: 91, #full token: 6524, full token usage: 0.01, mamba num: 281, mamba usage: 0.61, cuda graph: True, gen throughput (token/s): 48.22, #queue-req: 37
[36m(SGLangEngine pid=60897)[0m [2026-08-06 06:20:46] Decode batch, #running-req: 91, #full token: 10164, full token usage: 0.01, mamba num: 281, mamba usage: 0.61, cuda graph: True, gen throughput (token/s): 11979.94, #queue-req: 37
[36m(SGLangEngine pid=60897)[0m [2026-08-06 06:20:46] Decode batch, #running-req: 91, #full token: 13804, full token usage: 0.02, mamba num: 281, mamba usage: 0.61, cuda graph: True, gen throughput (token/s): 11696.50, #queue-req: 37
[36m(SGLangEngine pid=60897)[0m [2026-08-06 06:20:47] Decode batch, #running-req: 91, #full token: 17444, full token usage: 0.02, mamba num: 281, mamba usage: 0.61, cuda graph: True, gen throughput (token/s): 12062.27, #queue-req: 37
[36m(SGLangEngine pid=60897)[0m [2026-08-06 06:20:47] Decode batch, #running-req: 91, #full token: 21084, full token usage: 0.03, mamba num: 281, mamba usage: 0.61, cuda graph: True, gen throughput (token/s): 12315.10, #queue-req: 37
[36m(SGLangEngine pid=60897)[0m [2026-08-06 06:20:47] Decode batch, #running-req: 91, #full token: 24724, full token usage: 0.03, mamba num: 281, mamba usage: 0.61, cuda graph: True, gen throughput (token/s): 12270.47, #queue-req: 37
[36m(SGLangEngine pid=60897)[0m [2026-08-06 06:20:48] Decode batch, #running-req: 91, #full token: 28364, full token usage: 0.04, mamba num: 281, mamba usage: 0.61, cuda graph: True, gen throughput (token/s): 12221.49, #queue-req: 37
[36m(SGLangEngine pid=60897)[0m [2026-08-06 06:20:48] Decode batch, #running-req: 91, #full token: 32004, full token usage: 0.04, mamba num: 281, mamba usage: 0.61, cuda graph: True, gen throughput (token/s): 11639.71, #queue-req: 37
[36m(SGLangEngine pid=60897)[0m [2026-08-06 06:20:48] Decode batch, #running-req: 91, #full token: 35644, full token usage: 0.04, mamba num: 281, mamba usage: 0.61, cuda graph: True, gen throughput (token/s): 11823.09, #queue-req: 37
[36m(SGLangEngine pid=60897)[0m [2026-08-06 06:20:49] Decode batch, #running-req: 91, #full token: 39284, full token usage: 0.05, mamba num: 281, mamba usage: 0.61, cuda graph: True, gen throughput (token/s): 11245.93, #queue-req: 37
[36m(SGLangEngine pid=60897)[0m [2026-08-06 06:20:49] Decode batch, #running-req: 91, #full token: 42924, full token usage: 0.05, mamba num: 281, mamba usage: 0.61, cuda graph: True, gen throughput (token/s): 12285.39, #queue-req: 37
[36m(SGLangEngine pid=60897)[0m [2026-08-06 06:20:49] Decode batch, #running-req: 91, #full token: 46564, full token usage: 0.06, mamba num: 281, mamba usage: 0.61, cuda graph: True, gen throughput (token/s): 12183.29, #queue-req: 37
[36m(SGLangEngine pid=60897)[0m [2026-08-06 06:20:50] Decode batch, #running-req: 91, #full token: 50204, full token usage: 0.06, mamba num: 281, mamba usage: 0.61, cuda graph: True, gen throughput (token/s): 11925.65, #queue-req: 37
[36m(SGLangEngine pid=60897)[0m [2026-08-06 06:20:50] Decode batch, #running-req: 91, #full token: 53844, full token usage: 0.07, mamba num: 281, mamba usage: 0.61, cuda graph: True, gen throughput (token/s): 11652.12, #queue-req: 37
[36m(SGLangEngine pid=60897)[0m [2026-08-06 06:20:50] Decode batch, #running-req: 91, #full token: 57484, full token usage: 0.07, mamba num: 281, mamba usage: 0.61, cuda graph: True, gen throughput (token/s): 11551.24, #queue-req: 37
[36m(SGLangEngine pid=60897)[0m [2026-08-06 06:20:50] Decode batch, #running-req: 91, #full token: 61124, full token usage: 0.08, mamba num: 281, mamba usage: 0.61, cuda graph: True, gen throughput (token/s): 10985.30, #queue-req: 37
[36m(SGLangEngine pid=60897)[0m [2026-08-06 06:20:51] Decode batch, #running-req: 91, #full token: 64764, full token usage: 0.08, mamba num: 281, mamba usage: 0.61, cuda graph: True, gen throughput (token/s): 11461.13, #queue-req: 37
[36m(SGLangEngine pid=60897)[0m [2026-08-06 06:20:51] Decode batch, #running-req: 91, #full token: 68404, full token usage: 0.08, mamba num: 281, mamba usage: 0.61, cuda graph: True, gen throughput (token/s): 11695.41, #queue-req: 37
[36m(SGLangEngine pid=60897)[0m [2026-08-06 06:20:51] Decode batch, #running-req: 91, #full token: 72044, full token usage: 0.09, mamba num: 281, mamba usage: 0.61, cuda graph: True, gen throughput (token/s): 11651.14, #queue-req: 37
[36m(SGLangEngine pid=60897)[0m [2026-08-06 06:20:52] Decode batch, #running-req: 91, #full token: 75684, full token usage: 0.09, mamba num: 281, mamba usage: 0.61, cuda graph: True, gen throughput (token/s): 11616.64, #queue-req: 37
[36m(SGLangEngine pid=60897)[0m [2026-08-06 06:20:52] Decode batch, #running-req: 91, #full token: 79324, full token usage: 0.10, mamba num: 281, mamba usage: 0.61, cuda graph: True, gen throughput (token/s): 11089.15, #queue-req: 37
[36m(SGLangEngine pid=60897)[0m [2026-08-06 06:20:52] Decode batch, #running-req: 91, #full token: 82964, full token usage: 0.10, mamba num: 281, mamba usage: 0.61, cuda graph: True, gen throughput (token/s): 11264.35, #queue-req: 37
[36m(SGLangEngine pid=60897)[0m [2026-08-06 06:20:53] Decode batch, #running-req: 91, #full token: 86604, full token usage: 0.11, mamba num: 281, mamba usage: 0.61, cuda graph: True, gen throughput (token/s): 10733.88, #queue-req: 37
[36m(SGLangEngine pid=60897)[0m [2026-08-06 06:20:53] Decode batch, #running-req: 91, #full token: 90244, full token usage: 0.11, mamba num: 281, mamba usage: 0.61, cuda graph: True, gen throughput (token/s): 11452.33, #queue-req: 37
[36m(SGLangEngine pid=60897)[0m [2026-08-06 06:20:53] Decode batch, #running-req: 91, #full token: 93884, full token usage: 0.12, mamba num: 281, mamba usage: 0.61, cuda graph: True, gen throughput (token/s): 11413.01, #queue-req: 37
[36m(SGLangEngine pid=60897)[0m [2026-08-06 06:20:54] Decode batch, #running-req: 91, #full token: 97524, full token usage: 0.12, mamba num: 281, mamba usage: 0.61, cuda graph: True, gen throughput (token/s): 11372.42, #queue-req: 37
[36m(SGLangEngine pid=60897)[0m [2026-08-06 06:20:54] Decode batch, #running-req: 91, #full token: 101164, full token usage: 0.12, mamba num: 281, mamba usage: 0.61, cuda graph: True, gen throughput (token/s): 11118.05, #queue-req: 37
[36m(SGLangEngine pid=60897)[0m [2026-08-06 06:20:54] INFO:     172.25.0.2:35336 - "GET /health HTTP/1.1" 200 OK
[36m(SGLangEngine pid=60897)[0m [2026-08-06 06:20:54] Decode batch, #running-req: 91, #full token: 104804, full token usage: 0.13, mamba num: 281, mamba usage: 0.61, cuda graph: True, gen throughput (token/s): 11032.47, #queue-req: 37
[36m(SGLangEngine pid=60897)[0m [2026-08-06 06:20:55] Decode batch, #running-req: 91, #full token: 108444, full token usage: 0.13, mamba num: 281, mamba usage: 0.61, cuda graph: True, gen throughput (token/s): 10310.20, #queue-req: 37
[36m(SGLangEngine pid=60897)[0m [2026-08-06 06:20:55] INFO:     172.25.0.2:33604 - "POST /generate HTTP/1.1" 200 OK
[36m(SGLangEngine pid=60897)[0m [2026-08-06 06:20:55] Decode batch, #running-req: 90, #full token: 110813, full token usage: 0.14, mamba num: 284, mamba usage: 0.61, cuda graph: True, gen throughput (token/s): 10150.04, #queue-req: 35
[36m(SGLangEngine pid=60897)[0m [2026-08-06 06:20:55] Prefill batch, #new-seq: 2, #new-token: 34, #cached-token: 384, full token usage: 0.14, mamba usage: 0.61, #running-req: 90, #queue-req: 35, #pending-token: 11280, cuda graph: False, input throughput (token/s): 3.59
[36m(SGLangEngine pid=60897)[0m [2026-08-06 06:20:55] Decode batch, #running-req: 92, #full token: 114585, full token usage: 0.14, mamba num: 284, mamba usage: 0.61, cuda graph: True, gen throughput (token/s): 11229.61, #queue-req: 35
[36m(SGLangEngine pid=60897)[0m [2026-08-06 06:20:56] Decode batch, #running-req: 92, #full token: 118265, full token usage: 0.15, mamba num: 284, mamba usage: 0.61, cuda graph: True, gen throughput (token/s): 11201.88, #queue-req: 35
[36m(SGLangEngine pid=60897)[0m [2026-08-06 06:20:56] Decode batch, #running-req: 92, #full token: 121945, full token usage: 0.15, mamba num: 284, mamba usage: 0.61, cuda graph: True, gen throughput (token/s): 11435.18, #queue-req: 35
[36m(SGLangEngine pid=60897)[0m [2026-08-06 06:20:56] Decode batch, #running-req: 92, #full token: 125625, full token usage: 0.16, mamba num: 284, mamba usage: 0.61, cuda graph: True, gen throughput (token/s): 10909.46, #queue-req: 35
[36m(SGLangEngine pid=60897)[0m [2026-08-06 06:20:57] Decode batch, #running-req: 92, #full token: 129305, full token usage: 0.16, mamba num: 284, mamba usage: 0.61, cuda graph: True, gen throughput (token/s): 10614.00, #queue-req: 35
[36m(SGLangEngine pid=60897)[0m [2026-08-06 06:20:57] Decode batch, #running-req: 92, #full token: 132985, full token usage: 0.16, mamba num: 284, mamba usage: 0.61, cuda graph: True, gen throughput (token/s): 11091.19, #queue-req: 35
[36m(SGLangEngine pid=60897)[0m [2026-08-06 06:20:57] Decode batch, #running-req: 92, #full token: 136665, full token usage: 0.17, mamba num: 284, mamba usage: 0.61, cuda graph: True, gen throughput (token/s): 11248.96, #queue-req: 35
[36m(SGLangEngine pid=60897)[0m [2026-08-06 06:20:58] Decode batch, #running-req: 92, #full token: 140345, full token usage: 0.17, mamba num: 284, mamba usage: 0.61, cuda graph: True, gen throughput (token/s): 11065.69, #queue-req: 35
[36m(SGLangEngine pid=60897)[0m [2026-08-06 06:20:58] INFO:     172.25.0.2:33610 - "POST /generate HTTP/1.1" 200 OK
[36m(SGLangEngine pid=60897)[0m [2026-08-06 06:20:58] Prefill batch, #new-seq: 1, #new-token: 17, #cached-token: 192, full token usage: 0.18, mamba usage: 0.61, #running-req: 91, #queue-req: 34, #pending-token: 11071, cuda graph: False, input throughput (token/s): 5.77
[36m(SGLangEngine pid=60897)[0m [2026-08-06 06:20:58] Decode batch, #running-req: 92, #full token: 142477, full token usage: 0.18, mamba num: 284, mamba usage: 0.61, cuda graph: True, gen throughput (token/s): 9861.10, #queue-req: 34
[36m(SGLangEngine pid=60897)[0m [2026-08-06 06:20:58] INFO:     172.25.0.2:33682 - "POST /generate HTTP/1.1" 200 OK
[36m(SGLangEngine pid=60897)[0m [2026-08-06 06:20:58] Prefill batch, #new-seq: 1, #new-token: 17, #cached-token: 192, full token usage: 0.18, mamba usage: 0.61, #running-req: 91, #queue-req: 33, #pending-token: 10862, cuda graph: False, input throughput (token/s): 78.05
[36m(SGLangEngine pid=60897)[0m [2026-08-06 06:20:58] Decode batch, #running-req: 92, #full token: 144587, full token usage: 0.18, mamba num: 284, mamba usage: 0.61, cuda graph: True, gen throughput (token/s): 9503.99, #queue-req: 33
[36m(SGLangEngine pid=60897)[0m [2026-08-06 06:20:59] Decode batch, #running-req: 92, #full token: 148267, full token usage: 0.18, mamba num: 284, mamba usage: 0.61, cuda graph: True, gen throughput (token/s): 10588.49, #queue-req: 33
[36m(SGLangEngine pid=60897)[0m [2026-08-06 06:20:59] Decode batch, #running-req: 92, #full token: 151947, full token usage: 0.19, mamba num: 284, mamba usage: 0.61, cuda graph: True, gen throughput (token/s): 10243.86, #queue-req: 33
[36m(SGLangEngine pid=60897)[0m [2026-08-06 06:21:00] Decode batch, #running-req: 92, #full token: 155627, full token usage: 0.19, mamba num: 284, mamba usage: 0.61, cuda graph: True, gen throughput (token/s): 10937.48, #queue-req: 33
[36m(SGLangEngine pid=60897)[0m [2026-08-06 06:21:00] INFO:     172.25.0.2:33630 - "POST /generate HTTP/1.1" 200 OK
[36m(SGLangEngine pid=60897)[0m [2026-08-06 06:21:00] Prefill batch, #new-seq: 1, #new-token: 323, #cached-token: 0, full token usage: 0.19, mamba usage: 0.62, #running-req: 91, #queue-req: 32, #pending-token: 10539, cuda graph: False, input throughput (token/s): 211.00
[36m(SGLangEngine pid=60897)[0m [2026-08-06 06:21:00] INFO:     172.25.0.2:33616 - "POST /generate HTTP/1.1" 200 OK
[36m(SGLangEngine pid=60897)[0m [2026-08-06 06:21:00] Prefill batch, #new-seq: 1, #new-token: 3, #cached-token: 320, full token usage: 0.19, mamba usage: 0.62, #running-req: 91, #queue-req: 31, #pending-token: 10216, cuda graph: False, input throughput (token/s): 21.07
[36m(SGLangEngine pid=60897)[0m [2026-08-06 06:21:00] Decode batch, #running-req: 92, #full token: 156089, full token usage: 0.19, mamba num: 285, mamba usage: 0.62, cuda graph: True, gen throughput (token/s): 8861.79, #queue-req: 31
[36m(SGLangEngine pid=60897)[0m [2026-08-06 06:21:00] Decode batch, #running-req: 92, #full token: 159769, full token usage: 0.20, mamba num: 285, mamba usage: 0.62, cuda graph: True, gen throughput (token/s): 10815.64, #queue-req: 31
[36m(SGLangEngine pid=60897)[0m [2026-08-06 06:21:01] Decode batch, #running-req: 92, #full token: 163449, full token usage: 0.20, mamba num: 285, mamba usage: 0.62, cuda graph: True, gen throughput (token/s): 10567.85, #queue-req: 31
[36m(SGLangEngine pid=60897)[0m [2026-08-06 06:21:01] Decode batch, #running-req: 92, #full token: 167129, full token usage: 0.21, mamba num: 285, mamba usage: 0.62, cuda graph: True, gen throughput (token/s): 10208.52, #queue-req: 31
[36m(SGLangEngine pid=60897)[0m [2026-08-06 06:21:01] Decode batch, #running-req: 92, #full token: 170809, full token usage: 0.21, mamba num: 285, mamba usage: 0.62, cuda graph: True, gen throughput (token/s): 10048.36, #queue-req: 31
[36m(SGLangEngine pid=60897)[0m [2026-08-06 06:21:02] Decode batch, #running-req: 92, #full token: 174489, full token usage: 0.22, mamba num: 285, mamba usage: 0.62, cuda graph: True, gen throughput (token/s): 10213.73, #queue-req: 31
[36m(SGLangEngine pid=60897)[0m [2026-08-06 06:21:02] Decode batch, #running-req: 92, #full token: 178169, full token usage: 0.22, mamba num: 285, mamba usage: 0.62, cuda graph: True, gen throughput (token/s): 10588.00, #queue-req: 31
[36m(SGLangEngine pid=60897)[0m [2026-08-06 06:21:02] INFO:     172.25.0.2:33680 - "POST /generate HTTP/1.1" 200 OK
[36m(SGLangEngine pid=60897)[0m [2026-08-06 06:21:02] Decode batch, #running-req: 92, #full token: 181849, full token usage: 0.22, mamba num: 285, mamba usage: 0.62, cuda graph: True, gen throughput (token/s): 10379.23, #queue-req: 31
[36m(SGLangEngine pid=60897)[0m [2026-08-06 06:21:02] Prefill batch, #new-seq: 1, #new-token: 3, #cached-token: 320, full token usage: 0.22, mamba usage: 0.62, #running-req: 91, #queue-req: 30, #pending-token: 9893, cuda graph: False, input throughput (token/s): 1.16
[36m(SGLangEngine pid=60897)[0m [2026-08-06 06:21:02] INFO:     172.25.0.2:33602 - "POST /generate HTTP/1.1" 200 OK
[36m(SGLangEngine pid=60897)[0m [2026-08-06 06:21:03] Prefill batch, #new-seq: 1, #new-token: 3, #cached-token: 320, full token usage: 0.22, mamba usage: 0.62, #running-req: 91, #queue-req: 29, #pending-token: 9570, cuda graph: False, input throughput (token/s): 49.33
[36m(SGLangEngine pid=60897)[0m [2026-08-06 06:21:03] Decode batch, #running-req: 92, #full token: 181412, full token usage: 0.22, mamba num: 285, mamba usage: 0.62, cuda graph: True, gen throughput (token/s): 8819.85, #queue-req: 29
[36m(SGLangEngine pid=60897)[0m [2026-08-06 06:21:03] Decode batch, #running-req: 92, #full token: 185092, full token usage: 0.23, mamba num: 285, mamba usage: 0.62, cuda graph: True, gen throughput (token/s): 10005.26, #queue-req: 29
[36m(SGLangEngine pid=60897)[0m [2026-08-06 06:21:04] Decode batch, #running-req: 92, #full token: 188772, full token usage: 0.23, mamba num: 285, mamba usage: 0.62, cuda graph: True, gen throughput (token/s): 10133.86, #queue-req: 29
[36m(SGLangEngine pid=60897)[0m [2026-08-06 06:21:04] Decode batch, #running-req: 92, #full token: 192452, full token usage: 0.24, mamba num: 285, mamba usage: 0.62, cuda graph: True, gen throughput (token/s): 9736.27, #queue-req: 29
[36m(SGLangEngine pid=60897)[0m [2026-08-06 06:21:04] INFO:     172.25.0.2:33620 - "POST /generate HTTP/1.1" 200 OK
[36m(SGLangEngine pid=60897)[0m [2026-08-06 06:21:04] Prefill batch, #new-seq: 1, #new-token: 3, #cached-token: 320, full token usage: 0.24, mamba usage: 0.62, #running-req: 91, #queue-req: 28, #pending-token: 9247, cuda graph: False, input throughput (token/s): 1.82
[36m(SGLangEngine pid=60897)[0m [2026-08-06 06:21:04] Decode batch, #running-req: 92, #full token: 193895, full token usage: 0.24, mamba num: 285, mamba usage: 0.62, cuda graph: True, gen throughput (token/s): 9242.58, #queue-req: 28
[36m(SGLangEngine pid=60897)[0m [2026-08-06 06:21:05] Decode batch, #running-req: 92, #full token: 197575, full token usage: 0.24, mamba num: 285, mamba usage: 0.62, cuda graph: True, gen throughput (token/s): 10278.33, #queue-req: 28
[36m(SGLangEngine pid=60897)[0m [2026-08-06 06:21:05] INFO:     172.25.0.2:33934 - "POST /generate HTTP/1.1" 200 OK
[36m(SGLangEngine pid=60897)[0m [2026-08-06 06:21:05] Prefill batch, #new-seq: 1, #new-token: 3, #cached-token: 320, full token usage: 0.24, mamba usage: 0.62, #running-req: 91, #queue-req: 27, #pending-token: 8924, cuda graph: False, input throughput (token/s): 4.28
[36m(SGLangEngine pid=60897)[0m [2026-08-06 06:21:05] Decode batch, #running-req: 92, #full token: 198952, full token usage: 0.25, mamba num: 285, mamba usage: 0.62, cuda graph: True, gen throughput (token/s): 9465.51, #queue-req: 27
[36m(SGLangEngine pid=60897)[0m [2026-08-06 06:21:05] Decode batch, #running-req: 92, #full token: 202632, full token usage: 0.25, mamba num: 285, mamba usage: 0.62, cuda graph: True, gen throughput (token/s): 10117.95, #queue-req: 27
[36m(SGLangEngine pid=60897)[0m [2026-08-06 06:21:06] INFO:     172.25.0.2:33872 - "POST /generate HTTP/1.1" 200 OK
[36m(SGLangEngine pid=60897)[0m [2026-08-06 06:21:06] INFO:     172.25.0.2:33678 - "POST /generate HTTP/1.1" 200 OK
[36m(SGLangEngine pid=60897)[0m [2026-08-06 06:21:06] Prefill batch, #new-seq: 1, #new-token: 3, #cached-token: 320, full token usage: 0.25, mamba usage: 0.62, #running-req: 91, #queue-req: 26, #pending-token: 8601, cuda graph: False, input throughput (token/s): 3.88
[36m(SGLangEngine pid=60897)[0m [2026-08-06 06:21:06] Prefill batch, #new-seq: 1, #new-token: 3, #cached-token: 320, full token usage: 0.25, mamba usage: 0.62, #running-req: 91, #queue-req: 25, #pending-token: 8278, cuda graph: False, input throughput (token/s): 50.34
[36m(SGLangEngine pid=60897)[0m [2026-08-06 06:21:06] Decode batch, #running-req: 92, #full token: 201533, full token usage: 0.25, mamba num: 285, mamba usage: 0.62, cuda graph: True, gen throughput (token/s): 8386.41, #queue-req: 25
[36m(SGLangEngine pid=60897)[0m [2026-08-06 06:21:06] Decode batch, #running-req: 92, #full token: 205213, full token usage: 0.25, mamba num: 285, mamba usage: 0.62, cuda graph: True, gen throughput (token/s): 9418.83, #queue-req: 25
[36m(SGLangEngine pid=60897)[0m [2026-08-06 06:21:07] Decode batch, #running-req: 92, #full token: 208893, full token usage: 0.26, mamba num: 285, mamba usage: 0.62, cuda graph: True, gen throughput (token/s): 10038.86, #queue-req: 25
[36m(SGLangEngine pid=60897)[0m [2026-08-06 06:21:07] INFO:     172.25.0.2:33894 - "POST /generate HTTP/1.1" 200 OK
[36m(SGLangEngine pid=60897)[0m [2026-08-06 06:21:07] Prefill batch, #new-seq: 1, #new-token: 3, #cached-token: 320, full token usage: 0.26, mamba usage: 0.62, #running-req: 91, #queue-req: 24, #pending-token: 7955, cuda graph: False, input throughput (token/s): 2.57
[36m(SGLangEngine pid=60897)[0m [2026-08-06 06:21:07] Decode batch, #running-req: 92, #full token: 210066, full token usage: 0.26, mamba num: 285, mamba usage: 0.62, cuda graph: True, gen throughput (token/s): 9047.04, #queue-req: 24
[36m(SGLangEngine pid=60897)[0m [2026-08-06 06:21:07] INFO:     172.25.0.2:33810 - "POST /generate HTTP/1.1" 200 OK
[36m(SGLangEngine pid=60897)[0m [2026-08-06 06:21:07] Prefill batch, #new-seq: 1, #new-token: 3, #cached-token: 320, full token usage: 0.26, mamba usage: 0.62, #running-req: 91, #queue-req: 23, #pending-token: 7632, cuda graph: False, input throughput (token/s): 10.34
[36m(SGLangEngine pid=60897)[0m [2026-08-06 06:21:07] Decode batch, #running-req: 92, #full token: 211211, full token usage: 0.26, mamba num: 285, mamba usage: 0.62, cuda graph: True, gen throughput (token/s): 9234.64, #queue-req: 23
[36m(SGLangEngine pid=60897)[0m [2026-08-06 06:21:08] Decode batch, #running-req: 92, #full token: 214891, full token usage: 0.27, mamba num: 285, mamba usage: 0.62, cuda graph: True, gen throughput (token/s): 9949.13, #queue-req: 23
[36m(SGLangEngine pid=60897)[0m [2026-08-06 06:21:08] Decode batch, #running-req: 92, #full token: 218571, full token usage: 0.27, mamba num: 285, mamba usage: 0.62, cuda graph: True, gen throughput (token/s): 9571.07, #queue-req: 23
[36m(SGLangEngine pid=60897)[0m [2026-08-06 06:21:09] Decode batch, #running-req: 92, #full token: 222251, full token usage: 0.27, mamba num: 285, mamba usage: 0.62, cuda graph: True, gen throughput (token/s): 9296.63, #queue-req: 23
[36m(SGLangEngine pid=60897)[0m [2026-08-06 06:21:09] Decode batch, #running-req: 92, #full token: 225931, full token usage: 0.28, mamba num: 285, mamba usage: 0.62, cuda graph: True, gen throughput (token/s): 9569.50, #queue-req: 23
[36m(SGLangEngine pid=60897)[0m [2026-08-06 06:21:09] INFO:     172.25.0.2:33808 - "POST /generate HTTP/1.1" 200 OK
[36m(SGLangEngine pid=60897)[0m [2026-08-06 06:21:09] Prefill batch, #new-seq: 1, #new-token: 3, #cached-token: 320, full token usage: 0.28, mamba usage: 0.62, #running-req: 91, #queue-req: 22, #pending-token: 7309, cuda graph: False, input throughput (token/s): 1.40
[36m(SGLangEngine pid=60897)[0m [2026-08-06 06:21:09] Decode batch, #running-req: 92, #full token: 226854, full token usage: 0.28, mamba num: 285, mamba usage: 0.62, cuda graph: True, gen throughput (token/s): 8820.36, #queue-req: 22
[36m(SGLangEngine pid=60897)[0m [2026-08-06 06:21:10] Decode batch, #running-req: 92, #full token: 230534, full token usage: 0.28, mamba num: 285, mamba usage: 0.62, cuda graph: True, gen throughput (token/s): 9884.74, #queue-req: 22
[36m(SGLangEngine pid=60897)[0m [2026-08-06 06:21:10] INFO:     172.25.0.2:33896 - "POST /generate HTTP/1.1" 200 OK
[36m(SGLangEngine pid=60897)[0m [2026-08-06 06:21:10] Prefill batch, #new-seq: 1, #new-token: 3, #cached-token: 320, full token usage: 0.28, mamba usage: 0.62, #running-req: 91, #queue-req: 21, #pending-token: 6986, cuda graph: False, input throughput (token/s): 5.82
[36m(SGLangEngine pid=60897)[0m [2026-08-06 06:21:10] Decode batch, #running-req: 92, #full token: 231405, full token usage: 0.29, mamba num: 285, mamba usage: 0.62, cuda graph: True, gen throughput (token/s): 8986.20, #queue-req: 21
[36m(SGLangEngine pid=60897)[0m [2026-08-06 06:21:10] INFO:     172.25.0.2:33648 - "POST /generate HTTP/1.1" 200 OK
[36m(SGLangEngine pid=60897)[0m [2026-08-06 06:21:10] Prefill batch, #new-seq: 1, #new-token: 3, #cached-token: 320, full token usage: 0.29, mamba usage: 0.62, #running-req: 91, #queue-req: 20, #pending-token: 6663, cuda graph: False, input throughput (token/s): 4.69
[36m(SGLangEngine pid=60897)[0m [2026-08-06 06:21:11] INFO:     172.25.0.2:33844 - "POST /generate HTTP/1.1" 200 OK
[36m(SGLangEngine pid=60897)[0m [2026-08-06 06:21:11] Decode batch, #running-req: 92, #full token: 232204, full token usage: 0.29, mamba num: 285, mamba usage: 0.62, cuda graph: True, gen throughput (token/s): 8686.74, #queue-req: 20
[36m(SGLangEngine pid=60897)[0m [2026-08-06 06:21:11] INFO:     172.25.0.2:33590 - "POST /generate HTTP/1.1" 200 OK
[36m(SGLangEngine pid=60897)[0m [2026-08-06 06:21:11] Prefill batch, #new-seq: 1, #new-token: 3, #cached-token: 320, full token usage: 0.28, mamba usage: 0.62, #running-req: 91, #queue-req: 19, #pending-token: 6340, cuda graph: False, input throughput (token/s): 13.58
[36m(SGLangEngine pid=60897)[0m [2026-08-06 06:21:11] Prefill batch, #new-seq: 1, #new-token: 3, #cached-token: 320, full token usage: 0.28, mamba usage: 0.62, #running-req: 91, #queue-req: 18, #pending-token: 6017, cuda graph: False, input throughput (token/s): 33.16
[36m(SGLangEngine pid=60897)[0m [2026-08-06 06:21:11] Decode batch, #running-req: 92, #full token: 230086, full token usage: 0.28, mamba num: 285, mamba usage: 0.62, cuda graph: True, gen throughput (token/s): 8174.12, #queue-req: 18
[36m(SGLangEngine pid=60897)[0m [2026-08-06 06:21:11] Decode batch, #running-req: 92, #full token: 233766, full token usage: 0.29, mamba num: 285, mamba usage: 0.62, cuda graph: True, gen throughput (token/s): 8984.14, #queue-req: 18
[36m(SGLangEngine pid=60897)[0m [2026-08-06 06:21:12] Decode batch, #running-req: 92, #full token: 237446, full token usage: 0.29, mamba num: 285, mamba usage: 0.62, cuda graph: True, gen throughput (token/s): 9509.60, #queue-req: 18
[36m(SGLangEngine pid=60897)[0m [2026-08-06 06:21:12] Decode batch, #running-req: 92, #full token: 241126, full token usage: 0.30, mamba num: 285, mamba usage: 0.62, cuda graph: True, gen throughput (token/s): 9322.27, #queue-req: 18
[36m(SGLangEngine pid=60897)[0m [2026-08-06 06:21:13] Decode batch, #running-req: 92, #full token: 244806, full token usage: 0.30, mamba num: 285, mamba usage: 0.62, cuda graph: True, gen throughput (token/s): 9597.54, #queue-req: 18
[36m(SGLangEngine pid=60897)[0m [2026-08-06 06:21:13] Decode batch, #running-req: 92, #full token: 248486, full token usage: 0.31, mamba num: 285, mamba usage: 0.62, cuda graph: True, gen throughput (token/s): 9282.03, #queue-req: 18
[36m(SGLangEngine pid=60897)[0m [2026-08-06 06:21:13] INFO:     172.25.0.2:33920 - "POST /generate HTTP/1.1" 200 OK
[36m(SGLangEngine pid=60897)[0m [2026-08-06 06:21:13] Prefill batch, #new-seq: 1, #new-token: 3, #cached-token: 320, full token usage: 0.31, mamba usage: 0.62, #running-req: 91, #queue-req: 17, #pending-token: 5694, cuda graph: False, input throughput (token/s): 1.19
[36m(SGLangEngine pid=60897)[0m [2026-08-06 06:21:13] Decode batch, #running-req: 92, #full token: 249016, full token usage: 0.31, mamba num: 285, mamba usage: 0.62, cuda graph: True, gen throughput (token/s): 8573.28, #queue-req: 17
[36m(SGLangEngine pid=60897)[0m [2026-08-06 06:21:14] Decode batch, #running-req: 92, #full token: 252696, full token usage: 0.31, mamba num: 285, mamba usage: 0.62, cuda graph: True, gen throughput (token/s): 9022.09, #queue-req: 17
[36m(SGLangEngine pid=60897)[0m [2026-08-06 06:21:14] Decode batch, #running-req: 92, #full token: 256376, full token usage: 0.32, mamba num: 285, mamba usage: 0.62, cuda graph: True, gen throughput (token/s): 9113.48, #queue-req: 17
[36m(SGLangEngine pid=60897)[0m [2026-08-06 06:21:15] Decode batch, #running-req: 92, #full token: 260056, full token usage: 0.32, mamba num: 285, mamba usage: 0.62, cuda graph: True, gen throughput (token/s): 9221.77, #queue-req: 17
[36m(SGLangEngine pid=60897)[0m [2026-08-06 06:21:15] Decode batch, #running-req: 92, #full token: 263736, full token usage: 0.33, mamba num: 285, mamba usage: 0.62, cuda graph: True, gen throughput (token/s): 9309.96, #queue-req: 17
[36m(SGLangEngine pid=60897)[0m [2026-08-06 06:21:15] INFO:     172.25.0.2:33936 - "POST /generate HTTP/1.1" 200 OK
[36m(SGLangEngine pid=60897)[0m [2026-08-06 06:21:15] Prefill batch, #new-seq: 1, #new-token: 332, #cached-token: 0, full token usage: 0.33, mamba usage: 0.62, #running-req: 91, #queue-req: 16, #pending-token: 5362, cuda graph: False, input throughput (token/s): 160.23
[36m(SGLangEngine pid=60897)[0m [2026-08-06 06:21:15] Decode batch, #running-req: 92, #full token: 264137, full token usage: 0.33, mamba num: 286, mamba usage: 0.62, cuda graph: True, gen throughput (token/s): 8313.74, #queue-req: 16
[36m(SGLangEngine pid=60897)[0m [2026-08-06 06:21:16] Decode batch, #running-req: 92, #full token: 267817, full token usage: 0.33, mamba num: 286, mamba usage: 0.62, cuda graph: True, gen throughput (token/s): 9134.41, #queue-req: 16
[36m(SGLangEngine pid=60897)[0m [2026-08-06 06:21:16] INFO:     172.25.0.2:33976 - "POST /generate HTTP/1.1" 200 OK
[36m(SGLangEngine pid=60897)[0m [2026-08-06 06:21:16] Prefill batch, #new-seq: 1, #new-token: 76, #cached-token: 256, full token usage: 0.33, mamba usage: 0.62, #running-req: 91, #queue-req: 15, #pending-token: 5030, cuda graph: False, input throughput (token/s): 87.77
[36m(SGLangEngine pid=60897)[0m [2026-08-06 06:21:16] Decode batch, #running-req: 92, #full token: 268072, full token usage: 0.33, mamba num: 287, mamba usage: 0.62, cuda graph: True, gen throughput (token/s): 8365.21, #queue-req: 15
[36m(SGLangEngine pid=60897)[0m [2026-08-06 06:21:17] INFO:     172.25.0.2:33786 - "POST /generate HTTP/1.1" 200 OK
[36m(SGLangEngine pid=60897)[0m [2026-08-06 06:21:17] Prefill batch, #new-seq: 1, #new-token: 12, #cached-token: 320, full token usage: 0.33, mamba usage: 0.62, #running-req: 91, #queue-req: 14, #pending-token: 4698, cuda graph: False, input throughput (token/s): 26.77
[36m(SGLangEngine pid=60897)[0m [2026-08-06 06:21:17] Decode batch, #running-req: 92, #full token: 268269, full token usage: 0.33, mamba num: 287, mamba usage: 0.62, cuda graph: True, gen throughput (token/s): 8109.86, #queue-req: 14
[36m(SGLangEngine pid=60897)[0m [2026-08-06 06:21:17] INFO:     172.25.0.2:33880 - "POST /generate HTTP/1.1" 200 OK
[36m(SGLangEngine pid=60897)[0m [2026-08-06 06:21:17] Prefill batch, #new-seq: 1, #new-token: 12, #cached-token: 320, full token usage: 0.33, mamba usage: 0.62, #running-req: 91, #queue-req: 13, #pending-token: 4366, cuda graph: False, input throughput (token/s): 42.22
[36m(SGLangEngine pid=60897)[0m [2026-08-06 06:21:17] Decode batch, #running-req: 92, #full token: 268459, full token usage: 0.33, mamba num: 287, mamba usage: 0.62, cuda graph: True, gen throughput (token/s): 8186.78, #queue-req: 13
[36m(SGLangEngine pid=60897)[0m [2026-08-06 06:21:17] INFO:     172.25.0.2:33906 - "POST /generate HTTP/1.1" 200 OK
[36m(SGLangEngine pid=60897)[0m [2026-08-06 06:21:18] INFO:     172.25.0.2:34118 - "POST /generate HTTP/1.1" 200 OK
[36m(SGLangEngine pid=60897)[0m [2026-08-06 06:21:17] Prefill batch, #new-seq: 1, #new-token: 12, #cached-token: 320, full token usage: 0.33, mamba usage: 0.62, #running-req: 91, #queue-req: 12, #pending-token: 4034, cuda graph: False, input throughput (token/s): 23.96
[36m(SGLangEngine pid=60897)[0m [2026-08-06 06:21:18] Prefill batch, #new-seq: 1, #new-token: 12, #cached-token: 320, full token usage: 0.33, mamba usage: 0.62, #running-req: 91, #queue-req: 11, #pending-token: 3702, cuda graph: False, input throughput (token/s): 165.62
[36m(SGLangEngine pid=60897)[0m [2026-08-06 06:21:18] Decode batch, #running-req: 92, #full token: 266810, full token usage: 0.33, mamba num: 287, mamba usage: 0.62, cuda graph: True, gen throughput (token/s): 7937.90, #queue-req: 11
[36m(SGLangEngine pid=60897)[0m [2026-08-06 06:21:18] INFO:     172.25.0.2:34138 - "POST /generate HTTP/1.1" 200 OK
[36m(SGLangEngine pid=60897)[0m [2026-08-06 06:21:18] INFO:     172.25.0.2:33666 - "POST /generate HTTP/1.1" 200 OK
[36m(SGLangEngine pid=60897)[0m [2026-08-06 06:21:18] Prefill batch, #new-seq: 1, #new-token: 12, #cached-token: 320, full token usage: 0.33, mamba usage: 0.62, #running-req: 91, #queue-req: 10, #pending-token: 3370, cuda graph: False, input throughput (token/s): 33.06
[36m(SGLangEngine pid=60897)[0m [2026-08-06 06:21:18] Prefill batch, #new-seq: 1, #new-token: 12, #cached-token: 320, full token usage: 0.33, mamba usage: 0.62, #running-req: 91, #queue-req: 9, #pending-token: 3038, cuda graph: False, input throughput (token/s): 166.84
[36m(SGLangEngine pid=60897)[0m [2026-08-06 06:21:18] Decode batch, #running-req: 92, #full token: 265561, full token usage: 0.33, mamba num: 287, mamba usage: 0.62, cuda graph: True, gen throughput (token/s): 7688.72, #queue-req: 9
[36m(SGLangEngine pid=60897)[0m [2026-08-06 06:21:18] INFO:     172.25.0.2:33578 - "POST /generate HTTP/1.1" 200 OK
[36m(SGLangEngine pid=60897)[0m [2026-08-06 06:21:18] Prefill batch, #new-seq: 1, #new-token: 12, #cached-token: 320, full token usage: 0.33, mamba usage: 0.62, #running-req: 91, #queue-req: 8, #pending-token: 2706, cuda graph: False, input throughput (token/s): 32.04
[36m(SGLangEngine pid=60897)[0m [2026-08-06 06:21:19] Decode batch, #running-req: 92, #full token: 265623, full token usage: 0.33, mamba num: 287, mamba usage: 0.62, cuda graph: True, gen throughput (token/s): 8697.75, #queue-req: 8
[36m(SGLangEngine pid=60897)[0m [2026-08-06 06:21:19] INFO:     172.25.0.2:34044 - "POST /generate HTTP/1.1" 200 OK
[36m(SGLangEngine pid=60897)[0m [2026-08-06 06:21:19] Prefill batch, #new-seq: 1, #new-token: 12, #cached-token: 320, full token usage: 0.33, mamba usage: 0.62, #running-req: 91, #queue-req: 7, #pending-token: 2374, cuda graph: False, input throughput (token/s): 22.54
[36m(SGLangEngine pid=60897)[0m [2026-08-06 06:21:19] INFO:     172.25.0.2:34150 - "POST /generate HTTP/1.1" 200 OK
[36m(SGLangEngine pid=60897)[0m [2026-08-06 06:21:19] Prefill batch, #new-seq: 1, #new-token: 12, #cached-token: 320, full token usage: 0.33, mamba usage: 0.62, #running-req: 91, #queue-req: 6, #pending-token: 2042, cuda graph: False, input throughput (token/s): 75.62
[36m(SGLangEngine pid=60897)[0m [2026-08-06 06:21:19] Decode batch, #running-req: 92, #full token: 264263, full token usage: 0.33, mamba num: 287, mamba usage: 0.62, cuda graph: True, gen throughput (token/s): 7724.37, #queue-req: 6
[36m(SGLangEngine pid=60897)[0m [2026-08-06 06:21:19] INFO:     172.25.0.2:33856 - "POST /generate HTTP/1.1" 200 OK
[36m(SGLangEngine pid=60897)[0m [2026-08-06 06:21:19] INFO:     172.25.0.2:33942 - "POST /generate HTTP/1.1" 200 OK
[36m(SGLangEngine pid=60897)[0m [2026-08-06 06:21:19] Prefill batch, #new-seq: 2, #new-token: 24, #cached-token: 640, full token usage: 0.32, mamba usage: 0.62, #running-req: 90, #queue-req: 4, #pending-token: 1378, cuda graph: False, input throughput (token/s): 77.15
[36m(SGLangEngine pid=60897)[0m [2026-08-06 06:21:20] Decode batch, #running-req: 92, #full token: 260495, full token usage: 0.32, mamba num: 286, mamba usage: 0.62, cuda graph: True, gen throughput (token/s): 8137.05, #queue-req: 4
[36m(SGLangEngine pid=60897)[0m [2026-08-06 06:21:20] INFO:     172.25.0.2:34054 - "POST /generate HTTP/1.1" 200 OK
[36m(SGLangEngine pid=60897)[0m [2026-08-06 06:21:20] Prefill batch, #new-seq: 1, #new-token: 12, #cached-token: 320, full token usage: 0.32, mamba usage: 0.62, #running-req: 91, #queue-req: 3, #pending-token: 1046, cuda graph: False, input throughput (token/s): 24.22
[36m(SGLangEngine pid=60897)[0m [2026-08-06 06:21:20] Decode batch, #running-req: 92, #full token: 260420, full token usage: 0.32, mamba num: 286, mamba usage: 0.62, cuda graph: True, gen throughput (token/s): 8490.96, #queue-req: 3
[36m(SGLangEngine pid=60897)[0m [2026-08-06 06:21:20] INFO:     172.25.0.2:34120 - "POST /generate HTTP/1.1" 200 OK
[36m(SGLangEngine pid=60897)[0m [2026-08-06 06:21:20] INFO:     172.25.0.2:33952 - "POST /generate HTTP/1.1" 200 OK
[36m(SGLangEngine pid=60897)[0m [2026-08-06 06:21:20] Prefill batch, #new-seq: 1, #new-token: 12, #cached-token: 320, full token usage: 0.32, mamba usage: 0.62, #running-req: 91, #queue-req: 2, #pending-token: 714, cuda graph: False, input throughput (token/s): 48.69
[36m(SGLangEngine pid=60897)[0m [2026-08-06 06:21:20] Prefill batch, #new-seq: 1, #new-token: 12, #cached-token: 320, full token usage: 0.32, mamba usage: 0.62, #running-req: 91, #queue-req: 1, #pending-token: 382, cuda graph: False, input throughput (token/s): 124.77
[36m(SGLangEngine pid=60897)[0m [2026-08-06 06:21:20] INFO:     172.25.0.2:34018 - "POST /generate HTTP/1.1" 200 OK
[36m(SGLangEngine pid=60897)[0m [2026-08-06 06:21:20] Decode batch, #running-req: 92, #full token: 258324, full token usage: 0.32, mamba num: 286, mamba usage: 0.62, cuda graph: True, gen throughput (token/s): 7841.58, #queue-req: 1
[36m(SGLangEngine pid=60897)[0m [2026-08-06 06:21:21] Prefill batch, #new-seq: 1, #new-token: 62, #cached-token: 320, full token usage: 0.32, mamba usage: 0.62, #running-req: 91, #queue-req: 0, #pending-token: 0, cuda graph: False, input throughput (token/s): 179.84
[36m(SGLangEngine pid=60897)[0m [2026-08-06 06:21:21] INFO:     172.25.0.2:33832 - "POST /generate HTTP/1.1" 200 OK
[36m(SGLangEngine pid=60897)[0m [2026-08-06 06:21:21] Decode batch, #running-req: 91, #full token: 254394, full token usage: 0.31, mamba num: 283, mamba usage: 0.61, cuda graph: True, gen throughput (token/s): 8649.81, #queue-req: 0
[36m(SGLangEngine pid=60897)[0m [2026-08-06 06:21:21] Decode batch, #running-req: 91, #full token: 258034, full token usage: 0.32, mamba num: 283, mamba usage: 0.61, cuda graph: True, gen throughput (token/s): 8854.74, #queue-req: 0
[36m(SGLangEngine pid=60897)[0m [2026-08-06 06:21:21] INFO:     172.25.0.2:33964 - "POST /generate HTTP/1.1" 200 OK
[36m(SGLangEngine pid=60897)[0m [2026-08-06 06:21:22] INFO:     172.25.0.2:34172 - "POST /generate HTTP/1.1" 200 OK
[36m(SGLangEngine pid=60897)[0m [2026-08-06 06:21:22] Decode batch, #running-req: 89, #full token: 256281, full token usage: 0.32, mamba num: 276, mamba usage: 0.60, cuda graph: True, gen throughput (token/s): 9167.18, #queue-req: 0
[36m(SGLangEngine pid=60897)[0m [2026-08-06 06:21:22] INFO:     172.25.0.2:34030 - "POST /generate HTTP/1.1" 200 OK
[36m(SGLangEngine pid=60897)[0m [2026-08-06 06:21:22] Decode batch, #running-req: 88, #full token: 255863, full token usage: 0.32, mamba num: 273, mamba usage: 0.59, cuda graph: True, gen throughput (token/s): 8502.04, #queue-req: 0
[36m(SGLangEngine pid=60897)[0m [2026-08-06 06:21:22] INFO:     172.25.0.2:33572 - "POST /generate HTTP/1.1" 200 OK
[36m(SGLangEngine pid=60897)[0m [2026-08-06 06:21:22] Decode batch, #running-req: 87, #full token: 255368, full token usage: 0.32, mamba num: 270, mamba usage: 0.58, cuda graph: True, gen throughput (token/s): 9123.66, #queue-req: 0
[36m(SGLangEngine pid=60897)[0m [2026-08-06 06:21:23] INFO:     172.25.0.2:33698 - "POST /generate HTTP/1.1" 200 OK
[36m(SGLangEngine pid=60897)[0m [2026-08-06 06:21:23] Decode batch, #running-req: 86, #full token: 254783, full token usage: 0.31, mamba num: 267, mamba usage: 0.58, cuda graph: True, gen throughput (token/s): 8890.76, #queue-req: 0
[36m(SGLangEngine pid=60897)[0m [2026-08-06 06:21:23] Decode batch, #running-req: 86, #full token: 258223, full token usage: 0.32, mamba num: 267, mamba usage: 0.58, cuda graph: True, gen throughput (token/s): 9088.05, #queue-req: 0
[36m(SGLangEngine pid=60897)[0m [2026-08-06 06:21:23] INFO:     172.25.0.2:33274 - "POST /generate HTTP/1.1" 200 OK
[36m(SGLangEngine pid=60897)[0m [2026-08-06 06:21:23] INFO:     172.25.0.2:33290 - "POST /generate HTTP/1.1" 200 OK
[36m(SGLangEngine pid=60897)[0m [2026-08-06 06:21:23] INFO:     172.25.0.2:33306 - "POST /generate HTTP/1.1" 200 OK
[36m(SGLangEngine pid=60897)[0m [2026-08-06 06:21:23] INFO:     172.25.0.2:33312 - "POST /generate HTTP/1.1" 200 OK
[36m(SGLangEngine pid=60897)[0m [2026-08-06 06:21:23] INFO:     172.25.0.2:33314 - "POST /generate HTTP/1.1" 200 OK
[36m(SGLangEngine pid=60897)[0m [2026-08-06 06:21:23] INFO:     172.25.0.2:33326 - "POST /generate HTTP/1.1" 200 OK
[36m(SGLangEngine pid=60897)[0m [2026-08-06 06:21:23] INFO:     172.25.0.2:33334 - "POST /generate HTTP/1.1" 200 OK
[36m(SGLangEngine pid=60897)[0m [2026-08-06 06:21:23] INFO:     172.25.0.2:33332 - "POST /generate HTTP/1.1" 200 OK
[36m(SGLangEngine pid=60897)[0m [2026-08-06 06:21:23] INFO:     172.25.0.2:33358 - "POST /generate HTTP/1.1" 200 OK
[36m(SGLangEngine pid=60897)[0m [2026-08-06 06:21:23] INFO:     172.25.0.2:33372 - "POST /generate HTTP/1.1" 200 OK
[36m(SGLangEngine pid=60897)[0m [2026-08-06 06:21:23] INFO:     172.25.0.2:33388 - "POST /generate HTTP/1.1" 200 OK
[36m(SGLangEngine pid=60897)[0m [2026-08-06 06:21:23] INFO:     172.25.0.2:33416 - "POST /generate HTTP/1.1" 200 OK
[36m(SGLangEngine pid=60897)[0m [2026-08-06 06:21:23] INFO:     172.25.0.2:33408 - "POST /generate HTTP/1.1" 200 OK
[36m(SGLangEngine pid=60897)[0m [2026-08-06 06:21:23] INFO:     172.25.0.2:33392 - "POST /generate HTTP/1.1" 200 OK
[36m(SGLangEngine pid=60897)[0m [2026-08-06 06:21:23] INFO:     172.25.0.2:33418 - "POST /generate HTTP/1.1" 200 OK
[36m(SGLangEngine pid=60897)[0m [2026-08-06 06:21:23] INFO:     172.25.0.2:33428 - "POST /generate HTTP/1.1" 200 OK
[36m(SGLangEngine pid=60897)[0m [2026-08-06 06:21:23] INFO:     172.25.0.2:33442 - "POST /generate HTTP/1.1" 200 OK
[36m(SGLangEngine pid=60897)[0m [2026-08-06 06:21:23] INFO:     172.25.0.2:33452 - "POST /generate HTTP/1.1" 200 OK
[36m(SGLangEngine pid=60897)[0m [2026-08-06 06:21:23] INFO:     172.25.0.2:33468 - "POST /generate HTTP/1.1" 200 OK
[36m(SGLangEngine pid=60897)[0m [2026-08-06 06:21:23] INFO:     172.25.0.2:33458 - "POST /generate HTTP/1.1" 200 OK
[36m(SGLangEngine pid=60897)[0m [2026-08-06 06:21:23] INFO:     172.25.0.2:33460 - "POST /generate HTTP/1.1" 200 OK
[36m(SGLangEngine pid=60897)[0m [2026-08-06 06:21:23] INFO:     172.25.0.2:33494 - "POST /generate HTTP/1.1" 200 OK
[36m(SGLangEngine pid=60897)[0m [2026-08-06 06:21:23] INFO:     172.25.0.2:33492 - "POST /generate HTTP/1.1" 200 OK
[36m(SGLangEngine pid=60897)[0m [2026-08-06 06:21:23] INFO:     172.25.0.2:33482 - "POST /generate HTTP/1.1" 200 OK
[36m(SGLangEngine pid=60897)[0m [2026-08-06 06:21:23] INFO:     172.25.0.2:33508 - "POST /generate HTTP/1.1" 200 OK
[36m(SGLangEngine pid=60897)[0m [2026-08-06 06:21:23] INFO:     172.25.0.2:33518 - "POST /generate HTTP/1.1" 200 OK
[36m(SGLangEngine pid=60897)[0m [2026-08-06 06:21:23] INFO:     172.25.0.2:33524 - "POST /generate HTTP/1.1" 200 OK
[36m(SGLangEngine pid=60897)[0m [2026-08-06 06:21:23] INFO:     172.25.0.2:33526 - "POST /generate HTTP/1.1" 200 OK
[36m(SGLangEngine pid=60897)[0m [2026-08-06 06:21:23] INFO:     172.25.0.2:33540 - "POST /generate HTTP/1.1" 200 OK
[36m(SGLangEngine pid=60897)[0m [2026-08-06 06:21:23] INFO:     172.25.0.2:33544 - "POST /generate HTTP/1.1" 200 OK
[36m(SGLangEngine pid=60897)[0m [2026-08-06 06:21:23] INFO:     172.25.0.2:33560 - "POST /generate HTTP/1.1" 200 OK
[36m(SGLangEngine pid=60897)[0m [2026-08-06 06:21:23] INFO:     172.25.0.2:33638 - "POST /generate HTTP/1.1" 200 OK
[36m(SGLangEngine pid=60897)[0m [2026-08-06 06:21:23] INFO:     172.25.0.2:33664 - "POST /generate HTTP/1.1" 200 OK
[36m(SGLangEngine pid=60897)[0m [2026-08-06 06:21:23] INFO:     172.25.0.2:33712 - "POST /generate HTTP/1.1" 200 OK
[36m(SGLangEngine pid=60897)[0m [2026-08-06 06:21:23] INFO:     172.25.0.2:33724 - "POST /generate HTTP/1.1" 200 OK
[36m(SGLangEngine pid=60897)[0m [2026-08-06 06:21:23] INFO:     172.25.0.2:33738 - "POST /generate HTTP/1.1" 200 OK
[36m(SGLangEngine pid=60897)[0m [2026-08-06 06:21:23] INFO:     172.25.0.2:33748 - "POST /generate HTTP/1.1" 200 OK
[36m(SGLangEngine pid=60897)[0m [2026-08-06 06:21:23] INFO:     172.25.0.2:33752 - "POST /generate HTTP/1.1" 200 OK
[36m(SGLangEngine pid=60897)[0m [2026-08-06 06:21:23] INFO:     172.25.0.2:33754 - "POST /generate HTTP/1.1" 200 OK
[36m(SGLangEngine pid=60897)[0m [2026-08-06 06:21:23] INFO:     172.25.0.2:33760 - "POST /generate HTTP/1.1" 200 OK
[36m(SGLangEngine pid=60897)[0m [2026-08-06 06:21:23] INFO:     172.25.0.2:33766 - "POST /generate HTTP/1.1" 200 OK
[36m(SGLangEngine pid=60897)[0m [2026-08-06 06:21:23] INFO:     172.25.0.2:33772 - "POST /generate HTTP/1.1" 200 OK
[36m(SGLangEngine pid=60897)[0m [2026-08-06 06:21:23] INFO:     172.25.0.2:33774 - "POST /generate HTTP/1.1" 200 OK
[36m(SGLangEngine pid=60897)[0m [2026-08-06 06:21:23] INFO:     172.25.0.2:33778 - "POST /generate HTTP/1.1" 200 OK
[36m(SGLangEngine pid=60897)[0m [2026-08-06 06:21:23] INFO:     172.25.0.2:33782 - "POST /generate HTTP/1.1" 200 OK
[36m(SGLangEngine pid=60897)[0m [2026-08-06 06:21:23] INFO:     172.25.0.2:33800 - "POST /generate HTTP/1.1" 200 OK
[36m(SGLangEngine pid=60897)[0m [2026-08-06 06:21:23] INFO:     172.25.0.2:33804 - "POST /generate HTTP/1.1" 200 OK
[36m(SGLangEngine pid=60897)[0m [2026-08-06 06:21:23] INFO:     172.25.0.2:33984 - "POST /generate HTTP/1.1" 200 OK
[36m(SGLangEngine pid=60897)[0m [2026-08-06 06:21:23] INFO:     172.25.0.2:33990 - "POST /generate HTTP/1.1" 200 OK
[36m(SGLangEngine pid=60897)[0m [2026-08-06 06:21:23] INFO:     172.25.0.2:34002 - "POST /generate HTTP/1.1" 200 OK
[36m(SGLangEngine pid=60897)[0m [2026-08-06 06:21:23] INFO:     172.25.0.2:34032 - "POST /generate HTTP/1.1" 200 OK
[36m(SGLangEngine pid=60897)[0m [2026-08-06 06:21:23] INFO:     172.25.0.2:34046 - "POST /generate HTTP/1.1" 200 OK
[36m(SGLangEngine pid=60897)[0m [2026-08-06 06:21:23] INFO:     172.25.0.2:34050 - "POST /generate HTTP/1.1" 200 OK
[36m(SGLangEngine pid=60897)[0m [2026-08-06 06:21:23] INFO:     172.25.0.2:34052 - "POST /generate HTTP/1.1" 200 OK
[36m(SGLangEngine pid=60897)[0m [2026-08-06 06:21:23] INFO:     172.25.0.2:34132 - "POST /generate HTTP/1.1" 200 OK
[36m(SGLangEngine pid=60897)[0m [2026-08-06 06:21:24] Decode batch, #running-req: 31, #full token: 35300, full token usage: 0.04, mamba num: 98, mamba usage: 0.21, cuda graph: True, gen throughput (token/s): 6533.73, #queue-req: 0
[36m(SGLangEngine pid=60897)[0m [2026-08-06 06:21:24] Decode batch, #running-req: 31, #full token: 36540, full token usage: 0.05, mamba num: 98, mamba usage: 0.21, cuda graph: True, gen throughput (token/s): 5531.62, #queue-req: 0
[36m(SGLangEngine pid=60897)[0m [2026-08-06 06:21:24] Decode batch, #running-req: 31, #full token: 37780, full token usage: 0.05, mamba num: 98, mamba usage: 0.21, cuda graph: True, gen throughput (token/s): 5306.01, #queue-req: 0
[36m(SGLangEngine pid=60897)[0m [2026-08-06 06:21:24] Decode batch, #running-req: 31, #full token: 39020, full token usage: 0.05, mamba num: 98, mamba usage: 0.21, cuda graph: True, gen throughput (token/s): 5310.60, #queue-req: 0
[36m(SGLangEngine pid=60897)[0m [2026-08-06 06:21:24] Decode batch, #running-req: 31, #full token: 40260, full token usage: 0.05, mamba num: 98, mamba usage: 0.21, cuda graph: True, gen throughput (token/s): 5464.75, #queue-req: 0
[36m(SGLangEngine pid=60897)[0m [2026-08-06 06:21:25] INFO:     172.25.0.2:34196 - "POST /generate HTTP/1.1" 200 OK
[36m(SGLangEngine pid=60897)[0m [2026-08-06 06:21:25] INFO:     172.25.0.2:34162 - "POST /generate HTTP/1.1" 200 OK
[36m(SGLangEngine pid=60897)[0m [2026-08-06 06:21:25] Decode batch, #running-req: 29, #full token: 37990, full token usage: 0.05, mamba num: 92, mamba usage: 0.20, cuda graph: True, gen throughput (token/s): 5261.06, #queue-req: 0
[36m(SGLangEngine pid=60897)[0m [2026-08-06 06:21:25] Decode batch, #running-req: 29, #full token: 39150, full token usage: 0.05, mamba num: 92, mamba usage: 0.20, cuda graph: True, gen throughput (token/s): 5138.06, #queue-req: 0
[36m(SGLangEngine pid=60897)[0m [2026-08-06 06:21:25] INFO:     172.25.0.2:34134 - "POST /generate HTTP/1.1" 200 OK
[36m(SGLangEngine pid=60897)[0m [2026-08-06 06:21:25] Decode batch, #running-req: 29, #full token: 40310, full token usage: 0.05, mamba num: 92, mamba usage: 0.20, cuda graph: True, gen throughput (token/s): 5075.23, #queue-req: 0
[36m(SGLangEngine pid=60897)[0m [2026-08-06 06:21:25] INFO:     172.25.0.2:34230 - "POST /generate HTTP/1.1" 200 OK
[36m(SGLangEngine pid=60897)[0m [2026-08-06 06:21:25] Decode batch, #running-req: 27, #full token: 37526, full token usage: 0.05, mamba num: 86, mamba usage: 0.19, cuda graph: True, gen throughput (token/s): 5036.45, #queue-req: 0
[36m(SGLangEngine pid=60897)[0m [2026-08-06 06:21:26] Decode batch, #running-req: 27, #full token: 38606, full token usage: 0.05, mamba num: 86, mamba usage: 0.19, cuda graph: True, gen throughput (token/s): 4897.05, #queue-req: 0
[36m(SGLangEngine pid=60897)[0m [2026-08-06 06:21:26] Decode batch, #running-req: 27, #full token: 39686, full token usage: 0.05, mamba num: 86, mamba usage: 0.19, cuda graph: True, gen throughput (token/s): 5021.75, #queue-req: 0
[36m(SGLangEngine pid=60897)[0m [2026-08-06 06:21:26] Decode batch, #running-req: 27, #full token: 40766, full token usage: 0.05, mamba num: 86, mamba usage: 0.19, cuda graph: True, gen throughput (token/s): 4991.31, #queue-req: 0
[36m(SGLangEngine pid=60897)[0m [2026-08-06 06:21:26] Decode batch, #running-req: 27, #full token: 41846, full token usage: 0.05, mamba num: 86, mamba usage: 0.19, cuda graph: True, gen throughput (token/s): 4904.89, #queue-req: 0
[36m(SGLangEngine pid=60897)[0m [2026-08-06 06:21:26] Decode batch, #running-req: 27, #full token: 42926, full token usage: 0.05, mamba num: 86, mamba usage: 0.19, cuda graph: True, gen throughput (token/s): 4641.54, #queue-req: 0
[36m(SGLangEngine pid=60897)[0m [2026-08-06 06:21:27] Decode batch, #running-req: 27, #full token: 44006, full token usage: 0.05, mamba num: 86, mamba usage: 0.19, cuda graph: True, gen throughput (token/s): 4841.40, #queue-req: 0
[36m(SGLangEngine pid=60897)[0m [2026-08-06 06:21:27] Decode batch, #running-req: 27, #full token: 45086, full token usage: 0.06, mamba num: 86, mamba usage: 0.19, cuda graph: True, gen throughput (token/s): 4645.53, #queue-req: 0
[36m(SGLangEngine pid=60897)[0m [2026-08-06 06:21:27] Decode batch, #running-req: 27, #full token: 46166, full token usage: 0.06, mamba num: 86, mamba usage: 0.19, cuda graph: True, gen throughput (token/s): 4852.29, #queue-req: 0
[36m(SGLangEngine pid=60897)[0m [2026-08-06 06:21:27] Decode batch, #running-req: 27, #full token: 47246, full token usage: 0.06, mamba num: 86, mamba usage: 0.19, cuda graph: True, gen throughput (token/s): 4785.68, #queue-req: 0
[36m(SGLangEngine pid=60897)[0m [2026-08-06 06:21:28] Decode batch, #running-req: 27, #full token: 48326, full token usage: 0.06, mamba num: 86, mamba usage: 0.19, cuda graph: True, gen throughput (token/s): 4788.56, #queue-req: 0
[36m(SGLangEngine pid=60897)[0m [2026-08-06 06:21:28] Decode batch, #running-req: 27, #full token: 49406, full token usage: 0.06, mamba num: 86, mamba usage: 0.19, cuda graph: True, gen throughput (token/s): 4615.21, #queue-req: 0
[36m(SGLangEngine pid=60897)[0m [2026-08-06 06:21:28] Decode batch, #running-req: 27, #full token: 50486, full token usage: 0.06, mamba num: 86, mamba usage: 0.19, cuda graph: True, gen throughput (token/s): 4986.08, #queue-req: 0
[36m(SGLangEngine pid=60897)[0m [2026-08-06 06:21:28] INFO:     172.25.0.2:34100 - "POST /generate HTTP/1.1" 200 OK
[36m(SGLangEngine pid=60897)[0m [2026-08-06 06:21:28] Decode batch, #running-req: 27, #full token: 51566, full token usage: 0.06, mamba num: 86, mamba usage: 0.19, cuda graph: True, gen throughput (token/s): 4581.57, #queue-req: 0
[36m(SGLangEngine pid=60897)[0m [2026-08-06 06:21:29] INFO:     172.25.0.2:34242 - "POST /generate HTTP/1.1" 200 OK
[36m(SGLangEngine pid=60897)[0m [2026-08-06 06:21:29] Decode batch, #running-req: 26, #full token: 49179, full token usage: 0.06, mamba num: 83, mamba usage: 0.18, cuda graph: True, gen throughput (token/s): 4723.92, #queue-req: 0
[36m(SGLangEngine pid=60897)[0m [2026-08-06 06:21:29] INFO:     172.25.0.2:34160 - "POST /generate HTTP/1.1" 200 OK
[36m(SGLangEngine pid=60897)[0m [2026-08-06 06:21:29] Decode batch, #running-req: 24, #full token: 45659, full token usage: 0.06, mamba num: 77, mamba usage: 0.17, cuda graph: True, gen throughput (token/s): 4436.00, #queue-req: 0
[36m(SGLangEngine pid=60897)[0m [2026-08-06 06:21:29] Decode batch, #running-req: 24, #full token: 46619, full token usage: 0.06, mamba num: 77, mamba usage: 0.17, cuda graph: True, gen throughput (token/s): 4423.49, #queue-req: 0
[36m(SGLangEngine pid=60897)[0m [2026-08-06 06:21:29] Decode batch, #running-req: 24, #full token: 47579, full token usage: 0.06, mamba num: 77, mamba usage: 0.17, cuda graph: True, gen throughput (token/s): 4500.83, #queue-req: 0
[36m(SGLangEngine pid=60897)[0m [2026-08-06 06:21:29] Decode batch, #running-req: 24, #full token: 48539, full token usage: 0.06, mamba num: 77, mamba usage: 0.17, cuda graph: True, gen throughput (token/s): 4440.09, #queue-req: 0
[36m(SGLangEngine pid=60897)[0m [2026-08-06 06:21:30] Decode batch, #running-req: 24, #full token: 49499, full token usage: 0.06, mamba num: 77, mamba usage: 0.17, cuda graph: True, gen throughput (token/s): 4573.13, #queue-req: 0
[36m(SGLangEngine pid=60897)[0m [2026-08-06 06:21:30] Decode batch, #running-req: 24, #full token: 50459, full token usage: 0.06, mamba num: 77, mamba usage: 0.17, cuda graph: True, gen throughput (token/s): 4184.29, #queue-req: 0
[36m(SGLangEngine pid=60897)[0m [2026-08-06 06:21:30] Decode batch, #running-req: 24, #full token: 51419, full token usage: 0.06, mamba num: 77, mamba usage: 0.17, cuda graph: True, gen throughput (token/s): 4554.09, #queue-req: 0
[36m(SGLangEngine pid=60897)[0m [2026-08-06 06:21:30] INFO:     172.25.0.2:34090 - "POST /generate HTTP/1.1" 200 OK
[36m(SGLangEngine pid=60897)[0m [2026-08-06 06:21:30] INFO:     172.25.0.2:34080 - "POST /generate HTTP/1.1" 200 OK
[36m(SGLangEngine pid=60897)[0m [2026-08-06 06:21:30] Decode batch, #running-req: 22, #full token: 44103, full token usage: 0.05, mamba num: 71, mamba usage: 0.15, cuda graph: True, gen throughput (token/s): 4219.64, #queue-req: 0
[36m(SGLangEngine pid=60897)[0m [2026-08-06 06:21:30] Decode batch, #running-req: 22, #full token: 44983, full token usage: 0.06, mamba num: 71, mamba usage: 0.15, cuda graph: True, gen throughput (token/s): 4238.38, #queue-req: 0
[36m(SGLangEngine pid=60897)[0m [2026-08-06 06:21:31] INFO:     172.25.0.2:34220 - "POST /generate HTTP/1.1" 200 OK
[36m(SGLangEngine pid=60897)[0m [2026-08-06 06:21:31] Decode batch, #running-req: 21, #full token: 43348, full token usage: 0.05, mamba num: 68, mamba usage: 0.15, cuda graph: True, gen throughput (token/s): 4058.67, #queue-req: 0
[36m(SGLangEngine pid=60897)[0m [2026-08-06 06:21:31] INFO:     172.25.0.2:34188 - "POST /generate HTTP/1.1" 200 OK
[36m(SGLangEngine pid=60897)[0m [2026-08-06 06:21:31] Decode batch, #running-req: 20, #full token: 41276, full token usage: 0.05, mamba num: 65, mamba usage: 0.14, cuda graph: True, gen throughput (token/s): 4015.70, #queue-req: 0
[36m(SGLangEngine pid=60897)[0m [2026-08-06 06:21:31] Decode batch, #running-req: 20, #full token: 42076, full token usage: 0.05, mamba num: 65, mamba usage: 0.14, cuda graph: True, gen throughput (token/s): 3735.26, #queue-req: 0
[36m(SGLangEngine pid=60897)[0m [2026-08-06 06:21:31] Decode batch, #running-req: 20, #full token: 42876, full token usage: 0.05, mamba num: 65, mamba usage: 0.14, cuda graph: True, gen throughput (token/s): 3860.92, #queue-req: 0
[36m(SGLangEngine pid=60897)[0m [2026-08-06 06:21:32] Decode batch, #running-req: 20, #full token: 43676, full token usage: 0.05, mamba num: 65, mamba usage: 0.14, cuda graph: True, gen throughput (token/s): 4005.06, #queue-req: 0
[36m(SGLangEngine pid=60897)[0m [2026-08-06 06:21:32] Decode batch, #running-req: 20, #full token: 44476, full token usage: 0.05, mamba num: 65, mamba usage: 0.14, cuda graph: True, gen throughput (token/s): 3999.15, #queue-req: 0
[36m(SGLangEngine pid=60897)[0m [2026-08-06 06:21:32] Decode batch, #running-req: 20, #full token: 45276, full token usage: 0.06, mamba num: 65, mamba usage: 0.14, cuda graph: True, gen throughput (token/s): 3895.89, #queue-req: 0
[36m(SGLangEngine pid=60897)[0m [2026-08-06 06:21:32] INFO:     172.25.0.2:34104 - "POST /generate HTTP/1.1" 200 OK
[36m(SGLangEngine pid=60897)[0m [2026-08-06 06:21:32] Decode batch, #running-req: 19, #full token: 41762, full token usage: 0.05, mamba num: 61, mamba usage: 0.13, cuda graph: True, gen throughput (token/s): 3758.40, #queue-req: 0
[36m(SGLangEngine pid=60897)[0m [2026-08-06 06:21:32] INFO:     172.25.0.2:34320 - "POST /generate HTTP/1.1" 200 OK
[36m(SGLangEngine pid=60897)[0m [2026-08-06 06:21:32] Decode batch, #running-req: 18, #full token: 40372, full token usage: 0.05, mamba num: 58, mamba usage: 0.13, cuda graph: True, gen throughput (token/s): 3648.22, #queue-req: 0
[36m(SGLangEngine pid=60897)[0m [2026-08-06 06:21:33] Decode batch, #running-req: 18, #full token: 41092, full token usage: 0.05, mamba num: 58, mamba usage: 0.13, cuda graph: True, gen throughput (token/s): 3348.41, #queue-req: 0
[36m(SGLangEngine pid=60897)[0m [2026-08-06 06:21:33] Decode batch, #running-req: 18, #full token: 41812, full token usage: 0.05, mamba num: 58, mamba usage: 0.13, cuda graph: True, gen throughput (token/s): 3536.46, #queue-req: 0
[36m(SGLangEngine pid=60897)[0m [2026-08-06 06:21:33] Decode batch, #running-req: 18, #full token: 42532, full token usage: 0.05, mamba num: 58, mamba usage: 0.13, cuda graph: True, gen throughput (token/s): 3432.81, #queue-req: 0
[36m(SGLangEngine pid=60897)[0m [2026-08-06 06:21:33] Decode batch, #running-req: 18, #full token: 43252, full token usage: 0.05, mamba num: 58, mamba usage: 0.13, cuda graph: True, gen throughput (token/s): 3514.45, #queue-req: 0
[36m(SGLangEngine pid=60897)[0m [2026-08-06 06:21:33] Decode batch, #running-req: 18, #full token: 43972, full token usage: 0.05, mamba num: 58, mamba usage: 0.13, cuda graph: True, gen throughput (token/s): 3447.60, #queue-req: 0
[36m(SGLangEngine pid=60897)[0m [2026-08-06 06:21:34] Decode batch, #running-req: 18, #full token: 44692, full token usage: 0.06, mamba num: 58, mamba usage: 0.13, cuda graph: True, gen throughput (token/s): 3513.43, #queue-req: 0
[36m(SGLangEngine pid=60897)[0m [2026-08-06 06:21:34] Decode batch, #running-req: 18, #full token: 45412, full token usage: 0.06, mamba num: 58, mamba usage: 0.13, cuda graph: True, gen throughput (token/s): 3372.66, #queue-req: 0
[36m(SGLangEngine pid=60897)[0m [2026-08-06 06:21:34] Decode batch, #running-req: 18, #full token: 46132, full token usage: 0.06, mamba num: 58, mamba usage: 0.13, cuda graph: True, gen throughput (token/s): 3424.52, #queue-req: 0
[36m(SGLangEngine pid=60897)[0m [2026-08-06 06:21:34] Decode batch, #running-req: 18, #full token: 46852, full token usage: 0.06, mamba num: 58, mamba usage: 0.13, cuda graph: True, gen throughput (token/s): 3485.10, #queue-req: 0
[36m(SGLangEngine pid=60897)[0m [2026-08-06 06:21:34] Decode batch, #running-req: 18, #full token: 47572, full token usage: 0.06, mamba num: 58, mamba usage: 0.13, cuda graph: True, gen throughput (token/s): 3467.60, #queue-req: 0
[36m(SGLangEngine pid=60897)[0m [2026-08-06 06:21:35] Decode batch, #running-req: 18, #full token: 48292, full token usage: 0.06, mamba num: 58, mamba usage: 0.13, cuda graph: True, gen throughput (token/s): 3474.97, #queue-req: 0
[36m(SGLangEngine pid=60897)[0m [2026-08-06 06:21:35] Decode batch, #running-req: 18, #full token: 49012, full token usage: 0.06, mamba num: 58, mamba usage: 0.13, cuda graph: True, gen throughput (token/s): 3404.61, #queue-req: 0
[36m(SGLangEngine pid=60897)[0m [2026-08-06 06:21:35] Decode batch, #running-req: 18, #full token: 49732, full token usage: 0.06, mamba num: 58, mamba usage: 0.13, cuda graph: True, gen throughput (token/s): 3392.80, #queue-req: 0
[36m(SGLangEngine pid=60897)[0m [2026-08-06 06:21:35] Decode batch, #running-req: 18, #full token: 50452, full token usage: 0.06, mamba num: 58, mamba usage: 0.13, cuda graph: True, gen throughput (token/s): 3402.36, #queue-req: 0
[36m(SGLangEngine pid=60897)[0m [2026-08-06 06:21:35] Decode batch, #running-req: 18, #full token: 51172, full token usage: 0.06, mamba num: 58, mamba usage: 0.13, cuda graph: True, gen throughput (token/s): 3445.09, #queue-req: 0
[36m(SGLangEngine pid=60897)[0m [2026-08-06 06:21:36] INFO:     172.25.0.2:34378 - "POST /generate HTTP/1.1" 200 OK
[36m(SGLangEngine pid=60897)[0m [2026-08-06 06:21:36] Decode batch, #running-req: 17, #full token: 49224, full token usage: 0.06, mamba num: 55, mamba usage: 0.12, cuda graph: True, gen throughput (token/s): 3272.07, #queue-req: 0
[36m(SGLangEngine pid=60897)[0m [2026-08-06 06:21:36] Decode batch, #running-req: 17, #full token: 49904, full token usage: 0.06, mamba num: 55, mamba usage: 0.12, cuda graph: True, gen throughput (token/s): 3356.22, #queue-req: 0
[36m(SGLangEngine pid=60897)[0m [2026-08-06 06:21:36] INFO:     172.25.0.2:34212 - "POST /generate HTTP/1.1" 200 OK
[36m(SGLangEngine pid=60897)[0m [2026-08-06 06:21:36] Decode batch, #running-req: 16, #full token: 47010, full token usage: 0.06, mamba num: 52, mamba usage: 0.11, cuda graph: True, gen throughput (token/s): 3209.92, #queue-req: 0
[36m(SGLangEngine pid=60897)[0m [2026-08-06 06:21:36] Decode batch, #running-req: 16, #full token: 47650, full token usage: 0.06, mamba num: 52, mamba usage: 0.11, cuda graph: True, gen throughput (token/s): 3259.85, #queue-req: 0
[36m(SGLangEngine pid=60897)[0m [2026-08-06 06:21:36] Decode batch, #running-req: 16, #full token: 48290, full token usage: 0.06, mamba num: 52, mamba usage: 0.11, cuda graph: True, gen throughput (token/s): 3076.67, #queue-req: 0
[36m(SGLangEngine pid=60897)[0m [2026-08-06 06:21:37] Decode batch, #running-req: 16, #full token: 48930, full token usage: 0.06, mamba num: 52, mamba usage: 0.11, cuda graph: True, gen throughput (token/s): 3354.79, #queue-req: 0
[36m(SGLangEngine pid=60897)[0m [2026-08-06 06:21:37] Decode batch, #running-req: 16, #full token: 49570, full token usage: 0.06, mamba num: 52, mamba usage: 0.11, cuda graph: True, gen throughput (token/s): 3242.24, #queue-req: 0
[36m(SGLangEngine pid=60897)[0m [2026-08-06 06:21:37] Decode batch, #running-req: 16, #full token: 50210, full token usage: 0.06, mamba num: 52, mamba usage: 0.11, cuda graph: True, gen throughput (token/s): 3236.17, #queue-req: 0
[36m(SGLangEngine pid=60897)[0m [2026-08-06 06:21:37] Decode batch, #running-req: 16, #full token: 50850, full token usage: 0.06, mamba num: 52, mamba usage: 0.11, cuda graph: True, gen throughput (token/s): 3249.52, #queue-req: 0
[36m(SGLangEngine pid=60897)[0m [2026-08-06 06:21:37] Decode batch, #running-req: 16, #full token: 51490, full token usage: 0.06, mamba num: 52, mamba usage: 0.11, cuda graph: True, gen throughput (token/s): 3233.73, #queue-req: 0
[36m(SGLangEngine pid=60897)[0m [2026-08-06 06:21:38] Decode batch, #running-req: 16, #full token: 52130, full token usage: 0.06, mamba num: 52, mamba usage: 0.11, cuda graph: True, gen throughput (token/s): 3100.47, #queue-req: 0
[36m(SGLangEngine pid=60897)[0m [2026-08-06 06:21:38] Decode batch, #running-req: 16, #full token: 52770, full token usage: 0.07, mamba num: 52, mamba usage: 0.11, cuda graph: True, gen throughput (token/s): 3101.89, #queue-req: 0
[36m(SGLangEngine pid=60897)[0m [2026-08-06 06:21:38] Decode batch, #running-req: 16, #full token: 53410, full token usage: 0.07, mamba num: 52, mamba usage: 0.11, cuda graph: True, gen throughput (token/s): 3204.59, #queue-req: 0
[36m(SGLangEngine pid=60897)[0m [2026-08-06 06:21:38] Decode batch, #running-req: 16, #full token: 54050, full token usage: 0.07, mamba num: 52, mamba usage: 0.11, cuda graph: True, gen throughput (token/s): 3215.98, #queue-req: 0
[36m(SGLangEngine pid=60897)[0m [2026-08-06 06:21:38] INFO:     172.25.0.2:34198 - "POST /generate HTTP/1.1" 200 OK
[36m(SGLangEngine pid=60897)[0m [2026-08-06 06:21:38] Decode batch, #running-req: 15, #full token: 50560, full token usage: 0.06, mamba num: 48, mamba usage: 0.10, cuda graph: True, gen throughput (token/s): 3177.40, #queue-req: 0
[36m(SGLangEngine pid=60897)[0m [2026-08-06 06:21:39] Decode batch, #running-req: 15, #full token: 51160, full token usage: 0.06, mamba num: 48, mamba usage: 0.10, cuda graph: True, gen throughput (token/s): 2974.38, #queue-req: 0
[36m(SGLangEngine pid=60897)[0m [2026-08-06 06:21:39] Decode batch, #running-req: 15, #full token: 51760, full token usage: 0.06, mamba num: 48, mamba usage: 0.10, cuda graph: True, gen throughput (token/s): 3102.74, #queue-req: 0
[36m(SGLangEngine pid=60897)[0m [2026-08-06 06:21:39] INFO:     172.25.0.2:34380 - "POST /generate HTTP/1.1" 200 OK
[36m(SGLangEngine pid=60897)[0m [2026-08-06 06:21:39] Decode batch, #running-req: 15, #full token: 52360, full token usage: 0.06, mamba num: 48, mamba usage: 0.10, cuda graph: True, gen throughput (token/s): 2797.66, #queue-req: 0
[36m(SGLangEngine pid=60897)[0m [2026-08-06 06:21:39] Decode batch, #running-req: 14, #full token: 49617, full token usage: 0.06, mamba num: 45, mamba usage: 0.10, cuda graph: True, gen throughput (token/s): 2802.47, #queue-req: 0
[36m(SGLangEngine pid=60897)[0m [2026-08-06 06:21:39] Decode batch, #running-req: 14, #full token: 50177, full token usage: 0.06, mamba num: 45, mamba usage: 0.10, cuda graph: True, gen throughput (token/s): 2787.52, #queue-req: 0
[36m(SGLangEngine pid=60897)[0m [2026-08-06 06:21:40] Decode batch, #running-req: 14, #full token: 50737, full token usage: 0.06, mamba num: 45, mamba usage: 0.10, cuda graph: True, gen throughput (token/s): 2920.29, #queue-req: 0
[36m(SGLangEngine pid=60897)[0m [2026-08-06 06:21:40] Decode batch, #running-req: 14, #full token: 51297, full token usage: 0.06, mamba num: 45, mamba usage: 0.10, cuda graph: True, gen throughput (token/s): 2774.64, #queue-req: 0
[36m(SGLangEngine pid=60897)[0m [2026-08-06 06:21:40] Decode batch, #running-req: 14, #full token: 51857, full token usage: 0.06, mamba num: 45, mamba usage: 0.10, cuda graph: True, gen throughput (token/s): 2776.73, #queue-req: 0
[36m(SGLangEngine pid=60897)[0m [2026-08-06 06:21:40] Decode batch, #running-req: 14, #full token: 52417, full token usage: 0.06, mamba num: 45, mamba usage: 0.10, cuda graph: True, gen throughput (token/s): 2721.08, #queue-req: 0
[36m(SGLangEngine pid=60897)[0m [2026-08-06 06:21:40] Decode batch, #running-req: 14, #full token: 52977, full token usage: 0.07, mamba num: 45, mamba usage: 0.10, cuda graph: True, gen throughput (token/s): 2719.95, #queue-req: 0
[36m(SGLangEngine pid=60897)[0m [2026-08-06 06:21:41] Decode batch, #running-req: 14, #full token: 53537, full token usage: 0.07, mamba num: 45, mamba usage: 0.10, cuda graph: True, gen throughput (token/s): 2832.27, #queue-req: 0
[36m(SGLangEngine pid=60897)[0m [2026-08-06 06:21:41] Decode batch, #running-req: 14, #full token: 54097, full token usage: 0.07, mamba num: 45, mamba usage: 0.10, cuda graph: True, gen throughput (token/s): 2766.34, #queue-req: 0
[36m(SGLangEngine pid=60897)[0m [2026-08-06 06:21:41] INFO:     172.25.0.2:34254 - "POST /generate HTTP/1.1" 200 OK
[36m(SGLangEngine pid=60897)[0m [2026-08-06 06:21:41] Decode batch, #running-req: 14, #full token: 54657, full token usage: 0.07, mamba num: 45, mamba usage: 0.10, cuda graph: True, gen throughput (token/s): 2826.29, #queue-req: 0
[36m(SGLangEngine pid=60897)[0m [2026-08-06 06:21:41] Decode batch, #running-req: 13, #full token: 51009, full token usage: 0.06, mamba num: 41, mamba usage: 0.09, cuda graph: True, gen throughput (token/s): 2578.79, #queue-req: 0
[36m(SGLangEngine pid=60897)[0m [2026-08-06 06:21:42] INFO:     172.25.0.2:34268 - "POST /generate HTTP/1.1" 200 OK
[36m(SGLangEngine pid=60897)[0m [2026-08-06 06:21:41] Decode batch, #running-req: 13, #full token: 51529, full token usage: 0.06, mamba num: 41, mamba usage: 0.09, cuda graph: True, gen throughput (token/s): 2676.88, #queue-req: 0
[36m(SGLangEngine pid=60897)[0m [2026-08-06 06:21:42] INFO:     172.25.0.2:34270 - "POST /generate HTTP/1.1" 200 OK
[36m(SGLangEngine pid=60897)[0m [2026-08-06 06:21:42] Decode batch, #running-req: 12, #full token: 47908, full token usage: 0.06, mamba num: 38, mamba usage: 0.08, cuda graph: True, gen throughput (token/s): 2419.87, #queue-req: 0
[36m(SGLangEngine pid=60897)[0m [2026-08-06 06:21:42] INFO:     172.25.0.2:34278 - "POST /generate HTTP/1.1" 200 OK
[36m(SGLangEngine pid=60897)[0m [2026-08-06 06:21:42] Decode batch, #running-req: 10, #full token: 40129, full token usage: 0.05, mamba num: 32, mamba usage: 0.07, cuda graph: True, gen throughput (token/s): 2269.34, #queue-req: 0
[36m(SGLangEngine pid=60897)[0m [2026-08-06 06:21:42] INFO:     172.25.0.2:34288 - "POST /generate HTTP/1.1" 200 OK
[36m(SGLangEngine pid=60897)[0m [2026-08-06 06:21:42] INFO:     172.25.0.2:34296 - "POST /generate HTTP/1.1" 200 OK
[36m(SGLangEngine pid=60897)[0m [2026-08-06 06:21:42] Decode batch, #running-req: 9, #full token: 36418, full token usage: 0.04, mamba num: 29, mamba usage: 0.06, cuda graph: True, gen throughput (token/s): 2192.31, #queue-req: 0
[36m(SGLangEngine pid=60897)[0m [2026-08-06 06:21:42] INFO:     172.25.0.2:34312 - "POST /generate HTTP/1.1" 200 OK
[36m(SGLangEngine pid=60897)[0m [2026-08-06 06:21:42] Decode batch, #running-req: 7, #full token: 28517, full token usage: 0.04, mamba num: 23, mamba usage: 0.05, cuda graph: True, gen throughput (token/s): 1897.24, #queue-req: 0
[36m(SGLangEngine pid=60897)[0m [2026-08-06 06:21:42] INFO:     172.25.0.2:34324 - "POST /generate HTTP/1.1" 200 OK
[36m(SGLangEngine pid=60897)[0m [2026-08-06 06:21:42] Decode batch, #running-req: 6, #full token: 24680, full token usage: 0.03, mamba num: 20, mamba usage: 0.04, cuda graph: True, gen throughput (token/s): 1572.05, #queue-req: 0
[36m(SGLangEngine pid=60897)[0m [2026-08-06 06:21:42] INFO:     172.25.0.2:34348 - "POST /generate HTTP/1.1" 200 OK
[36m(SGLangEngine pid=60897)[0m [2026-08-06 06:21:43] INFO:     172.25.0.2:34336 - "POST /generate HTTP/1.1" 200 OK
[36m(SGLangEngine pid=60897)[0m [2026-08-06 06:21:43] Decode batch, #running-req: 5, #full token: 20825, full token usage: 0.03, mamba num: 17, mamba usage: 0.04, cuda graph: True, gen throughput (token/s): 1343.97, #queue-req: 0
[36m(SGLangEngine pid=60897)[0m [2026-08-06 06:21:43] INFO:     172.25.0.2:34364 - "POST /generate HTTP/1.1" 200 OK
[36m(SGLangEngine pid=60897)[0m [2026-08-06 06:21:43] Decode batch, #running-req: 4, #full token: 12770, full token usage: 0.02, mamba num: 11, mamba usage: 0.02, cuda graph: True, gen throughput (token/s): 990.98, #queue-req: 0
[36m(SGLangEngine pid=60897)[0m [2026-08-06 06:21:43] Decode batch, #running-req: 3, #full token: 12890, full token usage: 0.02, mamba num: 11, mamba usage: 0.02, cuda graph: True, gen throughput (token/s): 793.92, #queue-req: 0
[36m(SGLangEngine pid=60897)[0m [2026-08-06 06:21:43] INFO:     172.25.0.2:34394 - "POST /generate HTTP/1.1" 200 OK
[36m(SGLangEngine pid=60897)[0m [2026-08-06 06:21:43] INFO:     172.25.0.2:34410 - "POST /generate HTTP/1.1" 200 OK
[36m(SGLangEngine pid=60897)[0m [2026-08-06 06:21:43] Decode batch, #running-req: 1, #full token: 4455, full token usage: 0.01, mamba num: 4, mamba usage: 0.01, cuda graph: True, gen throughput (token/s): 664.52, #queue-req: 0
[36m(SGLangEngine pid=60897)[0m [2026-08-06 06:21:43] INFO:     172.25.0.2:34422 - "POST /generate HTTP/1.1" 200 OK
[36m(RolloutManager pid=60685)[0m [2026-08-06 06:21:43.695 rollout_manager] rmct_rollout.py:412 - RMCT step 2: 12 grad samples, parse_rate=0.445, gap=0.3333, cache_hit=0.39
[36m(RolloutManager pid=60685)[0m [2026-08-06 06:21:43.710 rollout_manager] metrics.py:89 - perf 1: {'rmct/parse_rate': 0.4453125, 'rmct/p_ref_mean': 0.0, 'rmct/p_hat_mean': 0.3333333333333333, 'rmct/gap_mean': 0.3333333333333333, 'rmct/has_signal': 0.0, 'rmct/n_grad_samples': 12.0, 'rmct/completion_len_p50': 4096.0, 'rmct/completion_len_p99': 4096.0, 'rmct/truncated_frac': 0.5546875, 'rmct/prefix_cache_hit_rate': 0.38649155722326456, 'rollout/response_len/mean': 0.0, 'rollout/response_len/median': 0.0, 'rollout/response_len/max': 0, 'rollout/response_len/min': 0, 'rollout/zero_std/count_0.0': 1, 'rollout/zero_std/all_zero_percentage': 1.0, 'rollout/zero_std/all_one_percentage': 0.0, 'rollout/prefix_cache_hit_rate': 0.0, 'rollout/avg_cached_tokens_per_sample': 0.0, 'rollout/repetition_frac': 0.0, 'rollout/truncated_ratio': 0.0, 'perf/rollout_time': 58.23458552360535, 'perf/tokens_per_gpu_per_sec': 562.6896749650174, 'perf/longest_sample_tokens_per_sec': 70.33620937062717, 'perf/effective_tokens_per_gpu_per_sec': 0.0, 'perf/longest_effective_sample_tokens_per_sec': 0.0}
[36m(RolloutManager pid=60685)[0m [2026-08-06 06:21:43.710 rollout_manager] train_data_conversion.py:262 - Rollout-side DP schedule: num_samples=8, num_rollouts=[1], num_microbatches=[8]
[36m(SGLangEngine pid=60897)[0m [2026-08-06 06:21:43] INFO:     172.25.0.2:57832 - "GET /flush_cache HTTP/1.1" 200 OK
[36m(SGLangEngine pid=60897)[0m [2026-08-06 06:21:43] Reset HybridReqToTokenPool
[36m(SGLangEngine pid=60897)[0m [2026-08-06 06:21:43] Cache flushed successfully!
[36m(SGLangEngine pid=60897)[0m [2026-08-06 06:21:43] Reset HybridReqToTokenPool
[36m(SGLangEngine pid=60897)[0m [2026-08-06 06:21:43] Cache flushed successfully!
[36m(SGLangEngine pid=60897)[0m [2026-08-06 06:21:43] INFO:     172.25.0.2:57834 - "POST /release_memory_occupation HTTP/1.1" 200 OK
[36m(MegatronTrainRayActor pid=61275)[0m [2026-08-06 06:21:43.806 actor_cell0_rank0] structured_log.py:23 - ft cls=MegatronTrainRayActor fn=train phase=start
[36m(MegatronTrainRayActor pid=61275)[0m [2026-08-06 06:21:43.806 actor_cell0_rank0] structured_log.py:23 - ft cls=MegatronTrainRayActor fn=wake_up phase=start
[36m(MegatronTrainRayActor pid=61275)[0m [2026-08-06 06:21:43.806 actor_cell0_rank0] timer.py:31 - Timer wake_up start
[36m(MegatronTrainRayActor pid=61275)[0m [2026-08-06 06:21:43.806 actor_cell0_rank0] memory_utils.py:41 - [Rank 0] Memory-Usage before wake_up model: {'gpu': '0', 'total_GB': 139.81, 'free_GB': 134.43, 'used_GB': 5.38, 'allocated_GB': 71.99, 'reserved_GB': 73.46}
[36m(MegatronTrainRayActor pid=61275)[0m [2026-08-06 06:21:50.898 actor_cell0_rank0] reloadable_process_group.py:151 - Reloading 0 process groups in pid 61275
[36m(MegatronTrainRayActor pid=61275)[0m [2026-08-06 06:21:50.898 actor_cell0_rank0] memory_utils.py:41 - [Rank 0] Memory-Usage after wake_up model: {'gpu': '0', 'total_GB': 139.81, 'free_GB': 61.06, 'used_GB': 78.75, 'allocated_GB': 71.99, 'reserved_GB': 73.46}
[36m(MegatronTrainRayActor pid=61275)[0m [2026-08-06 06:21:50.898 actor_cell0_rank0] timer.py:42 - Timer wake_up end (elapsed: 7.1s)
[36m(MegatronTrainRayActor pid=61275)[0m [2026-08-06 06:21:50.898 actor_cell0_rank0] structured_log.py:27 - ft cls=MegatronTrainRayActor fn=wake_up phase=end ok=true elapsed_s=7.1
[36m(MegatronTrainRayActor pid=61275)[0m [2026-08-06 06:21:50.898 actor_cell0_rank0] timer.py:31 - Timer data_preprocess start
[36m(MegatronTrainRayActor pid=61275)[0m [2026-08-06 06:21:50.907 actor_cell0_rank0] timer.py:42 - Timer data_preprocess end (elapsed: 0.0s)
[36m(MegatronTrainRayActor pid=61275)[0m [2026-08-06 06:21:50.907 actor_cell0_rank0] structured_log.py:23 - ft cls=MegatronTrainRayActor fn=train_actor phase=start
[36m(MegatronTrainRayActor pid=61275)[0m [2026-08-06 06:21:50.907 actor_cell0_rank0] timer.py:42 - Timer train_wait end (elapsed: 85.0s)
[36m(MegatronTrainRayActor pid=61275)[0m [2026-08-06 06:21:50.907 actor_cell0_rank0] timer.py:31 - Timer train start
[36m(MegatronTrainRayActor pid=61275)[0m [2026-08-06 06:21:51.061 actor_cell0_rank0] structured_log.py:23 - ft cls=MegatronTrainRayActor fn=compute_log_prob phase=start
[36m(MegatronTrainRayActor pid=61275)[0m [2026-08-06 06:21:51.061 actor_cell0_rank0] timer.py:31 - Timer ref_log_probs start
[36m(MegatronTrainRayActor pid=61275)[0m [2026-08-06 06:21:51.866 actor_cell0_rank0] timer.py:42 - Timer ref_log_probs end (elapsed: 0.8s)
[36m(MegatronTrainRayActor pid=61275)[0m [2026-08-06 06:21:51.866 actor_cell0_rank0] structured_log.py:27 - ft cls=MegatronTrainRayActor fn=compute_log_prob phase=end ok=true elapsed_s=0.8
[36m(MegatronTrainRayActor pid=61275)[0m [2026-08-06 06:21:52.037 actor_cell0_rank0] structured_log.py:23 - ft cls=MegatronTrainRayActor fn=compute_log_prob phase=start
[36m(MegatronTrainRayActor pid=61275)[0m [2026-08-06 06:21:52.037 actor_cell0_rank0] timer.py:31 - Timer log_probs start
[36m(MegatronTrainRayActor pid=61275)[0m [2026-08-06 06:21:52.835 actor_cell0_rank0] timer.py:42 - Timer log_probs end (elapsed: 0.8s)
[36m(MegatronTrainRayActor pid=61275)[0m [2026-08-06 06:21:52.835 actor_cell0_rank0] structured_log.py:27 - ft cls=MegatronTrainRayActor fn=compute_log_prob phase=end ok=true elapsed_s=0.8
[36m(MegatronTrainRayActor pid=61275)[0m [2026-08-06 06:21:52.853 actor_cell0_rank0] rmct_advantage.py:104 - rmct/kl_policy_base=0.000000 (kl_coef=0.050)
[36m(MegatronTrainRayActor pid=61275)[0m [2026-08-06 06:21:52.855 actor_cell0_rank0] log_utils.py:55 - ft op=cross_cell phase=start kind=log_gather rank=0
[36m(MegatronTrainRayActor pid=61275)[0m [2026-08-06 06:21:52.856 actor_cell0_rank0] log_utils.py:61 - ft op=cross_cell phase=end kind=log_gather rank=0 success=true
[36m(MegatronTrainRayActor pid=61275)[0m [2026-08-06 06:21:52.856 actor_cell0_rank0] log_utils.py:78 - rollout 1: {'rollout/response_lengths': 4096.0, 'rollout/rewards': 0.0, 'rollout/truncated': 0.0, 'rollout/rollout_log_probs': 0.0, 'rollout/raw_reward': 0.0, 'rollout/total_lengths': 4484.0, 'rollout/ref_log_probs': 0.0, 'rollout/log_probs': 0.0, 'rollout/advantages': 0.0, 'rollout/returns': 0.0}
[36m(MegatronTrainRayActor pid=61275)[0m [2026-08-06 06:21:52.856 actor_cell0_rank0] timer.py:31 - Timer actor_train start
[36m(MegatronTrainRayActor pid=61275)[0m /root/miles/miles/backends/training_utils/loss.py:187: UserWarning: To copy construct from a tensor, it is recommended to use sourceTensor.detach().clone() or sourceTensor.detach().clone().requires_grad_(True), rather than torch.tensor(sourceTensor).
[36m(MegatronTrainRayActor pid=61275)[0m   torch.tensor(num_tokens if args.calculate_per_token_loss else 1, device=logits.device),
[36m(SGLangEngine pid=60897)[0m [2026-08-06 06:21:54] INFO:     172.25.0.2:42614 - "GET /health HTTP/1.1" 200 OK
[36m(MegatronTrainRayActor pid=61275)[0m [2026-08-06 06:21:56.012 actor_cell0_rank0] model.py:635 - ft op=train_step rollout=1 step=0 attempt=0 outcome=NORMAL valid_step=true
[36m(MegatronTrainRayActor pid=61275)[0m [2026-08-06 06:21:56.052 actor_cell0_rank0] log_utils.py:493 - step 1: {'train/loss': 0.0, 'train/pg_loss': 0.0, 'train/entropy_loss': 0.0, 'train/pg_clipfrac': 0.0, 'train/ppo_kl': 0.0, 'train/ess_ratio': 0.0, 'train/train_rollout_logprob_abs_diff': 0.0, 'train/train_rollout_kl': 0.0, 'train/kl_loss': 0.0, 'train/grad_norm': 0.0, 'train/lr-pg_0': 1e-05, 'train/lr-pg_1': 1e-05, 'train/step': 1}
[36m(MegatronTrainRayActor pid=61275)[0m [2026-08-06 06:21:56.052 actor_cell0_rank0] model.py:854 - step 1: {'train/loss': 0.0, 'train/pg_loss': 0.0, 'train/entropy_loss': 0.0, 'train/pg_clipfrac': 0.0, 'train/ppo_kl': 0.0, 'train/ess_ratio': 0.0, 'train/train_rollout_logprob_abs_diff': 0.0, 'train/train_rollout_kl': 0.0, 'train/kl_loss': 0.0, 'train/grad_norm': 0.0, 'train/lr-pg_0': 1e-05, 'train/lr-pg_1': 1e-05, 'train/step': 1}
[36m(MegatronTrainRayActor pid=61275)[0m [2026-08-06 06:21:56.052 actor_cell0_rank0] timer.py:42 - Timer actor_train end (elapsed: 3.2s)
[36m(MegatronTrainRayActor pid=61275)[0m [2026-08-06 06:21:56.052 actor_cell0_rank0] timer.py:42 - Timer train end (elapsed: 5.1s)
[36m(MegatronTrainRayActor pid=61275)[0m [2026-08-06 06:21:56.052 actor_cell0_rank0] timer.py:31 - Timer train_wait start
[36m(MegatronTrainRayActor pid=61275)[0m [2026-08-06 06:21:56.205 actor_cell0_rank0] train_metric_utils.py:50 - perf 1: {'perf/sleep_time': 19.06331157684326, 'perf/update_weights_time': 0.27512288093566895, 'perf/wake_up_time': 7.092136859893799, 'perf/data_preprocess_time': 0.008831024169921875, 'perf/train_wait_time': 84.98655295372009, 'perf/ref_log_probs_time': 0.8048744201660156, 'perf/log_probs_time': 0.7978267669677734, 'perf/actor_train_time': 3.1959474086761475, 'perf/train_time': 5.144557237625122, 'perf/log_probs_tflops': 343.9847917816242, 'perf/ref_log_probs_tflops': 340.97278710461336, 'perf/actor_train_tflops': 257.6140085110759, 'perf/actor_train_tok_per_s': 11224.214736017575, 'perf/step_time': 90.13111019134521, 'perf/wait_time_ratio': 0.942921403867062}
[36m(MegatronTrainRayActor pid=61275)[0m [2026-08-06 06:21:56.206 actor_cell0_rank0] structured_log.py:27 - ft cls=MegatronTrainRayActor fn=train_actor phase=end ok=true elapsed_s=5.3
[36m(MegatronTrainRayActor pid=61275)[0m [2026-08-06 06:21:56.207 actor_cell0_rank0] structured_log.py:27 - ft cls=MegatronTrainRayActor fn=train phase=end ok=true elapsed_s=12.4
[36m(MegatronTrainRayActor pid=61275)[0m [2026-08-06 06:21:56.208 actor_cell0_rank0] structured_log.py:23 - ft cls=MegatronTrainRayActor fn=sleep phase=start
[36m(MegatronTrainRayActor pid=61275)[0m [2026-08-06 06:21:56.209 actor_cell0_rank0] timer.py:31 - Timer sleep start
[36m(MegatronTrainRayActor pid=61275)[0m [2026-08-06 06:21:56.610 actor_cell0_rank0] memory_utils.py:41 - [Rank 0] Memory-Usage before offload model: {'gpu': '0', 'total_GB': 139.81, 'free_GB': 61.06, 'used_GB': 78.75, 'allocated_GB': 71.99, 'reserved_GB': 73.46}
[36m(SGLangEngine pid=60897)[0m [2026-08-06 06:22:15] INFO:     172.25.0.2:34832 - "POST /resume_memory_occupation HTTP/1.1" 200 OK
[36m(SGLangEngine pid=60897)[0m [2026-08-06 06:22:15] INFO:     172.25.0.2:34838 - "POST /pause_generation HTTP/1.1" 200 OK
[36m(SGLangEngine pid=60897)[0m [2026-08-06 06:22:15] INFO:     172.25.0.2:34844 - "GET /flush_cache HTTP/1.1" 200 OK
[36m(SGLangEngine pid=60897)[0m [2026-08-06 06:22:15] INFO:     172.25.0.2:34860 - "POST /begin_weight_update HTTP/1.1" 200 OK
[36m(SGLangEngine pid=60897)[0m [2026-08-06 06:22:15] Reset HybridReqToTokenPool
[36m(SGLangEngine pid=60897)[0m [2026-08-06 06:22:15] Cache flushed successfully!
[36m(MegatronTrainRayActor pid=61275)[0m [2026-08-06 06:22:15.360 actor_cell0_rank0] memory_utils.py:41 - [Rank 0] Memory-Usage after offload model: {'gpu': '0', 'total_GB': 139.81, 'free_GB': 134.43, 'used_GB': 5.38, 'allocated_GB': 71.99, 'reserved_GB': 73.46}
[36m(MegatronTrainRayActor pid=61275)[0m [2026-08-06 06:22:15.360 actor_cell0_rank0] log_utils.py:382 - [CPU memory] after_offload_train: 246.88 GB (rollout_id=1, step=1)
[36m(MegatronTrainRayActor pid=61275)[0m [2026-08-06 06:22:15.360 actor_cell0_rank0] timer.py:42 - Timer sleep end (elapsed: 19.2s)
[36m(MegatronTrainRayActor pid=61275)[0m [2026-08-06 06:22:15.361 actor_cell0_rank0] structured_log.py:27 - ft cls=MegatronTrainRayActor fn=sleep phase=end ok=true elapsed_s=19.2
[36m(MegatronTrainRayActor pid=61275)[0m [2026-08-06 06:22:15.394 actor_cell0_rank0] structured_log.py:23 - ft cls=MegatronTrainRayActor fn=update_weights phase=start
[36m(MegatronTrainRayActor pid=61275)[0m [2026-08-06 06:22:15.395 actor_cell0_rank0] timer.py:31 - Timer update_weights start
[36m(MegatronTrainRayActor pid=61275)[0m [2026-08-06 06:22:15.395 actor_cell0_rank0] reloadable_process_group.py:151 - Reloading 0 process groups in pid 61275
[36m(MegatronTrainRayActor pid=61275)[0m [2026-08-06 06:22:15.395 actor_cell0_rank0] memory_utils.py:41 - [Rank 0] Memory-Usage before update_weights: {'gpu': '0', 'total_GB': 139.81, 'free_GB': 125.81, 'used_GB': 14.0, 'allocated_GB': 71.99, 'reserved_GB': 73.46}
[36m(MegatronTrainRayActor pid=61275)[0m 
Update weights:   0%|          | 0/16 [00:00<?, ?it/s]
[36m(SGLangEngine pid=60897)[0m [2026-08-06 06:22:15] INFO:     172.25.0.2:34864 - "POST /update_weights_from_tensor HTTP/1.1" 200 OK
[36m(SGLangEngine pid=60897)[0m [2026-08-06 06:22:15] INFO:     172.25.0.2:34872 - "POST /update_weights_from_tensor HTTP/1.1" 200 OK
[36m(SGLangEngine pid=60897)[0m [2026-08-06 06:22:15] INFO:     172.25.0.2:34880 - "POST /update_weights_from_tensor HTTP/1.1" 200 OK
[36m(SGLangEngine pid=60897)[0m [2026-08-06 06:22:15] INFO:     172.25.0.2:34882 - "POST /update_weights_from_tensor HTTP/1.1" 200 OK
[36m(SGLangEngine pid=60897)[0m [2026-08-06 06:22:15] INFO:     172.25.0.2:34886 - "POST /update_weights_from_tensor HTTP/1.1" 200 OK
[36m(SGLangEngine pid=60897)[0m [2026-08-06 06:22:15] INFO:     172.25.0.2:34894 - "POST /update_weights_from_tensor HTTP/1.1" 200 OK
[36m(SGLangEngine pid=60897)[0m [2026-08-06 06:22:15] INFO:     172.25.0.2:34910 - "POST /update_weights_from_tensor HTTP/1.1" 200 OK
[36m(SGLangEngine pid=60897)[0m [2026-08-06 06:22:15] INFO:     172.25.0.2:34920 - "POST /update_weights_from_tensor HTTP/1.1" 200 OK
[36m(SGLangEngine pid=60897)[0m [2026-08-06 06:22:15] INFO:     172.25.0.2:34930 - "POST /update_weights_from_tensor HTTP/1.1" 200 OK
[36m(SGLangEngine pid=60897)[0m [2026-08-06 06:22:15] INFO:     172.25.0.2:34940 - "POST /update_weights_from_tensor HTTP/1.1" 200 OK
[36m(SGLangEngine pid=60897)[0m [2026-08-06 06:22:15] INFO:     172.25.0.2:34950 - "POST /update_weights_from_tensor HTTP/1.1" 200 OK
[36m(SGLangEngine pid=60897)[0m [2026-08-06 06:22:15] INFO:     172.25.0.2:34964 - "POST /update_weights_from_tensor HTTP/1.1" 200 OK
[36m(MegatronTrainRayActor pid=61275)[0m 
Update weights:  38%|███▊      | 6/16 [00:00<00:00, 51.41it/s]
[36m(SGLangEngine pid=60897)[0m [2026-08-06 06:22:15] INFO:     172.25.0.2:34970 - "POST /update_weights_from_tensor HTTP/1.1" 200 OK
[36m(SGLangEngine pid=60897)[0m [2026-08-06 06:22:15] INFO:     172.25.0.2:34978 - "POST /update_weights_from_tensor HTTP/1.1" 200 OK
[36m(SGLangEngine pid=60897)[0m [2026-08-06 06:22:15] INFO:     172.25.0.2:34994 - "POST /update_weights_from_tensor HTTP/1.1" 200 OK
[36m(SGLangEngine pid=60897)[0m [2026-08-06 06:22:15] INFO:     172.25.0.2:35010 - "POST /update_weights_from_tensor HTTP/1.1" 200 OK
[36m(SGLangEngine pid=60897)[0m [2026-08-06 06:22:15] INFO:     172.25.0.2:35022 - "POST /end_weight_update HTTP/1.1" 200 OK
[36m(SGLangEngine pid=60897)[0m [2026-08-06 06:22:15] INFO:     172.25.0.2:35032 - "POST /continue_generation HTTP/1.1" 200 OK
[36m(SGLangEngine pid=60897)[0m [2026-08-06 06:22:15] INFO:     172.25.0.2:35046 - "POST /resume_memory_occupation HTTP/1.1" 200 OK
[36m(SGLangEngine pid=60897)[0m [2026-08-06 06:22:15] [continue_generation] torch.cuda.empty_cache() called: reserved 57590.0 MB -> 57590.0 MB (freed 0.0 MB)
[36m(MegatronTrainRayActor pid=61275)[0m 
Update weights:  81%|████████▏ | 13/16 [00:00<00:00, 59.14it/s]
Update weights: 100%|██████████| 16/16 [00:00<00:00, 57.75it/s]
[36m(MegatronTrainRayActor pid=61275)[0m [2026-08-06 06:22:15.693 actor_cell0_rank0] memory_utils.py:41 - [Rank 0] Memory-Usage after update_weights: {'gpu': '0', 'total_GB': 139.81, 'free_GB': 121.57, 'used_GB': 18.24, 'allocated_GB': 71.99, 'reserved_GB': 77.8}
[36m(MegatronTrainRayActor pid=61275)[0m [2026-08-06 06:22:15.696 actor_cell0_rank0] timer.py:42 - Timer update_weights end (elapsed: 0.3s)
[36m(MegatronTrainRayActor pid=61275)[0m [2026-08-06 06:22:15.696 actor_cell0_rank0] structured_log.py:27 - ft cls=MegatronTrainRayActor fn=update_weights phase=end ok=true elapsed_s=0.3
[36m(SGLangEngine pid=60897)[0m [2026-08-06 06:22:15] Prefill batch, #new-seq: 1, #new-token: 382, #cached-token: 0, full token usage: 0.01, mamba usage: 0.15, #running-req: 0, #queue-req: 63, #pending-token: 0, cuda graph: False, input throughput (token/s): 6.96
[36m(SGLangEngine pid=60897)[0m [2026-08-06 06:22:16] Prefill batch, #new-seq: 22, #new-token: 8192, #cached-token: 0, full token usage: 0.01, mamba usage: 0.34, #running-req: 1, #queue-req: 76, #pending-token: 19739, cuda graph: False, input throughput (token/s): 31590.12
[36m(SGLangEngine pid=60897)[0m [2026-08-06 06:22:16] Prefill batch, #new-seq: 30, #new-token: 8192, #cached-token: 2560, full token usage: 0.01, mamba usage: 0.57, #running-req: 22, #queue-req: 42, #pending-token: 21730, cuda graph: False, input throughput (token/s): 58225.98
[36m(SGLangEngine pid=60897)[0m [2026-08-06 06:22:16] Prefill batch, #new-seq: 35, #new-token: 8192, #cached-token: 704, full token usage: 0.01, mamba usage: 0.61, #running-req: 51, #queue-req: 37, #pending-token: 12834, cuda graph: False, input throughput (token/s): 153875.84
[36m(SGLangEngine pid=60897)[0m [2026-08-06 06:22:16] Prefill batch, #new-seq: 6, #new-token: 816, #cached-token: 320, full token usage: 0.01, mamba usage: 0.61, #running-req: 85, #queue-req: 37, #pending-token: 11698, cuda graph: False, input throughput (token/s): 153264.93
[36m(SGLangEngine pid=60897)[0m [2026-08-06 06:22:16] Decode batch, #running-req: 91, #full token: 7834, full token usage: 0.01, mamba num: 282, mamba usage: 0.61, cuda graph: True, gen throughput (token/s): 109.77, #queue-req: 37
[36m(SGLangEngine pid=60897)[0m [2026-08-06 06:22:17] Decode batch, #running-req: 91, #full token: 11474, full token usage: 0.01, mamba num: 282, mamba usage: 0.61, cuda graph: True, gen throughput (token/s): 11845.41, #queue-req: 37
[36m(SGLangEngine pid=60897)[0m [2026-08-06 06:22:17] Decode batch, #running-req: 91, #full token: 15114, full token usage: 0.02, mamba num: 282, mamba usage: 0.61, cuda graph: True, gen throughput (token/s): 12050.98, #queue-req: 37
[36m(SGLangEngine pid=60897)[0m [2026-08-06 06:22:17] Decode batch, #running-req: 91, #full token: 18754, full token usage: 0.02, mamba num: 282, mamba usage: 0.61, cuda graph: True, gen throughput (token/s): 11428.69, #queue-req: 37
[36m(SGLangEngine pid=60897)[0m [2026-08-06 06:22:17] Decode batch, #running-req: 91, #full token: 22394, full token usage: 0.03, mamba num: 282, mamba usage: 0.61, cuda graph: True, gen throughput (token/s): 12255.99, #queue-req: 37
[36m(SGLangEngine pid=60897)[0m [2026-08-06 06:22:18] Decode batch, #running-req: 91, #full token: 26034, full token usage: 0.03, mamba num: 282, mamba usage: 0.61, cuda graph: True, gen throughput (token/s): 12196.52, #queue-req: 37
[36m(SGLangEngine pid=60897)[0m [2026-08-06 06:22:18] Decode batch, #running-req: 91, #full token: 29674, full token usage: 0.04, mamba num: 282, mamba usage: 0.61, cuda graph: True, gen throughput (token/s): 12158.96, #queue-req: 37
[36m(SGLangEngine pid=60897)[0m [2026-08-06 06:22:18] Decode batch, #running-req: 91, #full token: 33314, full token usage: 0.04, mamba num: 282, mamba usage: 0.61, cuda graph: True, gen throughput (token/s): 11574.27, #queue-req: 37
[36m(SGLangEngine pid=60897)[0m [2026-08-06 06:22:19] Decode batch, #running-req: 91, #full token: 36954, full token usage: 0.05, mamba num: 282, mamba usage: 0.61, cuda graph: True, gen throughput (token/s): 12062.69, #queue-req: 37
[36m(SGLangEngine pid=60897)[0m [2026-08-06 06:22:19] Decode batch, #running-req: 91, #full token: 40594, full token usage: 0.05, mamba num: 282, mamba usage: 0.61, cuda graph: True, gen throughput (token/s): 11175.74, #queue-req: 37
[36m(SGLangEngine pid=60897)[0m [2026-08-06 06:22:19] Decode batch, #running-req: 91, #full token: 44234, full token usage: 0.05, mamba num: 282, mamba usage: 0.61, cuda graph: True, gen throughput (token/s): 11682.76, #queue-req: 37
[36m(SGLangEngine pid=60897)[0m [2026-08-06 06:22:20] Decode batch, #running-req: 91, #full token: 47874, full token usage: 0.06, mamba num: 282, mamba usage: 0.61, cuda graph: True, gen throughput (token/s): 11921.17, #queue-req: 37
[36m(SGLangEngine pid=60897)[0m [2026-08-06 06:22:20] Decode batch, #running-req: 91, #full token: 51514, full token usage: 0.06, mamba num: 282, mamba usage: 0.61, cuda graph: True, gen throughput (token/s): 11876.14, #queue-req: 37
[36m(SGLangEngine pid=60897)[0m [2026-08-06 06:22:20] Decode batch, #running-req: 91, #full token: 55154, full token usage: 0.07, mamba num: 282, mamba usage: 0.61, cuda graph: True, gen throughput (token/s): 11592.05, #queue-req: 37
[36m(SGLangEngine pid=60897)[0m [2026-08-06 06:22:21] Decode batch, #running-req: 91, #full token: 58794, full token usage: 0.07, mamba num: 282, mamba usage: 0.61, cuda graph: True, gen throughput (token/s): 11503.08, #queue-req: 37
[36m(SGLangEngine pid=60897)[0m [2026-08-06 06:22:21] INFO:     172.25.0.2:35692 - "POST /generate HTTP/1.1" 200 OK
[36m(SGLangEngine pid=60897)[0m [2026-08-06 06:22:21] Prefill batch, #new-seq: 2, #new-token: 34, #cached-token: 384, full token usage: 0.08, mamba usage: 0.62, #running-req: 90, #queue-req: 35, #pending-token: 11280, cuda graph: False, input throughput (token/s): 6.86
[36m(SGLangEngine pid=60897)[0m [2026-08-06 06:22:21] Decode batch, #running-req: 92, #full token: 61781, full token usage: 0.08, mamba num: 285, mamba usage: 0.62, cuda graph: True, gen throughput (token/s): 10359.30, #queue-req: 35
[36m(SGLangEngine pid=60897)[0m [2026-08-06 06:22:21] Decode batch, #running-req: 92, #full token: 65461, full token usage: 0.08, mamba num: 285, mamba usage: 0.62, cuda graph: True, gen throughput (token/s): 11038.04, #queue-req: 35
[36m(SGLangEngine pid=60897)[0m [2026-08-06 06:22:22] Decode batch, #running-req: 92, #full token: 69141, full token usage: 0.09, mamba num: 285, mamba usage: 0.62, cuda graph: True, gen throughput (token/s): 11623.91, #queue-req: 35
[36m(SGLangEngine pid=60897)[0m [2026-08-06 06:22:22] Decode batch, #running-req: 92, #full token: 72821, full token usage: 0.09, mamba num: 285, mamba usage: 0.62, cuda graph: True, gen throughput (token/s): 11883.22, #queue-req: 35
[36m(SGLangEngine pid=60897)[0m [2026-08-06 06:22:22] Decode batch, #running-req: 92, #full token: 76501, full token usage: 0.09, mamba num: 285, mamba usage: 0.62, cuda graph: True, gen throughput (token/s): 11690.66, #queue-req: 35
[36m(SGLangEngine pid=60897)[0m [2026-08-06 06:22:22] Decode batch, #running-req: 92, #full token: 80181, full token usage: 0.10, mamba num: 285, mamba usage: 0.62, cuda graph: True, gen throughput (token/s): 11140.49, #queue-req: 35
[36m(SGLangEngine pid=60897)[0m [2026-08-06 06:22:23] Decode batch, #running-req: 92, #full token: 83861, full token usage: 0.10, mamba num: 285, mamba usage: 0.62, cuda graph: True, gen throughput (token/s): 11608.15, #queue-req: 35
[36m(SGLangEngine pid=60897)[0m [2026-08-06 06:22:23] Decode batch, #running-req: 92, #full token: 87541, full token usage: 0.11, mamba num: 285, mamba usage: 0.62, cuda graph: True, gen throughput (token/s): 10818.90, #queue-req: 35
[36m(SGLangEngine pid=60897)[0m [2026-08-06 06:22:23] Decode batch, #running-req: 92, #full token: 91221, full token usage: 0.11, mamba num: 285, mamba usage: 0.62, cuda graph: True, gen throughput (token/s): 11126.17, #queue-req: 35
[36m(SGLangEngine pid=60897)[0m [2026-08-06 06:22:24] Decode batch, #running-req: 92, #full token: 94901, full token usage: 0.12, mamba num: 285, mamba usage: 0.62, cuda graph: True, gen throughput (token/s): 11538.69, #queue-req: 35
[36m(SGLangEngine pid=60897)[0m [2026-08-06 06:22:24] Decode batch, #running-req: 92, #full token: 98581, full token usage: 0.12, mamba num: 285, mamba usage: 0.62, cuda graph: True, gen throughput (token/s): 11630.11, #queue-req: 35
[36m(SGLangEngine pid=60897)[0m [2026-08-06 06:22:24] Decode batch, #running-req: 92, #full token: 102261, full token usage: 0.13, mamba num: 285, mamba usage: 0.62, cuda graph: True, gen throughput (token/s): 11320.48, #queue-req: 35
[36m(SGLangEngine pid=60897)[0m [2026-08-06 06:22:25] Decode batch, #running-req: 92, #full token: 105941, full token usage: 0.13, mamba num: 285, mamba usage: 0.62, cuda graph: True, gen throughput (token/s): 11271.99, #queue-req: 35
[36m(SGLangEngine pid=60897)[0m [2026-08-06 06:22:25] Decode batch, #running-req: 92, #full token: 109621, full token usage: 0.14, mamba num: 285, mamba usage: 0.62, cuda graph: True, gen throughput (token/s): 10837.38, #queue-req: 35
[36m(SGLangEngine pid=60897)[0m [2026-08-06 06:22:25] Decode batch, #running-req: 92, #full token: 113301, full token usage: 0.14, mamba num: 285, mamba usage: 0.62, cuda graph: True, gen throughput (token/s): 10675.04, #queue-req: 35
[36m(SGLangEngine pid=60897)[0m [2026-08-06 06:22:26] Decode batch, #running-req: 92, #full token: 116981, full token usage: 0.14, mamba num: 285, mamba usage: 0.62, cuda graph: True, gen throughput (token/s): 11275.17, #queue-req: 35
[36m(SGLangEngine pid=60897)[0m [2026-08-06 06:22:26] Decode batch, #running-req: 92, #full token: 120661, full token usage: 0.15, mamba num: 285, mamba usage: 0.62, cuda graph: True, gen throughput (token/s): 11236.86, #queue-req: 35
[36m(SGLangEngine pid=60897)[0m [2026-08-06 06:22:26] Decode batch, #running-req: 92, #full token: 124341, full token usage: 0.15, mamba num: 285, mamba usage: 0.62, cuda graph: True, gen throughput (token/s): 11230.71, #queue-req: 35
[36m(SGLangEngine pid=60897)[0m [2026-08-06 06:22:27] Decode batch, #running-req: 92, #full token: 128021, full token usage: 0.16, mamba num: 285, mamba usage: 0.62, cuda graph: True, gen throughput (token/s): 10672.55, #queue-req: 35
[36m(SGLangEngine pid=60897)[0m [2026-08-06 06:22:27] Decode batch, #running-req: 92, #full token: 131701, full token usage: 0.16, mamba num: 285, mamba usage: 0.62, cuda graph: True, gen throughput (token/s): 10853.86, #queue-req: 35
[36m(SGLangEngine pid=60897)[0m [2026-08-06 06:22:27] Decode batch, #running-req: 92, #full token: 135381, full token usage: 0.17, mamba num: 285, mamba usage: 0.62, cuda graph: True, gen throughput (token/s): 10358.15, #queue-req: 35
[36m(SGLangEngine pid=60897)[0m [2026-08-06 06:22:28] Decode batch, #running-req: 92, #full token: 139061, full token usage: 0.17, mamba num: 285, mamba usage: 0.62, cuda graph: True, gen throughput (token/s): 10893.02, #queue-req: 35
[36m(SGLangEngine pid=60897)[0m [2026-08-06 06:22:28] INFO:     172.25.0.2:35862 - "POST /generate HTTP/1.1" 200 OK
[36m(SGLangEngine pid=60897)[0m [2026-08-06 06:22:28] Prefill batch, #new-seq: 1, #new-token: 17, #cached-token: 192, full token usage: 0.17, mamba usage: 0.62, #running-req: 91, #queue-req: 34, #pending-token: 11071, cuda graph: False, input throughput (token/s): 2.36
[36m(SGLangEngine pid=60897)[0m [2026-08-06 06:22:28] Decode batch, #running-req: 92, #full token: 141245, full token usage: 0.17, mamba num: 285, mamba usage: 0.62, cuda graph: True, gen throughput (token/s): 9960.11, #queue-req: 34
[36m(SGLangEngine pid=60897)[0m [2026-08-06 06:22:28] Decode batch, #running-req: 92, #full token: 144925, full token usage: 0.18, mamba num: 285, mamba usage: 0.62, cuda graph: True, gen throughput (token/s): 10830.55, #queue-req: 34
[36m(SGLangEngine pid=60897)[0m [2026-08-06 06:22:29] Decode batch, #running-req: 92, #full token: 148605, full token usage: 0.18, mamba num: 285, mamba usage: 0.62, cuda graph: True, gen throughput (token/s): 10464.53, #queue-req: 34
[36m(SGLangEngine pid=60897)[0m [2026-08-06 06:22:29] Decode batch, #running-req: 92, #full token: 152285, full token usage: 0.19, mamba num: 285, mamba usage: 0.62, cuda graph: True, gen throughput (token/s): 10837.03, #queue-req: 34
[36m(SGLangEngine pid=60897)[0m [2026-08-06 06:22:29] INFO:     172.25.0.2:35812 - "POST /generate HTTP/1.1" 200 OK
[36m(SGLangEngine pid=60897)[0m [2026-08-06 06:22:29] Prefill batch, #new-seq: 1, #new-token: 17, #cached-token: 192, full token usage: 0.19, mamba usage: 0.62, #running-req: 91, #queue-req: 33, #pending-token: 10862, cuda graph: False, input throughput (token/s): 13.42
[36m(SGLangEngine pid=60897)[0m [2026-08-06 06:22:30] Decode batch, #running-req: 92, #full token: 154325, full token usage: 0.19, mamba num: 285, mamba usage: 0.62, cuda graph: True, gen throughput (token/s): 9310.60, #queue-req: 33
[36m(SGLangEngine pid=60897)[0m [2026-08-06 06:22:30] Decode batch, #running-req: 92, #full token: 158005, full token usage: 0.20, mamba num: 285, mamba usage: 0.62, cuda graph: True, gen throughput (token/s): 10356.66, #queue-req: 33
[36m(SGLangEngine pid=60897)[0m [2026-08-06 06:22:30] Decode batch, #running-req: 92, #full token: 161685, full token usage: 0.20, mamba num: 285, mamba usage: 0.62, cuda graph: True, gen throughput (token/s): 10776.25, #queue-req: 33
[36m(SGLangEngine pid=60897)[0m [2026-08-06 06:22:31] Decode batch, #running-req: 92, #full token: 165365, full token usage: 0.20, mamba num: 285, mamba usage: 0.62, cuda graph: True, gen throughput (token/s): 10612.60, #queue-req: 33
[36m(SGLangEngine pid=60897)[0m [2026-08-06 06:22:31] Decode batch, #running-req: 92, #full token: 169045, full token usage: 0.21, mamba num: 285, mamba usage: 0.62, cuda graph: True, gen throughput (token/s): 10318.50, #queue-req: 33
[36m(SGLangEngine pid=60897)[0m [2026-08-06 06:22:31] Decode batch, #running-req: 92, #full token: 172725, full token usage: 0.21, mamba num: 285, mamba usage: 0.62, cuda graph: True, gen throughput (token/s): 10458.90, #queue-req: 33
[36m(SGLangEngine pid=60897)[0m [2026-08-06 06:22:32] Decode batch, #running-req: 92, #full token: 176405, full token usage: 0.22, mamba num: 285, mamba usage: 0.62, cuda graph: True, gen throughput (token/s): 10352.58, #queue-req: 33
[36m(SGLangEngine pid=60897)[0m [2026-08-06 06:22:32] Decode batch, #running-req: 92, #full token: 180085, full token usage: 0.22, mamba num: 285, mamba usage: 0.62, cuda graph: True, gen throughput (token/s): 9823.70, #queue-req: 33
[36m(SGLangEngine pid=60897)[0m [2026-08-06 06:22:32] Decode batch, #running-req: 92, #full token: 183765, full token usage: 0.23, mamba num: 285, mamba usage: 0.62, cuda graph: True, gen throughput (token/s): 10436.29, #queue-req: 33
[36m(SGLangEngine pid=60897)[0m [2026-08-06 06:22:33] Decode batch, #running-req: 92, #full token: 187445, full token usage: 0.23, mamba num: 285, mamba usage: 0.62, cuda graph: True, gen throughput (token/s): 10437.92, #queue-req: 33
[36m(SGLangEngine pid=60897)[0m [2026-08-06 06:22:33] Decode batch, #running-req: 92, #full token: 191125, full token usage: 0.24, mamba num: 285, mamba usage: 0.62, cuda graph: True, gen throughput (token/s): 10247.91, #queue-req: 33
[36m(SGLangEngine pid=60897)[0m [2026-08-06 06:22:33] INFO:     172.25.0.2:35844 - "POST /generate HTTP/1.1" 200 OK
[36m(SGLangEngine pid=60897)[0m [2026-08-06 06:22:33] Prefill batch, #new-seq: 1, #new-token: 322, #cached-token: 0, full token usage: 0.24, mamba usage: 0.62, #running-req: 91, #queue-req: 32, #pending-token: 10540, cuda graph: False, input throughput (token/s): 81.00
[36m(SGLangEngine pid=60897)[0m [2026-08-06 06:22:34] Decode batch, #running-req: 92, #full token: 193024, full token usage: 0.24, mamba num: 286, mamba usage: 0.62, cuda graph: True, gen throughput (token/s): 9127.05, #queue-req: 32
[36m(SGLangEngine pid=60897)[0m [2026-08-06 06:22:34] Decode batch, #running-req: 92, #full token: 196704, full token usage: 0.24, mamba num: 286, mamba usage: 0.62, cuda graph: True, gen throughput (token/s): 10440.13, #queue-req: 32
[36m(SGLangEngine pid=60897)[0m [2026-08-06 06:22:34] INFO:     172.25.0.2:35770 - "POST /generate HTTP/1.1" 200 OK
[36m(SGLangEngine pid=60897)[0m [2026-08-06 06:22:34] Decode batch, #running-req: 92, #full token: 200384, full token usage: 0.25, mamba num: 286, mamba usage: 0.62, cuda graph: True, gen throughput (token/s): 9710.41, #queue-req: 32
[36m(SGLangEngine pid=60897)[0m [2026-08-06 06:22:34] Prefill batch, #new-seq: 1, #new-token: 2, #cached-token: 320, full token usage: 0.25, mamba usage: 0.62, #running-req: 91, #queue-req: 31, #pending-token: 10218, cuda graph: False, input throughput (token/s): 1.92
[36m(SGLangEngine pid=60897)[0m [2026-08-06 06:22:35] Decode batch, #running-req: 92, #full token: 201857, full token usage: 0.25, mamba num: 286, mamba usage: 0.62, cuda graph: True, gen throughput (token/s): 9092.67, #queue-req: 31
[36m(SGLangEngine pid=60897)[0m [2026-08-06 06:22:35] Decode batch, #running-req: 92, #full token: 205537, full token usage: 0.25, mamba num: 286, mamba usage: 0.62, cuda graph: True, gen throughput (token/s): 10359.50, #queue-req: 31
[36m(SGLangEngine pid=60897)[0m [2026-08-06 06:22:35] Decode batch, #running-req: 92, #full token: 209217, full token usage: 0.26, mamba num: 286, mamba usage: 0.62, cuda graph: True, gen throughput (token/s): 9974.22, #queue-req: 31
[36m(SGLangEngine pid=60897)[0m [2026-08-06 06:22:36] INFO:     172.25.0.2:35832 - "POST /generate HTTP/1.1" 200 OK
[36m(SGLangEngine pid=60897)[0m [2026-08-06 06:22:36] Decode batch, #running-req: 92, #full token: 210530, full token usage: 0.26, mamba num: 283, mamba usage: 0.61, cuda graph: True, gen throughput (token/s): 10070.19, #queue-req: 31
[36m(SGLangEngine pid=60897)[0m [2026-08-06 06:22:36] Prefill batch, #new-seq: 1, #new-token: 2, #cached-token: 320, full token usage: 0.26, mamba usage: 0.62, #running-req: 91, #queue-req: 30, #pending-token: 9896, cuda graph: False, input throughput (token/s): 1.35
[36m(SGLangEngine pid=60897)[0m [2026-08-06 06:22:36] Decode batch, #running-req: 92, #full token: 214211, full token usage: 0.26, mamba num: 286, mamba usage: 0.62, cuda graph: True, gen throughput (token/s): 9134.38, #queue-req: 30
[36m(SGLangEngine pid=60897)[0m [2026-08-06 06:22:37] Decode batch, #running-req: 92, #full token: 217891, full token usage: 0.27, mamba num: 286, mamba usage: 0.62, cuda graph: True, gen throughput (token/s): 9804.60, #queue-req: 30
[36m(SGLangEngine pid=60897)[0m [2026-08-06 06:22:37] INFO:     172.25.0.2:35708 - "POST /generate HTTP/1.1" 200 OK
[36m(SGLangEngine pid=60897)[0m [2026-08-06 06:22:37] Prefill batch, #new-seq: 1, #new-token: 2, #cached-token: 320, full token usage: 0.27, mamba usage: 0.62, #running-req: 91, #queue-req: 29, #pending-token: 9574, cuda graph: False, input throughput (token/s): 2.51
[36m(SGLangEngine pid=60897)[0m [2026-08-06 06:22:37] INFO:     172.25.0.2:35834 - "POST /generate HTTP/1.1" 200 OK
[36m(SGLangEngine pid=60897)[0m [2026-08-06 06:22:37] Prefill batch, #new-seq: 1, #new-token: 2, #cached-token: 320, full token usage: 0.26, mamba usage: 0.62, #running-req: 91, #queue-req: 28, #pending-token: 9252, cuda graph: False, input throughput (token/s): 19.31
[36m(SGLangEngine pid=60897)[0m [2026-08-06 06:22:37] Decode batch, #running-req: 92, #full token: 216666, full token usage: 0.27, mamba num: 286, mamba usage: 0.62, cuda graph: True, gen throughput (token/s): 8178.56, #queue-req: 28
[36m(SGLangEngine pid=60897)[0m [2026-08-06 06:22:37] Decode batch, #running-req: 92, #full token: 220346, full token usage: 0.27, mamba num: 286, mamba usage: 0.62, cuda graph: True, gen throughput (token/s): 10185.69, #queue-req: 28
[36m(SGLangEngine pid=60897)[0m [2026-08-06 06:22:38] Decode batch, #running-req: 92, #full token: 224026, full token usage: 0.28, mamba num: 286, mamba usage: 0.62, cuda graph: True, gen throughput (token/s): 9666.81, #queue-req: 28
[36m(SGLangEngine pid=60897)[0m [2026-08-06 06:22:38] Decode batch, #running-req: 92, #full token: 227706, full token usage: 0.28, mamba num: 286, mamba usage: 0.62, cuda graph: True, gen throughput (token/s): 9911.32, #queue-req: 28
[36m(SGLangEngine pid=60897)[0m [2026-08-06 06:22:38] Decode batch, #running-req: 92, #full token: 231386, full token usage: 0.29, mamba num: 286, mamba usage: 0.62, cuda graph: True, gen throughput (token/s): 9597.35, #queue-req: 28
[36m(SGLangEngine pid=60897)[0m [2026-08-06 06:22:39] Decode batch, #running-req: 92, #full token: 235066, full token usage: 0.29, mamba num: 286, mamba usage: 0.62, cuda graph: True, gen throughput (token/s): 9503.11, #queue-req: 28
[36m(SGLangEngine pid=60897)[0m [2026-08-06 06:22:39] INFO:     172.25.0.2:35940 - "POST /generate HTTP/1.1" 200 OK
[36m(SGLangEngine pid=60897)[0m [2026-08-06 06:22:39] Prefill batch, #new-seq: 1, #new-token: 2, #cached-token: 320, full token usage: 0.29, mamba usage: 0.62, #running-req: 91, #queue-req: 27, #pending-token: 8930, cuda graph: False, input throughput (token/s): 0.84
[36m(SGLangEngine pid=60897)[0m [2026-08-06 06:22:39] Decode batch, #running-req: 92, #full token: 236032, full token usage: 0.29, mamba num: 286, mamba usage: 0.62, cuda graph: True, gen throughput (token/s): 8676.94, #queue-req: 27
[36m(SGLangEngine pid=60897)[0m [2026-08-06 06:22:40] Decode batch, #running-req: 92, #full token: 239712, full token usage: 0.30, mamba num: 286, mamba usage: 0.62, cuda graph: True, gen throughput (token/s): 9775.79, #queue-req: 27
[36m(SGLangEngine pid=60897)[0m [2026-08-06 06:22:40] Decode batch, #running-req: 92, #full token: 243392, full token usage: 0.30, mamba num: 286, mamba usage: 0.62, cuda graph: True, gen throughput (token/s): 9689.99, #queue-req: 27
[36m(SGLangEngine pid=60897)[0m [2026-08-06 06:22:40] Decode batch, #running-req: 92, #full token: 247072, full token usage: 0.31, mamba num: 286, mamba usage: 0.62, cuda graph: True, gen throughput (token/s): 9623.14, #queue-req: 27
[36m(SGLangEngine pid=60897)[0m [2026-08-06 06:22:41] Decode batch, #running-req: 92, #full token: 250752, full token usage: 0.31, mamba num: 286, mamba usage: 0.62, cuda graph: True, gen throughput (token/s): 9515.27, #queue-req: 27
[36m(SGLangEngine pid=60897)[0m [2026-08-06 06:22:41] Decode batch, #running-req: 92, #full token: 254432, full token usage: 0.31, mamba num: 286, mamba usage: 0.62, cuda graph: True, gen throughput (token/s): 9364.15, #queue-req: 27
[36m(SGLangEngine pid=60897)[0m [2026-08-06 06:22:42] Decode batch, #running-req: 92, #full token: 258112, full token usage: 0.32, mamba num: 286, mamba usage: 0.62, cuda graph: True, gen throughput (token/s): 9238.49, #queue-req: 27
[36m(SGLangEngine pid=60897)[0m [2026-08-06 06:22:42] INFO:     172.25.0.2:35718 - "POST /generate HTTP/1.1" 200 OK
[36m(SGLangEngine pid=60897)[0m [2026-08-06 06:22:42] Decode batch, #running-req: 92, #full token: 261792, full token usage: 0.32, mamba num: 286, mamba usage: 0.62, cuda graph: True, gen throughput (token/s): 9360.16, #queue-req: 27
[36m(SGLangEngine pid=60897)[0m [2026-08-06 06:22:42] Prefill batch, #new-seq: 1, #new-token: 2, #cached-token: 320, full token usage: 0.32, mamba usage: 0.62, #running-req: 91, #queue-req: 26, #pending-token: 8608, cuda graph: False, input throughput (token/s): 0.66
[36m(SGLangEngine pid=60897)[0m [2026-08-06 06:22:42] Decode batch, #running-req: 92, #full token: 262458, full token usage: 0.32, mamba num: 286, mamba usage: 0.62, cuda graph: True, gen throughput (token/s): 8936.13, #queue-req: 26
[36m(SGLangEngine pid=60897)[0m [2026-08-06 06:22:43] Decode batch, #running-req: 92, #full token: 266138, full token usage: 0.33, mamba num: 286, mamba usage: 0.62, cuda graph: True, gen throughput (token/s): 9533.61, #queue-req: 26
[36m(SGLangEngine pid=60897)[0m [2026-08-06 06:22:43] INFO:     172.25.0.2:35950 - "POST /generate HTTP/1.1" 200 OK
[36m(SGLangEngine pid=60897)[0m [2026-08-06 06:22:43] Decode batch, #running-req: 92, #full token: 266680, full token usage: 0.33, mamba num: 283, mamba usage: 0.61, cuda graph: True, gen throughput (token/s): 9176.76, #queue-req: 26
[36m(SGLangEngine pid=60897)[0m [2026-08-06 06:22:43] Prefill batch, #new-seq: 1, #new-token: 2, #cached-token: 320, full token usage: 0.33, mamba usage: 0.62, #running-req: 91, #queue-req: 25, #pending-token: 8286, cuda graph: False, input throughput (token/s): 1.78
[36m(SGLangEngine pid=60897)[0m [2026-08-06 06:22:44] Decode batch, #running-req: 92, #full token: 270361, full token usage: 0.33, mamba num: 286, mamba usage: 0.62, cuda graph: True, gen throughput (token/s): 8540.40, #queue-req: 25
[36m(SGLangEngine pid=60897)[0m [2026-08-06 06:22:44] INFO:     172.25.0.2:35856 - "POST /generate HTTP/1.1" 200 OK
[36m(SGLangEngine pid=60897)[0m [2026-08-06 06:22:44] Prefill batch, #new-seq: 1, #new-token: 2, #cached-token: 320, full token usage: 0.33, mamba usage: 0.62, #running-req: 91, #queue-req: 24, #pending-token: 7964, cuda graph: False, input throughput (token/s): 3.46
[36m(SGLangEngine pid=60897)[0m [2026-08-06 06:22:44] Decode batch, #running-req: 92, #full token: 270860, full token usage: 0.33, mamba num: 286, mamba usage: 0.62, cuda graph: True, gen throughput (token/s): 8576.42, #queue-req: 24
[36m(SGLangEngine pid=60897)[0m [2026-08-06 06:22:44] INFO:     172.25.0.2:35876 - "POST /generate HTTP/1.1" 200 OK
[36m(SGLangEngine pid=60897)[0m [2026-08-06 06:22:44] Prefill batch, #new-seq: 1, #new-token: 2, #cached-token: 320, full token usage: 0.33, mamba usage: 0.62, #running-req: 91, #queue-req: 23, #pending-token: 7642, cuda graph: False, input throughput (token/s): 3.33
[36m(SGLangEngine pid=60897)[0m [2026-08-06 06:22:45] Decode batch, #running-req: 92, #full token: 271292, full token usage: 0.34, mamba num: 286, mamba usage: 0.62, cuda graph: True, gen throughput (token/s): 8348.28, #queue-req: 23
[36m(SGLangEngine pid=60897)[0m [2026-08-06 06:22:45] Decode batch, #running-req: 92, #full token: 274972, full token usage: 0.34, mamba num: 286, mamba usage: 0.62, cuda graph: True, gen throughput (token/s): 9476.83, #queue-req: 23
[36m(SGLangEngine pid=60897)[0m [2026-08-06 06:22:45] INFO:     172.25.0.2:35754 - "POST /generate HTTP/1.1" 200 OK
[36m(SGLangEngine pid=60897)[0m [2026-08-06 06:22:45] Prefill batch, #new-seq: 1, #new-token: 2, #cached-token: 320, full token usage: 0.34, mamba usage: 0.62, #running-req: 91, #queue-req: 22, #pending-token: 7320, cuda graph: False, input throughput (token/s): 2.66
[36m(SGLangEngine pid=60897)[0m [2026-08-06 06:22:45] Decode batch, #running-req: 92, #full token: 275341, full token usage: 0.34, mamba num: 286, mamba usage: 0.62, cuda graph: True, gen throughput (token/s): 8534.05, #queue-req: 22
[36m(SGLangEngine pid=60897)[0m [2026-08-06 06:22:46] Decode batch, #running-req: 92, #full token: 279021, full token usage: 0.34, mamba num: 286, mamba usage: 0.62, cuda graph: True, gen throughput (token/s): 9423.11, #queue-req: 22
[36m(SGLangEngine pid=60897)[0m [2026-08-06 06:22:46] INFO:     172.25.0.2:35746 - "POST /generate HTTP/1.1" 200 OK
[36m(SGLangEngine pid=60897)[0m [2026-08-06 06:22:46] Prefill batch, #new-seq: 1, #new-token: 2, #cached-token: 320, full token usage: 0.34, mamba usage: 0.62, #running-req: 91, #queue-req: 21, #pending-token: 6998, cuda graph: False, input throughput (token/s): 3.28
[36m(SGLangEngine pid=60897)[0m [2026-08-06 06:22:46] Decode batch, #running-req: 92, #full token: 279332, full token usage: 0.35, mamba num: 286, mamba usage: 0.62, cuda graph: True, gen throughput (token/s): 8435.77, #queue-req: 21
[36m(SGLangEngine pid=60897)[0m [2026-08-06 06:22:47] Decode batch, #running-req: 92, #full token: 283012, full token usage: 0.35, mamba num: 286, mamba usage: 0.62, cuda graph: True, gen throughput (token/s): 9039.59, #queue-req: 21
[36m(SGLangEngine pid=60897)[0m [2026-08-06 06:22:47] Decode batch, #running-req: 92, #full token: 286692, full token usage: 0.35, mamba num: 286, mamba usage: 0.62, cuda graph: True, gen throughput (token/s): 8780.34, #queue-req: 21
[36m(SGLangEngine pid=60897)[0m [2026-08-06 06:22:47] Decode batch, #running-req: 92, #full token: 290372, full token usage: 0.36, mamba num: 286, mamba usage: 0.62, cuda graph: True, gen throughput (token/s): 8936.19, #queue-req: 21
[36m(SGLangEngine pid=60897)[0m [2026-08-06 06:22:48] Decode batch, #running-req: 92, #full token: 294052, full token usage: 0.36, mamba num: 286, mamba usage: 0.62, cuda graph: True, gen throughput (token/s): 9216.54, #queue-req: 21
[36m(SGLangEngine pid=60897)[0m [2026-08-06 06:22:48] Decode batch, #running-req: 92, #full token: 297732, full token usage: 0.37, mamba num: 286, mamba usage: 0.62, cuda graph: True, gen throughput (token/s): 9011.50, #queue-req: 21
[36m(SGLangEngine pid=60897)[0m [2026-08-06 06:22:49] Decode batch, #running-req: 92, #full token: 301412, full token usage: 0.37, mamba num: 286, mamba usage: 0.62, cuda graph: True, gen throughput (token/s): 8994.86, #queue-req: 21
[36m(SGLangEngine pid=60897)[0m [2026-08-06 06:22:49] INFO:     172.25.0.2:35968 - "POST /generate HTTP/1.1" 200 OK
[36m(SGLangEngine pid=60897)[0m [2026-08-06 06:22:49] Prefill batch, #new-seq: 1, #new-token: 2, #cached-token: 320, full token usage: 0.37, mamba usage: 0.62, #running-req: 91, #queue-req: 20, #pending-token: 6676, cuda graph: False, input throughput (token/s): 0.63
[36m(SGLangEngine pid=60897)[0m [2026-08-06 06:22:49] Decode batch, #running-req: 92, #full token: 302044, full token usage: 0.37, mamba num: 286, mamba usage: 0.62, cuda graph: True, gen throughput (token/s): 8023.28, #queue-req: 20
[36m(SGLangEngine pid=60897)[0m [2026-08-06 06:22:49] INFO:     172.25.0.2:35894 - "POST /generate HTTP/1.1" 200 OK
[36m(SGLangEngine pid=60897)[0m [2026-08-06 06:22:49] Prefill batch, #new-seq: 1, #new-token: 2, #cached-token: 320, full token usage: 0.37, mamba usage: 0.62, #running-req: 91, #queue-req: 19, #pending-token: 6354, cuda graph: False, input throughput (token/s): 8.04
[36m(SGLangEngine pid=60897)[0m [2026-08-06 06:22:49] INFO:     172.25.0.2:35920 - "POST /generate HTTP/1.1" 200 OK
[36m(SGLangEngine pid=60897)[0m [2026-08-06 06:22:49] Prefill batch, #new-seq: 1, #new-token: 2, #cached-token: 320, full token usage: 0.37, mamba usage: 0.62, #running-req: 91, #queue-req: 18, #pending-token: 6032, cuda graph: False, input throughput (token/s): 14.40
[36m(SGLangEngine pid=60897)[0m [2026-08-06 06:22:49] INFO:     172.25.0.2:35826 - "POST /generate HTTP/1.1" 200 OK
[36m(SGLangEngine pid=60897)[0m [2026-08-06 06:22:49] Prefill batch, #new-seq: 1, #new-token: 2, #cached-token: 320, full token usage: 0.36, mamba usage: 0.62, #running-req: 91, #queue-req: 17, #pending-token: 5710, cuda graph: False, input throughput (token/s): 17.92
[36m(SGLangEngine pid=60897)[0m [2026-08-06 06:22:50] Decode batch, #running-req: 92, #full token: 294573, full token usage: 0.36, mamba num: 285, mamba usage: 0.62, cuda graph: True, gen throughput (token/s): 7179.00, #queue-req: 17
[36m(SGLangEngine pid=60897)[0m [2026-08-06 06:22:50] INFO:     172.25.0.2:35870 - "POST /generate HTTP/1.1" 200 OK
[36m(SGLangEngine pid=60897)[0m [2026-08-06 06:22:50] Decode batch, #running-req: 91, #full token: 294728, full token usage: 0.36, mamba num: 285, mamba usage: 0.62, cuda graph: True, gen throughput (token/s): 8019.42, #queue-req: 16
[36m(SGLangEngine pid=60897)[0m [2026-08-06 06:22:50] Prefill batch, #new-seq: 1, #new-token: 333, #cached-token: 0, full token usage: 0.36, mamba usage: 0.62, #running-req: 91, #queue-req: 16, #pending-token: 5377, cuda graph: False, input throughput (token/s): 592.44
[36m(SGLangEngine pid=60897)[0m [2026-08-06 06:22:50] Decode batch, #running-req: 92, #full token: 298244, full token usage: 0.37, mamba num: 286, mamba usage: 0.62, cuda graph: True, gen throughput (token/s): 9237.96, #queue-req: 16
[36m(SGLangEngine pid=60897)[0m [2026-08-06 06:22:51] INFO:     172.25.0.2:35954 - "POST /generate HTTP/1.1" 200 OK
[36m(SGLangEngine pid=60897)[0m [2026-08-06 06:22:51] Prefill batch, #new-seq: 1, #new-token: 77, #cached-token: 256, full token usage: 0.37, mamba usage: 0.62, #running-req: 91, #queue-req: 15, #pending-token: 5044, cuda graph: False, input throughput (token/s): 133.34
[36m(SGLangEngine pid=60897)[0m [2026-08-06 06:22:51] INFO:     172.25.0.2:35896 - "POST /generate HTTP/1.1" 200 OK
[36m(SGLangEngine pid=60897)[0m [2026-08-06 06:22:51] Prefill batch, #new-seq: 1, #new-token: 13, #cached-token: 320, full token usage: 0.36, mamba usage: 0.62, #running-req: 91, #queue-req: 14, #pending-token: 4711, cuda graph: False, input throughput (token/s): 64.23
[36m(SGLangEngine pid=60897)[0m [2026-08-06 06:22:51] INFO:     172.25.0.2:35786 - "POST /generate HTTP/1.1" 200 OK
[36m(SGLangEngine pid=60897)[0m [2026-08-06 06:22:51] Decode batch, #running-req: 92, #full token: 294961, full token usage: 0.36, mamba num: 287, mamba usage: 0.62, cuda graph: True, gen throughput (token/s): 7523.60, #queue-req: 14
[36m(SGLangEngine pid=60897)[0m [2026-08-06 06:22:51] Prefill batch, #new-seq: 1, #new-token: 13, #cached-token: 320, full token usage: 0.36, mamba usage: 0.62, #running-req: 91, #queue-req: 13, #pending-token: 4378, cuda graph: False, input throughput (token/s): 66.09
[36m(SGLangEngine pid=60897)[0m [2026-08-06 06:22:51] Decode batch, #running-req: 92, #full token: 294802, full token usage: 0.36, mamba num: 287, mamba usage: 0.62, cuda graph: True, gen throughput (token/s): 8282.86, #queue-req: 13
[36m(SGLangEngine pid=60897)[0m [2026-08-06 06:22:52] Decode batch, #running-req: 92, #full token: 298482, full token usage: 0.37, mamba num: 287, mamba usage: 0.62, cuda graph: True, gen throughput (token/s): 8469.20, #queue-req: 13
[36m(SGLangEngine pid=60897)[0m [2026-08-06 06:22:52] Decode batch, #running-req: 92, #full token: 302162, full token usage: 0.37, mamba num: 287, mamba usage: 0.62, cuda graph: True, gen throughput (token/s): 8632.92, #queue-req: 13
[36m(SGLangEngine pid=60897)[0m [2026-08-06 06:22:53] Decode batch, #running-req: 92, #full token: 305842, full token usage: 0.38, mamba num: 287, mamba usage: 0.62, cuda graph: True, gen throughput (token/s): 8504.01, #queue-req: 13
[36m(SGLangEngine pid=60897)[0m [2026-08-06 06:22:53] INFO:     172.25.0.2:35730 - "POST /generate HTTP/1.1" 200 OK
[36m(SGLangEngine pid=60897)[0m [2026-08-06 06:22:53] Prefill batch, #new-seq: 1, #new-token: 13, #cached-token: 320, full token usage: 0.38, mamba usage: 0.62, #running-req: 91, #queue-req: 12, #pending-token: 4045, cuda graph: False, input throughput (token/s): 6.92
[36m(SGLangEngine pid=60897)[0m [2026-08-06 06:22:53] INFO:     172.25.0.2:35936 - "POST /generate HTTP/1.1" 200 OK
[36m(SGLangEngine pid=60897)[0m [2026-08-06 06:22:53] Prefill batch, #new-seq: 1, #new-token: 13, #cached-token: 320, full token usage: 0.37, mamba usage: 0.62, #running-req: 91, #queue-req: 11, #pending-token: 3712, cuda graph: False, input throughput (token/s): 59.81
[36m(SGLangEngine pid=60897)[0m [2026-08-06 06:22:53] INFO:     172.25.0.2:35952 - "POST /generate HTTP/1.1" 200 OK
[36m(SGLangEngine pid=60897)[0m [2026-08-06 06:22:53] Decode batch, #running-req: 91, #full token: 297333, full token usage: 0.37, mamba num: 287, mamba usage: 0.62, cuda graph: True, gen throughput (token/s): 7167.55, #queue-req: 10
[36m(SGLangEngine pid=60897)[0m [2026-08-06 06:22:53] Prefill batch, #new-seq: 1, #new-token: 13, #cached-token: 320, full token usage: 0.37, mamba usage: 0.62, #running-req: 91, #queue-req: 10, #pending-token: 3379, cuda graph: False, input throughput (token/s): 204.57
[36m(SGLangEngine pid=60897)[0m [2026-08-06 06:22:54] Decode batch, #running-req: 92, #full token: 301105, full token usage: 0.37, mamba num: 287, mamba usage: 0.62, cuda graph: True, gen throughput (token/s): 8764.64, #queue-req: 10
[36m(SGLangEngine pid=60897)[0m [2026-08-06 06:22:54] INFO:     172.25.0.2:35050 - "POST /generate HTTP/1.1" 200 OK
[36m(SGLangEngine pid=60897)[0m [2026-08-06 06:22:54] INFO:     172.25.0.2:35058 - "POST /generate HTTP/1.1" 200 OK
[36m(SGLangEngine pid=60897)[0m [2026-08-06 06:22:54] INFO:     172.25.0.2:35078 - "POST /generate HTTP/1.1" 200 OK
[36m(SGLangEngine pid=60897)[0m [2026-08-06 06:22:54] INFO:     172.25.0.2:35068 - "POST /generate HTTP/1.1" 200 OK
[36m(SGLangEngine pid=60897)[0m [2026-08-06 06:22:54] INFO:     172.25.0.2:35092 - "POST /generate HTTP/1.1" 200 OK
[36m(SGLangEngine pid=60897)[0m [2026-08-06 06:22:54] INFO:     172.25.0.2:35100 - "POST /generate HTTP/1.1" 200 OK
[36m(SGLangEngine pid=60897)[0m [2026-08-06 06:22:54] INFO:     172.25.0.2:35114 - "POST /generate HTTP/1.1" 200 OK
[36m(SGLangEngine pid=60897)[0m [2026-08-06 06:22:54] INFO:     172.25.0.2:35102 - "POST /generate HTTP/1.1" 200 OK
[36m(SGLangEngine pid=60897)[0m [2026-08-06 06:22:54] INFO:     172.25.0.2:35156 - "POST /generate HTTP/1.1" 200 OK
[36m(SGLangEngine pid=60897)[0m [2026-08-06 06:22:54] INFO:     172.25.0.2:35104 - "POST /generate HTTP/1.1" 200 OK
[36m(SGLangEngine pid=60897)[0m [2026-08-06 06:22:54] INFO:     172.25.0.2:35140 - "POST /generate HTTP/1.1" 200 OK
[36m(SGLangEngine pid=60897)[0m [2026-08-06 06:22:54] INFO:     172.25.0.2:35170 - "POST /generate HTTP/1.1" 200 OK
[36m(SGLangEngine pid=60897)[0m [2026-08-06 06:22:54] INFO:     172.25.0.2:35182 - "POST /generate HTTP/1.1" 200 OK
[36m(SGLangEngine pid=60897)[0m [2026-08-06 06:22:54] INFO:     172.25.0.2:35184 - "POST /generate HTTP/1.1" 200 OK
[36m(SGLangEngine pid=60897)[0m [2026-08-06 06:22:54] INFO:     172.25.0.2:35204 - "POST /generate HTTP/1.1" 200 OK
[36m(SGLangEngine pid=60897)[0m [2026-08-06 06:22:54] INFO:     172.25.0.2:35206 - "POST /generate HTTP/1.1" 200 OK
[36m(SGLangEngine pid=60897)[0m [2026-08-06 06:22:54] INFO:     172.25.0.2:35242 - "POST /generate HTTP/1.1" 200 OK
[36m(SGLangEngine pid=60897)[0m [2026-08-06 06:22:54] INFO:     172.25.0.2:35238 - "POST /generate HTTP/1.1" 200 OK
[36m(SGLangEngine pid=60897)[0m [2026-08-06 06:22:54] INFO:     172.25.0.2:35222 - "POST /generate HTTP/1.1" 200 OK
[36m(SGLangEngine pid=60897)[0m [2026-08-06 06:22:54] INFO:     172.25.0.2:35256 - "POST /generate HTTP/1.1" 200 OK
[36m(SGLangEngine pid=60897)[0m [2026-08-06 06:22:54] INFO:     172.25.0.2:35284 - "POST /generate HTTP/1.1" 200 OK
[36m(SGLangEngine pid=60897)[0m [2026-08-06 06:22:54] INFO:     172.25.0.2:35272 - "POST /generate HTTP/1.1" 200 OK
[36m(SGLangEngine pid=60897)[0m [2026-08-06 06:22:54] INFO:     172.25.0.2:35290 - "POST /generate HTTP/1.1" 200 OK
[36m(SGLangEngine pid=60897)[0m [2026-08-06 06:22:54] INFO:     172.25.0.2:35294 - "POST /generate HTTP/1.1" 200 OK
[36m(SGLangEngine pid=60897)[0m [2026-08-06 06:22:54] INFO:     172.25.0.2:35306 - "POST /generate HTTP/1.1" 200 OK
[36m(SGLangEngine pid=60897)[0m [2026-08-06 06:22:54] INFO:     172.25.0.2:35320 - "POST /generate HTTP/1.1" 200 OK
[36m(SGLangEngine pid=60897)[0m [2026-08-06 06:22:54] INFO:     172.25.0.2:35326 - "POST /generate HTTP/1.1" 200 OK
[36m(SGLangEngine pid=60897)[0m [2026-08-06 06:22:54] INFO:     172.25.0.2:35328 - "POST /generate HTTP/1.1" 200 OK
[36m(SGLangEngine pid=60897)[0m [2026-08-06 06:22:54] INFO:     172.25.0.2:35332 - "POST /generate HTTP/1.1" 200 OK
[36m(SGLangEngine pid=60897)[0m [2026-08-06 06:22:54] INFO:     172.25.0.2:35346 - "POST /generate HTTP/1.1" 200 OK
[36m(SGLangEngine pid=60897)[0m [2026-08-06 06:22:54] INFO:     172.25.0.2:35348 - "POST /generate HTTP/1.1" 200 OK
[36m(SGLangEngine pid=60897)[0m [2026-08-06 06:22:54] INFO:     172.25.0.2:35354 - "POST /generate HTTP/1.1" 200 OK
[36m(SGLangEngine pid=60897)[0m [2026-08-06 06:22:54] INFO:     172.25.0.2:35370 - "POST /generate HTTP/1.1" 200 OK
[36m(SGLangEngine pid=60897)[0m [2026-08-06 06:22:54] INFO:     172.25.0.2:35374 - "POST /generate HTTP/1.1" 200 OK
[36m(SGLangEngine pid=60897)[0m [2026-08-06 06:22:54] INFO:     172.25.0.2:35388 - "POST /generate HTTP/1.1" 200 OK
[36m(SGLangEngine pid=60897)[0m [2026-08-06 06:22:54] INFO:     172.25.0.2:35404 - "POST /generate HTTP/1.1" 200 OK
[36m(SGLangEngine pid=60897)[0m [2026-08-06 06:22:54] INFO:     172.25.0.2:35418 - "POST /generate HTTP/1.1" 200 OK
[36m(SGLangEngine pid=60897)[0m [2026-08-06 06:22:54] INFO:     172.25.0.2:35428 - "POST /generate HTTP/1.1" 200 OK
[36m(SGLangEngine pid=60897)[0m [2026-08-06 06:22:54] INFO:     172.25.0.2:35440 - "POST /generate HTTP/1.1" 200 OK
[36m(SGLangEngine pid=60897)[0m [2026-08-06 06:22:54] INFO:     172.25.0.2:35456 - "POST /generate HTTP/1.1" 200 OK
[36m(SGLangEngine pid=60897)[0m [2026-08-06 06:22:54] INFO:     172.25.0.2:35460 - "POST /generate HTTP/1.1" 200 OK
[36m(SGLangEngine pid=60897)[0m [2026-08-06 06:22:54] INFO:     172.25.0.2:35476 - "POST /generate HTTP/1.1" 200 OK
[36m(SGLangEngine pid=60897)[0m [2026-08-06 06:22:54] INFO:     172.25.0.2:35488 - "POST /generate HTTP/1.1" 200 OK
[36m(SGLangEngine pid=60897)[0m [2026-08-06 06:22:54] INFO:     172.25.0.2:35500 - "POST /generate HTTP/1.1" 200 OK
[36m(SGLangEngine pid=60897)[0m [2026-08-06 06:22:54] INFO:     172.25.0.2:35506 - "POST /generate HTTP/1.1" 200 OK
[36m(SGLangEngine pid=60897)[0m [2026-08-06 06:22:54] INFO:     172.25.0.2:35522 - "POST /generate HTTP/1.1" 200 OK
[36m(SGLangEngine pid=60897)[0m [2026-08-06 06:22:54] INFO:     172.25.0.2:35532 - "POST /generate HTTP/1.1" 200 OK
[36m(SGLangEngine pid=60897)[0m [2026-08-06 06:22:54] INFO:     172.25.0.2:35538 - "POST /generate HTTP/1.1" 200 OK
[36m(SGLangEngine pid=60897)[0m [2026-08-06 06:22:54] INFO:     172.25.0.2:35544 - "POST /generate HTTP/1.1" 200 OK
[36m(SGLangEngine pid=60897)[0m [2026-08-06 06:22:54] INFO:     172.25.0.2:35556 - "POST /generate HTTP/1.1" 200 OK
[36m(SGLangEngine pid=60897)[0m [2026-08-06 06:22:54] INFO:     172.25.0.2:35570 - "POST /generate HTTP/1.1" 200 OK
[36m(SGLangEngine pid=60897)[0m [2026-08-06 06:22:54] INFO:     172.25.0.2:35586 - "POST /generate HTTP/1.1" 200 OK
[36m(SGLangEngine pid=60897)[0m [2026-08-06 06:22:54] INFO:     172.25.0.2:35598 - "POST /generate HTTP/1.1" 200 OK
[36m(SGLangEngine pid=60897)[0m [2026-08-06 06:22:54] INFO:     172.25.0.2:35608 - "POST /generate HTTP/1.1" 200 OK
[36m(SGLangEngine pid=60897)[0m [2026-08-06 06:22:54] INFO:     172.25.0.2:35622 - "POST /generate HTTP/1.1" 200 OK
[36m(SGLangEngine pid=60897)[0m [2026-08-06 06:22:54] INFO:     172.25.0.2:35630 - "POST /generate HTTP/1.1" 200 OK
[36m(SGLangEngine pid=60897)[0m [2026-08-06 06:22:54] INFO:     172.25.0.2:35636 - "POST /generate HTTP/1.1" 200 OK
[36m(SGLangEngine pid=60897)[0m [2026-08-06 06:22:54] INFO:     172.25.0.2:35652 - "POST /generate HTTP/1.1" 200 OK
[36m(SGLangEngine pid=60897)[0m [2026-08-06 06:22:54] INFO:     172.25.0.2:35662 - "POST /generate HTTP/1.1" 200 OK
[36m(SGLangEngine pid=60897)[0m [2026-08-06 06:22:54] INFO:     172.25.0.2:35674 - "POST /generate HTTP/1.1" 200 OK
[36m(SGLangEngine pid=60897)[0m [2026-08-06 06:22:54] INFO:     172.25.0.2:35690 - "POST /generate HTTP/1.1" 200 OK
[36m(SGLangEngine pid=60897)[0m [2026-08-06 06:22:54] INFO:     172.25.0.2:35702 - "POST /generate HTTP/1.1" 200 OK
[36m(SGLangEngine pid=60897)[0m [2026-08-06 06:22:54] INFO:     172.25.0.2:35802 - "POST /generate HTTP/1.1" 200 OK
[36m(SGLangEngine pid=60897)[0m [2026-08-06 06:22:54] Prefill batch, #new-seq: 10, #new-token: 157, #cached-token: 3222, full token usage: 0.03, mamba usage: 0.24, #running-req: 25, #queue-req: 0, #pending-token: 0, cuda graph: False, input throughput (token/s): 239.43
[36m(SGLangEngine pid=60897)[0m [2026-08-06 06:22:54] INFO:     172.25.0.2:35886 - "POST /generate HTTP/1.1" 200 OK
[36m(SGLangEngine pid=60897)[0m [2026-08-06 06:22:54] INFO:     172.25.0.2:35912 - "POST /generate HTTP/1.1" 200 OK
[36m(SGLangEngine pid=60897)[0m [2026-08-06 06:22:54] INFO:     172.25.0.2:35916 - "POST /generate HTTP/1.1" 200 OK
[36m(SGLangEngine pid=60897)[0m [2026-08-06 06:22:54] INFO:     172.25.0.2:35944 - "POST /generate HTTP/1.1" 200 OK
[36m(SGLangEngine pid=60897)[0m [2026-08-06 06:22:54] Decode batch, #running-req: 35, #full token: 25789, full token usage: 0.03, mamba num: 110, mamba usage: 0.24, cuda graph: True, gen throughput (token/s): 6166.75, #queue-req: 0
[36m(SGLangEngine pid=60897)[0m [2026-08-06 06:22:54] INFO:     172.25.0.2:57994 - "GET /health HTTP/1.1" 200 OK
[36m(SGLangEngine pid=60897)[0m [2026-08-06 06:22:54] Decode batch, #running-req: 35, #full token: 27189, full token usage: 0.03, mamba num: 110, mamba usage: 0.24, cuda graph: True, gen throughput (token/s): 5887.97, #queue-req: 0
[36m(SGLangEngine pid=60897)[0m [2026-08-06 06:22:54] Decode batch, #running-req: 35, #full token: 28589, full token usage: 0.04, mamba num: 110, mamba usage: 0.24, cuda graph: True, gen throughput (token/s): 5440.89, #queue-req: 0
[36m(SGLangEngine pid=60897)[0m [2026-08-06 06:22:55] Decode batch, #running-req: 35, #full token: 29989, full token usage: 0.04, mamba num: 110, mamba usage: 0.24, cuda graph: True, gen throughput (token/s): 6003.38, #queue-req: 0
[36m(SGLangEngine pid=60897)[0m [2026-08-06 06:22:55] Decode batch, #running-req: 35, #full token: 31389, full token usage: 0.04, mamba num: 110, mamba usage: 0.24, cuda graph: True, gen throughput (token/s): 5861.49, #queue-req: 0
[36m(SGLangEngine pid=60897)[0m [2026-08-06 06:22:55] Decode batch, #running-req: 35, #full token: 32789, full token usage: 0.04, mamba num: 110, mamba usage: 0.24, cuda graph: True, gen throughput (token/s): 6380.06, #queue-req: 0
[36m(SGLangEngine pid=60897)[0m [2026-08-06 06:22:55] Decode batch, #running-req: 35, #full token: 34189, full token usage: 0.04, mamba num: 110, mamba usage: 0.24, cuda graph: True, gen throughput (token/s): 5780.58, #queue-req: 0
[36m(SGLangEngine pid=60897)[0m [2026-08-06 06:22:56] INFO:     172.25.0.2:35972 - "POST /generate HTTP/1.1" 200 OK
[36m(SGLangEngine pid=60897)[0m [2026-08-06 06:22:56] Decode batch, #running-req: 35, #full token: 35589, full token usage: 0.04, mamba num: 110, mamba usage: 0.24, cuda graph: True, gen throughput (token/s): 5800.09, #queue-req: 0
[36m(SGLangEngine pid=60897)[0m [2026-08-06 06:22:56] Decode batch, #running-req: 34, #full token: 34038, full token usage: 0.04, mamba num: 107, mamba usage: 0.23, cuda graph: True, gen throughput (token/s): 5650.83, #queue-req: 0
[36m(SGLangEngine pid=60897)[0m [2026-08-06 06:22:56] Decode batch, #running-req: 34, #full token: 35398, full token usage: 0.04, mamba num: 107, mamba usage: 0.23, cuda graph: True, gen throughput (token/s): 5491.46, #queue-req: 0
[36m(SGLangEngine pid=60897)[0m [2026-08-06 06:22:56] Decode batch, #running-req: 34, #full token: 36758, full token usage: 0.05, mamba num: 107, mamba usage: 0.23, cuda graph: True, gen throughput (token/s): 5948.42, #queue-req: 0
[36m(SGLangEngine pid=60897)[0m [2026-08-06 06:22:57] Decode batch, #running-req: 34, #full token: 38118, full token usage: 0.05, mamba num: 107, mamba usage: 0.23, cuda graph: True, gen throughput (token/s): 6003.29, #queue-req: 0
[36m(SGLangEngine pid=60897)[0m [2026-08-06 06:22:57] Decode batch, #running-req: 34, #full token: 39478, full token usage: 0.05, mamba num: 107, mamba usage: 0.23, cuda graph: True, gen throughput (token/s): 5608.21, #queue-req: 0
[36m(SGLangEngine pid=60897)[0m [2026-08-06 06:22:57] Decode batch, #running-req: 34, #full token: 40838, full token usage: 0.05, mamba num: 107, mamba usage: 0.23, cuda graph: True, gen throughput (token/s): 6088.03, #queue-req: 0
[36m(SGLangEngine pid=60897)[0m [2026-08-06 06:22:57] Decode batch, #running-req: 34, #full token: 42198, full token usage: 0.05, mamba num: 107, mamba usage: 0.23, cuda graph: True, gen throughput (token/s): 5721.32, #queue-req: 0
[36m(SGLangEngine pid=60897)[0m [2026-08-06 06:22:58] Decode batch, #running-req: 34, #full token: 43558, full token usage: 0.05, mamba num: 107, mamba usage: 0.23, cuda graph: True, gen throughput (token/s): 5193.93, #queue-req: 0
[36m(SGLangEngine pid=60897)[0m [2026-08-06 06:22:58] Decode batch, #running-req: 34, #full token: 44918, full token usage: 0.06, mamba num: 107, mamba usage: 0.23, cuda graph: True, gen throughput (token/s): 5681.97, #queue-req: 0
[36m(SGLangEngine pid=60897)[0m [2026-08-06 06:22:58] Decode batch, #running-req: 34, #full token: 46278, full token usage: 0.06, mamba num: 107, mamba usage: 0.23, cuda graph: True, gen throughput (token/s): 5455.34, #queue-req: 0
[36m(SGLangEngine pid=60897)[0m [2026-08-06 06:22:58] Decode batch, #running-req: 34, #full token: 47638, full token usage: 0.06, mamba num: 107, mamba usage: 0.23, cuda graph: True, gen throughput (token/s): 6004.21, #queue-req: 0
[36m(SGLangEngine pid=60897)[0m [2026-08-06 06:22:59] Decode batch, #running-req: 34, #full token: 48998, full token usage: 0.06, mamba num: 107, mamba usage: 0.23, cuda graph: True, gen throughput (token/s): 5647.90, #queue-req: 0
[36m(SGLangEngine pid=60897)[0m [2026-08-06 06:22:59] Decode batch, #running-req: 34, #full token: 50358, full token usage: 0.06, mamba num: 107, mamba usage: 0.23, cuda graph: True, gen throughput (token/s): 5528.02, #queue-req: 0
[36m(SGLangEngine pid=60897)[0m [2026-08-06 06:22:59] Decode batch, #running-req: 34, #full token: 51718, full token usage: 0.06, mamba num: 107, mamba usage: 0.23, cuda graph: True, gen throughput (token/s): 5200.76, #queue-req: 0
[36m(SGLangEngine pid=60897)[0m [2026-08-06 06:22:59] Decode batch, #running-req: 34, #full token: 53078, full token usage: 0.07, mamba num: 107, mamba usage: 0.23, cuda graph: True, gen throughput (token/s): 5385.58, #queue-req: 0
[36m(SGLangEngine pid=60897)[0m [2026-08-06 06:23:00] Decode batch, #running-req: 34, #full token: 54438, full token usage: 0.07, mamba num: 107, mamba usage: 0.23, cuda graph: True, gen throughput (token/s): 5619.83, #queue-req: 0
[36m(SGLangEngine pid=60897)[0m [2026-08-06 06:23:00] Decode batch, #running-req: 34, #full token: 55798, full token usage: 0.07, mamba num: 107, mamba usage: 0.23, cuda graph: True, gen throughput (token/s): 5891.76, #queue-req: 0
[36m(SGLangEngine pid=60897)[0m [2026-08-06 06:23:00] Decode batch, #running-req: 34, #full token: 57158, full token usage: 0.07, mamba num: 107, mamba usage: 0.23, cuda graph: True, gen throughput (token/s): 5562.56, #queue-req: 0
[36m(SGLangEngine pid=60897)[0m [2026-08-06 06:23:00] Decode batch, #running-req: 34, #full token: 58518, full token usage: 0.07, mamba num: 107, mamba usage: 0.23, cuda graph: True, gen throughput (token/s): 5773.93, #queue-req: 0
[36m(SGLangEngine pid=60897)[0m [2026-08-06 06:23:00] Decode batch, #running-req: 34, #full token: 59878, full token usage: 0.07, mamba num: 107, mamba usage: 0.23, cuda graph: True, gen throughput (token/s): 5293.97, #queue-req: 0
[36m(SGLangEngine pid=60897)[0m [2026-08-06 06:23:01] INFO:     172.25.0.2:36086 - "POST /generate HTTP/1.1" 200 OK
[36m(SGLangEngine pid=60897)[0m [2026-08-06 06:23:01] Decode batch, #running-req: 33, #full token: 59667, full token usage: 0.07, mamba num: 104, mamba usage: 0.23, cuda graph: True, gen throughput (token/s): 5254.11, #queue-req: 0
[36m(SGLangEngine pid=60897)[0m [2026-08-06 06:23:01] INFO:     172.25.0.2:35988 - "POST /generate HTTP/1.1" 200 OK
[36m(SGLangEngine pid=60897)[0m [2026-08-06 06:23:01] Decode batch, #running-req: 32, #full token: 57798, full token usage: 0.07, mamba num: 101, mamba usage: 0.22, cuda graph: True, gen throughput (token/s): 5348.39, #queue-req: 0
[36m(SGLangEngine pid=60897)[0m [2026-08-06 06:23:01] Decode batch, #running-req: 32, #full token: 59078, full token usage: 0.07, mamba num: 101, mamba usage: 0.22, cuda graph: True, gen throughput (token/s): 5266.82, #queue-req: 0
[36m(SGLangEngine pid=60897)[0m [2026-08-06 06:23:01] Decode batch, #running-req: 32, #full token: 60358, full token usage: 0.07, mamba num: 101, mamba usage: 0.22, cuda graph: True, gen throughput (token/s): 5498.55, #queue-req: 0
[36m(SGLangEngine pid=60897)[0m [2026-08-06 06:23:02] Decode batch, #running-req: 32, #full token: 61638, full token usage: 0.08, mamba num: 101, mamba usage: 0.22, cuda graph: True, gen throughput (token/s): 5646.95, #queue-req: 0
[36m(SGLangEngine pid=60897)[0m [2026-08-06 06:23:02] Decode batch, #running-req: 32, #full token: 62918, full token usage: 0.08, mamba num: 101, mamba usage: 0.22, cuda graph: True, gen throughput (token/s): 5220.66, #queue-req: 0
[36m(SGLangEngine pid=60897)[0m [2026-08-06 06:23:02] Decode batch, #running-req: 32, #full token: 64198, full token usage: 0.08, mamba num: 101, mamba usage: 0.22, cuda graph: True, gen throughput (token/s): 4836.01, #queue-req: 0
[36m(SGLangEngine pid=60897)[0m [2026-08-06 06:23:02] Decode batch, #running-req: 32, #full token: 65478, full token usage: 0.08, mamba num: 101, mamba usage: 0.22, cuda graph: True, gen throughput (token/s): 5300.29, #queue-req: 0
[36m(SGLangEngine pid=60897)[0m [2026-08-06 06:23:03] Decode batch, #running-req: 32, #full token: 66758, full token usage: 0.08, mamba num: 101, mamba usage: 0.22, cuda graph: True, gen throughput (token/s): 5195.14, #queue-req: 0
[36m(SGLangEngine pid=60897)[0m [2026-08-06 06:23:03] Decode batch, #running-req: 32, #full token: 68038, full token usage: 0.08, mamba num: 101, mamba usage: 0.22, cuda graph: True, gen throughput (token/s): 5621.77, #queue-req: 0
[36m(SGLangEngine pid=60897)[0m [2026-08-06 06:23:03] Decode batch, #running-req: 32, #full token: 69318, full token usage: 0.09, mamba num: 101, mamba usage: 0.22, cuda graph: True, gen throughput (token/s): 5279.35, #queue-req: 0
[36m(SGLangEngine pid=60897)[0m [2026-08-06 06:23:03] Decode batch, #running-req: 32, #full token: 70598, full token usage: 0.09, mamba num: 101, mamba usage: 0.22, cuda graph: True, gen throughput (token/s): 5421.77, #queue-req: 0
[36m(SGLangEngine pid=60897)[0m [2026-08-06 06:23:03] INFO:     172.25.0.2:35998 - "POST /generate HTTP/1.1" 200 OK
[36m(SGLangEngine pid=60897)[0m [2026-08-06 06:23:04] Decode batch, #running-req: 31, #full token: 68517, full token usage: 0.08, mamba num: 98, mamba usage: 0.21, cuda graph: True, gen throughput (token/s): 4936.10, #queue-req: 0
[36m(SGLangEngine pid=60897)[0m [2026-08-06 06:23:04] INFO:     172.25.0.2:35974 - "POST /generate HTTP/1.1" 200 OK
[36m(SGLangEngine pid=60897)[0m [2026-08-06 06:23:04] Decode batch, #running-req: 30, #full token: 65441, full token usage: 0.08, mamba num: 94, mamba usage: 0.20, cuda graph: True, gen throughput (token/s): 4803.92, #queue-req: 0
[36m(SGLangEngine pid=60897)[0m [2026-08-06 06:23:04] Decode batch, #running-req: 30, #full token: 66641, full token usage: 0.08, mamba num: 94, mamba usage: 0.20, cuda graph: True, gen throughput (token/s): 5225.53, #queue-req: 0
[36m(SGLangEngine pid=60897)[0m [2026-08-06 06:23:04] Decode batch, #running-req: 30, #full token: 67841, full token usage: 0.08, mamba num: 94, mamba usage: 0.20, cuda graph: True, gen throughput (token/s): 5056.99, #queue-req: 0
[36m(SGLangEngine pid=60897)[0m [2026-08-06 06:23:05] Decode batch, #running-req: 30, #full token: 69041, full token usage: 0.09, mamba num: 94, mamba usage: 0.20, cuda graph: True, gen throughput (token/s): 5143.68, #queue-req: 0
[36m(SGLangEngine pid=60897)[0m [2026-08-06 06:23:05] Decode batch, #running-req: 30, #full token: 70241, full token usage: 0.09, mamba num: 94, mamba usage: 0.20, cuda graph: True, gen throughput (token/s): 5430.42, #queue-req: 0
[36m(SGLangEngine pid=60897)[0m [2026-08-06 06:23:05] Decode batch, #running-req: 30, #full token: 71441, full token usage: 0.09, mamba num: 94, mamba usage: 0.20, cuda graph: True, gen throughput (token/s): 4892.35, #queue-req: 0
[36m(SGLangEngine pid=60897)[0m [2026-08-06 06:23:05] Decode batch, #running-req: 30, #full token: 72641, full token usage: 0.09, mamba num: 94, mamba usage: 0.20, cuda graph: True, gen throughput (token/s): 4522.32, #queue-req: 0
[36m(SGLangEngine pid=60897)[0m [2026-08-06 06:23:06] Decode batch, #running-req: 30, #full token: 73841, full token usage: 0.09, mamba num: 94, mamba usage: 0.20, cuda graph: True, gen throughput (token/s): 4961.24, #queue-req: 0
[36m(SGLangEngine pid=60897)[0m [2026-08-06 06:23:06] Decode batch, #running-req: 30, #full token: 75041, full token usage: 0.09, mamba num: 94, mamba usage: 0.20, cuda graph: True, gen throughput (token/s): 4895.30, #queue-req: 0
[36m(SGLangEngine pid=60897)[0m [2026-08-06 06:23:06] Decode batch, #running-req: 30, #full token: 76241, full token usage: 0.09, mamba num: 94, mamba usage: 0.20, cuda graph: True, gen throughput (token/s): 5232.59, #queue-req: 0
[36m(SGLangEngine pid=60897)[0m [2026-08-06 06:23:06] Decode batch, #running-req: 30, #full token: 77441, full token usage: 0.10, mamba num: 94, mamba usage: 0.20, cuda graph: True, gen throughput (token/s): 5223.34, #queue-req: 0
[36m(SGLangEngine pid=60897)[0m [2026-08-06 06:23:07] Decode batch, #running-req: 30, #full token: 78641, full token usage: 0.10, mamba num: 94, mamba usage: 0.20, cuda graph: True, gen throughput (token/s): 4962.50, #queue-req: 0
[36m(SGLangEngine pid=60897)[0m [2026-08-06 06:23:07] Decode batch, #running-req: 30, #full token: 79841, full token usage: 0.10, mamba num: 94, mamba usage: 0.20, cuda graph: True, gen throughput (token/s): 4564.36, #queue-req: 0
[36m(SGLangEngine pid=60897)[0m [2026-08-06 06:23:07] Decode batch, #running-req: 30, #full token: 81041, full token usage: 0.10, mamba num: 94, mamba usage: 0.20, cuda graph: True, gen throughput (token/s): 4710.69, #queue-req: 0
[36m(SGLangEngine pid=60897)[0m [2026-08-06 06:23:07] INFO:     172.25.0.2:35994 - "POST /generate HTTP/1.1" 200 OK
[36m(SGLangEngine pid=60897)[0m [2026-08-06 06:23:07] Decode batch, #running-req: 29, #full token: 78121, full token usage: 0.10, mamba num: 91, mamba usage: 0.20, cuda graph: True, gen throughput (token/s): 5005.70, #queue-req: 0
[36m(SGLangEngine pid=60897)[0m [2026-08-06 06:23:07] Decode batch, #running-req: 29, #full token: 79281, full token usage: 0.10, mamba num: 91, mamba usage: 0.20, cuda graph: True, gen throughput (token/s): 4979.03, #queue-req: 0
[36m(SGLangEngine pid=60897)[0m [2026-08-06 06:23:08] Decode batch, #running-req: 29, #full token: 80441, full token usage: 0.10, mamba num: 91, mamba usage: 0.20, cuda graph: True, gen throughput (token/s): 4922.11, #queue-req: 0
[36m(SGLangEngine pid=60897)[0m [2026-08-06 06:23:08] Decode batch, #running-req: 29, #full token: 81601, full token usage: 0.10, mamba num: 91, mamba usage: 0.20, cuda graph: True, gen throughput (token/s): 5052.83, #queue-req: 0
[36m(SGLangEngine pid=60897)[0m [2026-08-06 06:23:08] Decode batch, #running-req: 29, #full token: 82761, full token usage: 0.10, mamba num: 91, mamba usage: 0.20, cuda graph: True, gen throughput (token/s): 4559.16, #queue-req: 0
[36m(SGLangEngine pid=60897)[0m [2026-08-06 06:23:08] Decode batch, #running-req: 29, #full token: 83921, full token usage: 0.10, mamba num: 91, mamba usage: 0.20, cuda graph: True, gen throughput (token/s): 4647.67, #queue-req: 0
[36m(SGLangEngine pid=60897)[0m [2026-08-06 06:23:09] INFO:     172.25.0.2:36008 - "POST /generate HTTP/1.1" 200 OK
[36m(SGLangEngine pid=60897)[0m [2026-08-06 06:23:09] INFO:     172.25.0.2:36020 - "POST /generate HTTP/1.1" 200 OK
[36m(SGLangEngine pid=60897)[0m [2026-08-06 06:23:09] Decode batch, #running-req: 27, #full token: 76852, full token usage: 0.09, mamba num: 85, mamba usage: 0.18, cuda graph: True, gen throughput (token/s): 4788.65, #queue-req: 0
[36m(SGLangEngine pid=60897)[0m [2026-08-06 06:23:09] Decode batch, #running-req: 27, #full token: 77932, full token usage: 0.10, mamba num: 85, mamba usage: 0.18, cuda graph: True, gen throughput (token/s): 4713.87, #queue-req: 0
[36m(SGLangEngine pid=60897)[0m [2026-08-06 06:23:09] INFO:     172.25.0.2:36074 - "POST /generate HTTP/1.1" 200 OK
[36m(SGLangEngine pid=60897)[0m [2026-08-06 06:23:09] Decode batch, #running-req: 26, #full token: 75734, full token usage: 0.09, mamba num: 82, mamba usage: 0.18, cuda graph: True, gen throughput (token/s): 4715.92, #queue-req: 0
[36m(SGLangEngine pid=60897)[0m [2026-08-06 06:23:09] INFO:     172.25.0.2:36068 - "POST /generate HTTP/1.1" 200 OK
[36m(SGLangEngine pid=60897)[0m [2026-08-06 06:23:09] Decode batch, #running-req: 25, #full token: 73398, full token usage: 0.09, mamba num: 79, mamba usage: 0.17, cuda graph: True, gen throughput (token/s): 4730.53, #queue-req: 0
[36m(SGLangEngine pid=60897)[0m [2026-08-06 06:23:10] Decode batch, #running-req: 25, #full token: 74398, full token usage: 0.09, mamba num: 79, mamba usage: 0.17, cuda graph: True, gen throughput (token/s): 4189.79, #queue-req: 0
[36m(SGLangEngine pid=60897)[0m [2026-08-06 06:23:10] Decode batch, #running-req: 25, #full token: 75398, full token usage: 0.09, mamba num: 79, mamba usage: 0.17, cuda graph: True, gen throughput (token/s): 4210.23, #queue-req: 0
[36m(SGLangEngine pid=60897)[0m [2026-08-06 06:23:10] INFO:     172.25.0.2:36030 - "POST /generate HTTP/1.1" 200 OK
[36m(SGLangEngine pid=60897)[0m [2026-08-06 06:23:10] Decode batch, #running-req: 24, #full token: 72294, full token usage: 0.09, mamba num: 76, mamba usage: 0.16, cuda graph: True, gen throughput (token/s): 4258.67, #queue-req: 0
[36m(SGLangEngine pid=60897)[0m [2026-08-06 06:23:10] INFO:     172.25.0.2:36102 - "POST /generate HTTP/1.1" 200 OK
[36m(SGLangEngine pid=60897)[0m [2026-08-06 06:23:10] Decode batch, #running-req: 23, #full token: 70104, full token usage: 0.09, mamba num: 73, mamba usage: 0.16, cuda graph: True, gen throughput (token/s): 4112.81, #queue-req: 0
[36m(SGLangEngine pid=60897)[0m [2026-08-06 06:23:11] Decode batch, #running-req: 23, #full token: 71024, full token usage: 0.09, mamba num: 73, mamba usage: 0.16, cuda graph: True, gen throughput (token/s): 4282.34, #queue-req: 0
[36m(SGLangEngine pid=60897)[0m [2026-08-06 06:23:11] Decode batch, #running-req: 23, #full token: 71944, full token usage: 0.09, mamba num: 73, mamba usage: 0.16, cuda graph: True, gen throughput (token/s): 4249.66, #queue-req: 0
[36m(SGLangEngine pid=60897)[0m [2026-08-06 06:23:11] Decode batch, #running-req: 23, #full token: 72864, full token usage: 0.09, mamba num: 73, mamba usage: 0.16, cuda graph: True, gen throughput (token/s): 4317.82, #queue-req: 0
[36m(SGLangEngine pid=60897)[0m [2026-08-06 06:23:11] Decode batch, #running-req: 23, #full token: 73784, full token usage: 0.09, mamba num: 73, mamba usage: 0.16, cuda graph: True, gen throughput (token/s): 4264.45, #queue-req: 0
[36m(SGLangEngine pid=60897)[0m [2026-08-06 06:23:11] Decode batch, #running-req: 23, #full token: 74704, full token usage: 0.09, mamba num: 73, mamba usage: 0.16, cuda graph: True, gen throughput (token/s): 3894.42, #queue-req: 0
[36m(SGLangEngine pid=60897)[0m [2026-08-06 06:23:12] Decode batch, #running-req: 23, #full token: 75624, full token usage: 0.09, mamba num: 73, mamba usage: 0.16, cuda graph: True, gen throughput (token/s): 4176.10, #queue-req: 0
[36m(SGLangEngine pid=60897)[0m [2026-08-06 06:23:12] INFO:     172.25.0.2:36040 - "POST /generate HTTP/1.1" 200 OK
[36m(SGLangEngine pid=60897)[0m [2026-08-06 06:23:12] Decode batch, #running-req: 22, #full token: 72431, full token usage: 0.09, mamba num: 70, mamba usage: 0.15, cuda graph: True, gen throughput (token/s): 3992.59, #queue-req: 0
[36m(SGLangEngine pid=60897)[0m [2026-08-06 06:23:12] Decode batch, #running-req: 22, #full token: 73311, full token usage: 0.09, mamba num: 70, mamba usage: 0.15, cuda graph: True, gen throughput (token/s): 4060.60, #queue-req: 0
[36m(SGLangEngine pid=60897)[0m [2026-08-06 06:23:12] Decode batch, #running-req: 22, #full token: 74191, full token usage: 0.09, mamba num: 70, mamba usage: 0.15, cuda graph: True, gen throughput (token/s): 4175.40, #queue-req: 0
[36m(SGLangEngine pid=60897)[0m [2026-08-06 06:23:12] INFO:     172.25.0.2:36050 - "POST /generate HTTP/1.1" 200 OK
[36m(SGLangEngine pid=60897)[0m [2026-08-06 06:23:13] Decode batch, #running-req: 21, #full token: 70950, full token usage: 0.09, mamba num: 67, mamba usage: 0.15, cuda graph: True, gen throughput (token/s): 3765.44, #queue-req: 0
[36m(SGLangEngine pid=60897)[0m [2026-08-06 06:23:13] INFO:     172.25.0.2:36062 - "POST /generate HTTP/1.1" 200 OK
[36m(SGLangEngine pid=60897)[0m [2026-08-06 06:23:13] Decode batch, #running-req: 20, #full token: 67684, full token usage: 0.08, mamba num: 64, mamba usage: 0.14, cuda graph: True, gen throughput (token/s): 3797.36, #queue-req: 0
[36m(SGLangEngine pid=60897)[0m [2026-08-06 06:23:13] Decode batch, #running-req: 20, #full token: 68484, full token usage: 0.08, mamba num: 64, mamba usage: 0.14, cuda graph: True, gen throughput (token/s): 3613.01, #queue-req: 0
[36m(SGLangEngine pid=60897)[0m [2026-08-06 06:23:13] INFO:     172.25.0.2:36064 - "POST /generate HTTP/1.1" 200 OK
[36m(SGLangEngine pid=60897)[0m [2026-08-06 06:23:13] Decode batch, #running-req: 19, #full token: 65154, full token usage: 0.08, mamba num: 61, mamba usage: 0.13, cuda graph: True, gen throughput (token/s): 3369.57, #queue-req: 0
[36m(SGLangEngine pid=60897)[0m [2026-08-06 06:23:13] Decode batch, #running-req: 19, #full token: 65914, full token usage: 0.08, mamba num: 61, mamba usage: 0.13, cuda graph: True, gen throughput (token/s): 3664.81, #queue-req: 0
[36m(SGLangEngine pid=60897)[0m [2026-08-06 06:23:14] Decode batch, #running-req: 19, #full token: 66674, full token usage: 0.08, mamba num: 61, mamba usage: 0.13, cuda graph: True, gen throughput (token/s): 3674.15, #queue-req: 0
[36m(SGLangEngine pid=60897)[0m [2026-08-06 06:23:14] Decode batch, #running-req: 19, #full token: 67434, full token usage: 0.08, mamba num: 61, mamba usage: 0.13, cuda graph: True, gen throughput (token/s): 3671.18, #queue-req: 0
[36m(SGLangEngine pid=60897)[0m [2026-08-06 06:23:14] INFO:     172.25.0.2:36114 - "POST /generate HTTP/1.1" 200 OK
[36m(SGLangEngine pid=60897)[0m [2026-08-06 06:23:14] Decode batch, #running-req: 18, #full token: 64382, full token usage: 0.08, mamba num: 58, mamba usage: 0.13, cuda graph: True, gen throughput (token/s): 3478.75, #queue-req: 0
[36m(SGLangEngine pid=60897)[0m [2026-08-06 06:23:14] Decode batch, #running-req: 18, #full token: 65102, full token usage: 0.08, mamba num: 58, mamba usage: 0.13, cuda graph: True, gen throughput (token/s): 3173.59, #queue-req: 0
[36m(SGLangEngine pid=60897)[0m [2026-08-06 06:23:14] Decode batch, #running-req: 18, #full token: 65822, full token usage: 0.08, mamba num: 58, mamba usage: 0.13, cuda graph: True, gen throughput (token/s): 3362.94, #queue-req: 0
[36m(SGLangEngine pid=60897)[0m [2026-08-06 06:23:15] Decode batch, #running-req: 18, #full token: 66542, full token usage: 0.08, mamba num: 58, mamba usage: 0.13, cuda graph: True, gen throughput (token/s): 3292.86, #queue-req: 0
[36m(SGLangEngine pid=60897)[0m [2026-08-06 06:23:15] Decode batch, #running-req: 18, #full token: 67262, full token usage: 0.08, mamba num: 58, mamba usage: 0.13, cuda graph: True, gen throughput (token/s): 3454.46, #queue-req: 0
[36m(SGLangEngine pid=60897)[0m [2026-08-06 06:23:15] Decode batch, #running-req: 18, #full token: 67982, full token usage: 0.08, mamba num: 58, mamba usage: 0.13, cuda graph: True, gen throughput (token/s): 3448.64, #queue-req: 0
[36m(SGLangEngine pid=60897)[0m [2026-08-06 06:23:15] Decode batch, #running-req: 18, #full token: 68702, full token usage: 0.08, mamba num: 58, mamba usage: 0.13, cuda graph: True, gen throughput (token/s): 3363.16, #queue-req: 0
[36m(SGLangEngine pid=60897)[0m [2026-08-06 06:23:16] INFO:     172.25.0.2:36106 - "POST /generate HTTP/1.1" 200 OK
[36m(SGLangEngine pid=60897)[0m [2026-08-06 06:23:16] Decode batch, #running-req: 17, #full token: 65272, full token usage: 0.08, mamba num: 54, mamba usage: 0.12, cuda graph: True, gen throughput (token/s): 3218.37, #queue-req: 0
[36m(SGLangEngine pid=60897)[0m [2026-08-06 06:23:16] Decode batch, #running-req: 17, #full token: 65952, full token usage: 0.08, mamba num: 54, mamba usage: 0.12, cuda graph: True, gen throughput (token/s): 3060.75, #queue-req: 0
[36m(SGLangEngine pid=60897)[0m [2026-08-06 06:23:16] INFO:     172.25.0.2:36124 - "POST /generate HTTP/1.1" 200 OK
[36m(SGLangEngine pid=60897)[0m [2026-08-06 06:23:16] Decode batch, #running-req: 16, #full token: 62434, full token usage: 0.08, mamba num: 50, mamba usage: 0.11, cuda graph: True, gen throughput (token/s): 3058.85, #queue-req: 0
[36m(SGLangEngine pid=60897)[0m [2026-08-06 06:23:16] INFO:     172.25.0.2:36126 - "POST /generate HTTP/1.1" 200 OK
[36m(SGLangEngine pid=60897)[0m [2026-08-06 06:23:16] INFO:     172.25.0.2:36136 - "POST /generate HTTP/1.1" 200 OK
[36m(SGLangEngine pid=60897)[0m [2026-08-06 06:23:16] Decode batch, #running-req: 15, #full token: 58954, full token usage: 0.07, mamba num: 47, mamba usage: 0.10, cuda graph: True, gen throughput (token/s): 3279.89, #queue-req: 0
[36m(SGLangEngine pid=60897)[0m [2026-08-06 06:23:16] INFO:     172.25.0.2:36146 - "POST /generate HTTP/1.1" 200 OK
[36m(SGLangEngine pid=60897)[0m [2026-08-06 06:23:16] Decode batch, #running-req: 13, #full token: 51282, full token usage: 0.06, mamba num: 41, mamba usage: 0.09, cuda graph: True, gen throughput (token/s): 2835.67, #queue-req: 0
[36m(SGLangEngine pid=60897)[0m [2026-08-06 06:23:17] Decode batch, #running-req: 13, #full token: 51802, full token usage: 0.06, mamba num: 41, mamba usage: 0.09, cuda graph: True, gen throughput (token/s): 2695.55, #queue-req: 0
[36m(SGLangEngine pid=60897)[0m [2026-08-06 06:23:17] Decode batch, #running-req: 13, #full token: 52322, full token usage: 0.06, mamba num: 41, mamba usage: 0.09, cuda graph: True, gen throughput (token/s): 2632.70, #queue-req: 0
[36m(SGLangEngine pid=60897)[0m [2026-08-06 06:23:17] Decode batch, #running-req: 13, #full token: 52842, full token usage: 0.07, mamba num: 41, mamba usage: 0.09, cuda graph: True, gen throughput (token/s): 2526.17, #queue-req: 0
[36m(SGLangEngine pid=60897)[0m [2026-08-06 06:23:17] INFO:     172.25.0.2:36156 - "POST /generate HTTP/1.1" 200 OK
[36m(SGLangEngine pid=60897)[0m [2026-08-06 06:23:17] INFO:     172.25.0.2:36172 - "POST /generate HTTP/1.1" 200 OK
[36m(SGLangEngine pid=60897)[0m [2026-08-06 06:23:17] INFO:     172.25.0.2:36174 - "POST /generate HTTP/1.1" 200 OK
[36m(SGLangEngine pid=60897)[0m [2026-08-06 06:23:17] Decode batch, #running-req: 12, #full token: 49247, full token usage: 0.06, mamba num: 38, mamba usage: 0.08, cuda graph: True, gen throughput (token/s): 2590.61, #queue-req: 0
[36m(SGLangEngine pid=60897)[0m [2026-08-06 06:23:17] Decode batch, #running-req: 10, #full token: 41456, full token usage: 0.05, mamba num: 32, mamba usage: 0.07, cuda graph: True, gen throughput (token/s): 2357.42, #queue-req: 0
[36m(SGLangEngine pid=60897)[0m [2026-08-06 06:23:17] INFO:     172.25.0.2:36188 - "POST /generate HTTP/1.1" 200 OK
[36m(SGLangEngine pid=60897)[0m [2026-08-06 06:23:17] INFO:     172.25.0.2:36204 - "POST /generate HTTP/1.1" 200 OK
[36m(SGLangEngine pid=60897)[0m [2026-08-06 06:23:17] INFO:     172.25.0.2:36206 - "POST /generate HTTP/1.1" 200 OK
[36m(SGLangEngine pid=60897)[0m [2026-08-06 06:23:17] INFO:     172.25.0.2:36210 - "POST /generate HTTP/1.1" 200 OK
[36m(SGLangEngine pid=60897)[0m [2026-08-06 06:23:17] INFO:     172.25.0.2:36224 - "POST /generate HTTP/1.1" 200 OK
[36m(SGLangEngine pid=60897)[0m [2026-08-06 06:23:17] INFO:     172.25.0.2:36236 - "POST /generate HTTP/1.1" 200 OK
[36m(SGLangEngine pid=60897)[0m [2026-08-06 06:23:17] INFO:     172.25.0.2:36242 - "POST /generate HTTP/1.1" 200 OK
[36m(SGLangEngine pid=60897)[0m [2026-08-06 06:23:17] INFO:     172.25.0.2:36254 - "POST /generate HTTP/1.1" 200 OK
[36m(SGLangEngine pid=60897)[0m [2026-08-06 06:23:17] INFO:     172.25.0.2:36262 - "POST /generate HTTP/1.1" 200 OK
[36m(SGLangEngine pid=60897)[0m [2026-08-06 06:23:17] INFO:     172.25.0.2:36264 - "POST /generate HTTP/1.1" 200 OK
[36m(RolloutManager pid=60685)[0m [2026-08-06 06:23:18.088 rollout_manager] rmct_rollout.py:412 - RMCT step 3: 11 grad samples, parse_rate=0.266, gap=0.0000, cache_hit=0.35
[36m(RolloutManager pid=60685)[0m [2026-08-06 06:23:18.104 rollout_manager] metrics.py:89 - perf 2: {'rmct/parse_rate': 0.265625, 'rmct/p_ref_mean': 0.0, 'rmct/p_hat_mean': 0.0, 'rmct/gap_mean': 0.0, 'rmct/has_signal': 0.0, 'rmct/n_grad_samples': 11.0, 'rmct/completion_len_p50': 4096.0, 'rmct/completion_len_p99': 4096.0, 'rmct/truncated_frac': 0.734375, 'rmct/prefix_cache_hit_rate': 0.34659976617303195, 'rollout/response_len/mean': 0.0, 'rollout/response_len/median': 0.0, 'rollout/response_len/max': 0, 'rollout/response_len/min': 0, 'rollout/zero_std/count_0.0': 1, 'rollout/zero_std/all_zero_percentage': 1.0, 'rollout/zero_std/all_one_percentage': 0.0, 'rollout/prefix_cache_hit_rate': 0.0, 'rollout/avg_cached_tokens_per_sample': 0.0, 'rollout/repetition_frac': 0.0, 'rollout/truncated_ratio': 0.0, 'perf/rollout_time': 62.3812530040741, 'perf/tokens_per_gpu_per_sec': 525.2860181865846, 'perf/longest_sample_tokens_per_sec': 65.66075227332307, 'perf/effective_tokens_per_gpu_per_sec': 0.0, 'perf/longest_effective_sample_tokens_per_sec': 0.0}
[36m(RolloutManager pid=60685)[0m [2026-08-06 06:23:18.104 rollout_manager] train_data_conversion.py:262 - Rollout-side DP schedule: num_samples=8, num_rollouts=[1], num_microbatches=[8]
[36m(SGLangEngine pid=60897)[0m [2026-08-06 06:23:18] Reset HybridReqToTokenPool
[36m(SGLangEngine pid=60897)[0m [2026-08-06 06:23:18] Cache flushed successfully!
[36m(SGLangEngine pid=60897)[0m [2026-08-06 06:23:18] INFO:     172.25.0.2:43174 - "GET /flush_cache HTTP/1.1" 200 OK
[36m(SGLangEngine pid=60897)[0m [2026-08-06 06:23:18] INFO:     172.25.0.2:43188 - "POST /release_memory_occupation HTTP/1.1" 200 OK
[36m(SGLangEngine pid=60897)[0m [2026-08-06 06:23:18] Reset HybridReqToTokenPool
[36m(SGLangEngine pid=60897)[0m [2026-08-06 06:23:18] Cache flushed successfully!
[36m(MegatronTrainRayActor pid=61275)[0m [2026-08-06 06:23:18.201 actor_cell0_rank0] structured_log.py:23 - ft cls=MegatronTrainRayActor fn=train phase=start
[36m(MegatronTrainRayActor pid=61275)[0m [2026-08-06 06:23:18.201 actor_cell0_rank0] structured_log.py:23 - ft cls=MegatronTrainRayActor fn=wake_up phase=start
[36m(MegatronTrainRayActor pid=61275)[0m [2026-08-06 06:23:18.201 actor_cell0_rank0] timer.py:31 - Timer wake_up start
[36m(MegatronTrainRayActor pid=61275)[0m [2026-08-06 06:23:18.202 actor_cell0_rank0] memory_utils.py:41 - [Rank 0] Memory-Usage before wake_up model: {'gpu': '0', 'total_GB': 139.81, 'free_GB': 134.43, 'used_GB': 5.39, 'allocated_GB': 71.99, 'reserved_GB': 73.46}
[36m(MegatronTrainRayActor pid=61275)[0m [2026-08-06 06:23:25.291 actor_cell0_rank0] reloadable_process_group.py:151 - Reloading 0 process groups in pid 61275
[36m(MegatronTrainRayActor pid=61275)[0m [2026-08-06 06:23:25.291 actor_cell0_rank0] memory_utils.py:41 - [Rank 0] Memory-Usage after wake_up model: {'gpu': '0', 'total_GB': 139.81, 'free_GB': 61.05, 'used_GB': 78.76, 'allocated_GB': 71.99, 'reserved_GB': 73.46}
[36m(MegatronTrainRayActor pid=61275)[0m [2026-08-06 06:23:25.291 actor_cell0_rank0] timer.py:42 - Timer wake_up end (elapsed: 7.1s)
[36m(MegatronTrainRayActor pid=61275)[0m [2026-08-06 06:23:25.291 actor_cell0_rank0] structured_log.py:27 - ft cls=MegatronTrainRayActor fn=wake_up phase=end ok=true elapsed_s=7.1
[36m(MegatronTrainRayActor pid=61275)[0m [2026-08-06 06:23:25.291 actor_cell0_rank0] timer.py:31 - Timer data_preprocess start
[36m(MegatronTrainRayActor pid=61275)[0m [2026-08-06 06:23:25.300 actor_cell0_rank0] timer.py:42 - Timer data_preprocess end (elapsed: 0.0s)
[36m(MegatronTrainRayActor pid=61275)[0m [2026-08-06 06:23:25.300 actor_cell0_rank0] structured_log.py:23 - ft cls=MegatronTrainRayActor fn=train_actor phase=start
[36m(MegatronTrainRayActor pid=61275)[0m [2026-08-06 06:23:25.300 actor_cell0_rank0] timer.py:42 - Timer train_wait end (elapsed: 89.2s)
[36m(MegatronTrainRayActor pid=61275)[0m [2026-08-06 06:23:25.300 actor_cell0_rank0] timer.py:31 - Timer train start
[36m(MegatronTrainRayActor pid=61275)[0m [2026-08-06 06:23:25.454 actor_cell0_rank0] structured_log.py:23 - ft cls=MegatronTrainRayActor fn=compute_log_prob phase=start
[36m(MegatronTrainRayActor pid=61275)[0m [2026-08-06 06:23:25.454 actor_cell0_rank0] timer.py:31 - Timer ref_log_probs start
[36m(MegatronTrainRayActor pid=61275)[0m [2026-08-06 06:23:26.258 actor_cell0_rank0] timer.py:42 - Timer ref_log_probs end (elapsed: 0.8s)
[36m(MegatronTrainRayActor pid=61275)[0m [2026-08-06 06:23:26.258 actor_cell0_rank0] structured_log.py:27 - ft cls=MegatronTrainRayActor fn=compute_log_prob phase=end ok=true elapsed_s=0.8
[36m(MegatronTrainRayActor pid=61275)[0m [2026-08-06 06:23:26.429 actor_cell0_rank0] structured_log.py:23 - ft cls=MegatronTrainRayActor fn=compute_log_prob phase=start
[36m(MegatronTrainRayActor pid=61275)[0m [2026-08-06 06:23:26.429 actor_cell0_rank0] timer.py:31 - Timer log_probs start
[36m(MegatronTrainRayActor pid=61275)[0m [2026-08-06 06:23:27.220 actor_cell0_rank0] timer.py:42 - Timer log_probs end (elapsed: 0.8s)
[36m(MegatronTrainRayActor pid=61275)[0m [2026-08-06 06:23:27.220 actor_cell0_rank0] structured_log.py:27 - ft cls=MegatronTrainRayActor fn=compute_log_prob phase=end ok=true elapsed_s=0.8
[36m(MegatronTrainRayActor pid=61275)[0m [2026-08-06 06:23:27.238 actor_cell0_rank0] rmct_advantage.py:104 - rmct/kl_policy_base=0.000000 (kl_coef=0.050)
[36m(MegatronTrainRayActor pid=61275)[0m [2026-08-06 06:23:27.240 actor_cell0_rank0] log_utils.py:55 - ft op=cross_cell phase=start kind=log_gather rank=0
[36m(MegatronTrainRayActor pid=61275)[0m [2026-08-06 06:23:27.241 actor_cell0_rank0] log_utils.py:61 - ft op=cross_cell phase=end kind=log_gather rank=0 success=true
[36m(MegatronTrainRayActor pid=61275)[0m [2026-08-06 06:23:27.241 actor_cell0_rank0] log_utils.py:78 - rollout 2: {'rollout/response_lengths': 4096.0, 'rollout/rewards': 0.0, 'rollout/truncated': 0.0, 'rollout/rollout_log_probs': 0.0, 'rollout/raw_reward': 0.0, 'rollout/total_lengths': 4484.0, 'rollout/ref_log_probs': 0.0, 'rollout/log_probs': 0.0, 'rollout/advantages': 0.0, 'rollout/returns': 0.0}
[36m(MegatronTrainRayActor pid=61275)[0m [2026-08-06 06:23:27.241 actor_cell0_rank0] timer.py:31 - Timer actor_train start
[36m(MegatronTrainRayActor pid=61275)[0m [2026-08-06 06:23:30.202 actor_cell0_rank0] model.py:635 - ft op=train_step rollout=2 step=0 attempt=0 outcome=NORMAL valid_step=true
[36m(MegatronTrainRayActor pid=61275)[0m [2026-08-06 06:23:30.241 actor_cell0_rank0] log_utils.py:493 - step 2: {'train/loss': 0.0, 'train/pg_loss': 0.0, 'train/entropy_loss': 0.0, 'train/pg_clipfrac': 0.0, 'train/ppo_kl': 0.0, 'train/ess_ratio': 0.0, 'train/train_rollout_logprob_abs_diff': 0.0, 'train/train_rollout_kl': 0.0, 'train/kl_loss': 0.0, 'train/grad_norm': 0.0, 'train/lr-pg_0': 1e-05, 'train/lr-pg_1': 1e-05, 'train/step': 2}
[36m(MegatronTrainRayActor pid=61275)[0m [2026-08-06 06:23:30.241 actor_cell0_rank0] model.py:854 - step 2: {'train/loss': 0.0, 'train/pg_loss': 0.0, 'train/entropy_loss': 0.0, 'train/pg_clipfrac': 0.0, 'train/ppo_kl': 0.0, 'train/ess_ratio': 0.0, 'train/train_rollout_logprob_abs_diff': 0.0, 'train/train_rollout_kl': 0.0, 'train/kl_loss': 0.0, 'train/grad_norm': 0.0, 'train/lr-pg_0': 1e-05, 'train/lr-pg_1': 1e-05, 'train/step': 2}
[36m(MegatronTrainRayActor pid=61275)[0m [2026-08-06 06:23:30.241 actor_cell0_rank0] timer.py:42 - Timer actor_train end (elapsed: 3.0s)
[36m(MegatronTrainRayActor pid=61275)[0m [2026-08-06 06:23:30.241 actor_cell0_rank0] timer.py:42 - Timer train end (elapsed: 4.9s)
[36m(MegatronTrainRayActor pid=61275)[0m [2026-08-06 06:23:30.242 actor_cell0_rank0] timer.py:31 - Timer train_wait start
[36m(MegatronTrainRayActor pid=61275)[0m [2026-08-06 06:23:30.395 actor_cell0_rank0] train_metric_utils.py:50 - perf 2: {'perf/sleep_time': 19.15185809135437, 'perf/update_weights_time': 0.30164361000061035, 'perf/wake_up_time': 7.090174913406372, 'perf/data_preprocess_time': 0.008602380752563477, 'perf/train_wait_time': 89.24818158149719, 'perf/ref_log_probs_time': 0.8041281700134277, 'perf/log_probs_time': 0.7911334037780762, 'perf/actor_train_time': 3.0002965927124023, 'perf/train_time': 4.941279649734497, 'perf/log_probs_tflops': 346.89506599344685, 'perf/ref_log_probs_tflops': 341.2892179969684, 'perf/actor_train_tflops': 274.41314466691745, 'perf/actor_train_tok_per_s': 11956.151297552255, 'perf/step_time': 94.18946123123169, 'perf/wait_time_ratio': 0.9475389328578508}
[36m(MegatronTrainRayActor pid=61275)[0m [2026-08-06 06:23:30.395 actor_cell0_rank0] structured_log.py:27 - ft cls=MegatronTrainRayActor fn=train_actor phase=end ok=true elapsed_s=5.1
[36m(MegatronTrainRayActor pid=61275)[0m [2026-08-06 06:23:30.396 actor_cell0_rank0] structured_log.py:27 - ft cls=MegatronTrainRayActor fn=train phase=end ok=true elapsed_s=12.2
[36m(MegatronTrainRayActor pid=61275)[0m [2026-08-06 06:23:30.398 actor_cell0_rank0] structured_log.py:23 - ft cls=MegatronTrainRayActor fn=sleep phase=start
[36m(MegatronTrainRayActor pid=61275)[0m [2026-08-06 06:23:30.398 actor_cell0_rank0] timer.py:31 - Timer sleep start
[36m(MegatronTrainRayActor pid=61275)[0m [2026-08-06 06:23:30.780 actor_cell0_rank0] memory_utils.py:41 - [Rank 0] Memory-Usage before offload model: {'gpu': '0', 'total_GB': 139.81, 'free_GB': 61.05, 'used_GB': 78.76, 'allocated_GB': 71.99, 'reserved_GB': 73.46}
[36m(SGLangEngine pid=60897)[0m [2026-08-06 06:23:49] INFO:     172.25.0.2:43094 - "POST /resume_memory_occupation HTTP/1.1" 200 OK
[36m(SGLangEngine pid=60897)[0m [2026-08-06 06:23:49] INFO:     172.25.0.2:43096 - "POST /pause_generation HTTP/1.1" 200 OK
[36m(SGLangEngine pid=60897)[0m [2026-08-06 06:23:49] INFO:     172.25.0.2:43102 - "GET /flush_cache HTTP/1.1" 200 OK
[36m(SGLangEngine pid=60897)[0m [2026-08-06 06:23:49] INFO:     172.25.0.2:43114 - "POST /begin_weight_update HTTP/1.1" 200 OK
[36m(SGLangEngine pid=60897)[0m [2026-08-06 06:23:49] INFO:     172.25.0.2:43122 - "POST /update_weights_from_tensor HTTP/1.1" 200 OK
[36m(SGLangEngine pid=60897)[0m [2026-08-06 06:23:49] INFO:     172.25.0.2:43126 - "POST /update_weights_from_tensor HTTP/1.1" 200 OK
[36m(SGLangEngine pid=60897)[0m [2026-08-06 06:23:49] INFO:     172.25.0.2:43134 - "POST /update_weights_from_tensor HTTP/1.1" 200 OK
[36m(SGLangEngine pid=60897)[0m [2026-08-06 06:23:49] Reset HybridReqToTokenPool
[36m(SGLangEngine pid=60897)[0m [2026-08-06 06:23:49] Cache flushed successfully!
[36m(MegatronTrainRayActor pid=61275)[0m [2026-08-06 06:23:49.563 actor_cell0_rank0] memory_utils.py:41 - [Rank 0] Memory-Usage after offload model: {'gpu': '0', 'total_GB': 139.81, 'free_GB': 134.43, 'used_GB': 5.39, 'allocated_GB': 71.99, 'reserved_GB': 73.46}
[36m(MegatronTrainRayActor pid=61275)[0m [2026-08-06 06:23:49.563 actor_cell0_rank0] log_utils.py:382 - [CPU memory] after_offload_train: 247.76 GB (rollout_id=2, step=2)
[36m(MegatronTrainRayActor pid=61275)[0m [2026-08-06 06:23:49.563 actor_cell0_rank0] timer.py:42 - Timer sleep end (elapsed: 19.2s)
[36m(MegatronTrainRayActor pid=61275)[0m [2026-08-06 06:23:49.564 actor_cell0_rank0] structured_log.py:27 - ft cls=MegatronTrainRayActor fn=sleep phase=end ok=true elapsed_s=19.2
[36m(MegatronTrainRayActor pid=61275)[0m [2026-08-06 06:23:49.593 actor_cell0_rank0] structured_log.py:23 - ft cls=MegatronTrainRayActor fn=update_weights phase=start
[36m(MegatronTrainRayActor pid=61275)[0m [2026-08-06 06:23:49.594 actor_cell0_rank0] timer.py:31 - Timer update_weights start
[36m(MegatronTrainRayActor pid=61275)[0m [2026-08-06 06:23:49.594 actor_cell0_rank0] reloadable_process_group.py:151 - Reloading 0 process groups in pid 61275
[36m(MegatronTrainRayActor pid=61275)[0m [2026-08-06 06:23:49.594 actor_cell0_rank0] memory_utils.py:41 - [Rank 0] Memory-Usage before update_weights: {'gpu': '0', 'total_GB': 139.81, 'free_GB': 125.8, 'used_GB': 14.01, 'allocated_GB': 71.99, 'reserved_GB': 73.46}
[36m(MegatronTrainRayActor pid=61275)[0m 
Update weights:   0%|          | 0/16 [00:00<?, ?it/s]
[36m(SGLangEngine pid=60897)[0m [2026-08-06 06:23:49] INFO:     172.25.0.2:43146 - "POST /update_weights_from_tensor HTTP/1.1" 200 OK
[36m(SGLangEngine pid=60897)[0m [2026-08-06 06:23:49] INFO:     172.25.0.2:43152 - "POST /update_weights_from_tensor HTTP/1.1" 200 OK
[36m(SGLangEngine pid=60897)[0m [2026-08-06 06:23:49] INFO:     172.25.0.2:43162 - "POST /update_weights_from_tensor HTTP/1.1" 200 OK
[36m(SGLangEngine pid=60897)[0m [2026-08-06 06:23:49] INFO:     172.25.0.2:43170 - "POST /update_weights_from_tensor HTTP/1.1" 200 OK
[36m(SGLangEngine pid=60897)[0m [2026-08-06 06:23:49] INFO:     172.25.0.2:43176 - "POST /update_weights_from_tensor HTTP/1.1" 200 OK
[36m(SGLangEngine pid=60897)[0m [2026-08-06 06:23:49] INFO:     172.25.0.2:43178 - "POST /update_weights_from_tensor HTTP/1.1" 200 OK
[36m(SGLangEngine pid=60897)[0m [2026-08-06 06:23:49] INFO:     172.25.0.2:43180 - "POST /update_weights_from_tensor HTTP/1.1" 200 OK
[36m(MegatronTrainRayActor pid=61275)[0m 
Update weights:  44%|████▍     | 7/16 [00:00<00:00, 63.87it/s]
[36m(SGLangEngine pid=60897)[0m [2026-08-06 06:23:49] INFO:     172.25.0.2:43196 - "POST /update_weights_from_tensor HTTP/1.1" 200 OK
[36m(SGLangEngine pid=60897)[0m [2026-08-06 06:23:49] INFO:     172.25.0.2:43208 - "POST /update_weights_from_tensor HTTP/1.1" 200 OK
[36m(SGLangEngine pid=60897)[0m [2026-08-06 06:23:49] INFO:     172.25.0.2:43222 - "POST /update_weights_from_tensor HTTP/1.1" 200 OK
[36m(SGLangEngine pid=60897)[0m [2026-08-06 06:23:49] INFO:     172.25.0.2:43236 - "POST /update_weights_from_tensor HTTP/1.1" 200 OK
[36m(SGLangEngine pid=60897)[0m [2026-08-06 06:23:49] INFO:     172.25.0.2:43248 - "POST /update_weights_from_tensor HTTP/1.1" 200 OK
[36m(SGLangEngine pid=60897)[0m [2026-08-06 06:23:49] INFO:     172.25.0.2:43256 - "POST /update_weights_from_tensor HTTP/1.1" 200 OK
[36m(SGLangEngine pid=60897)[0m [2026-08-06 06:23:49] INFO:     172.25.0.2:43272 - "POST /end_weight_update HTTP/1.1" 200 OK
[36m(SGLangEngine pid=60897)[0m [2026-08-06 06:23:49] INFO:     172.25.0.2:43274 - "POST /continue_generation HTTP/1.1" 200 OK
[36m(SGLangEngine pid=60897)[0m [2026-08-06 06:23:49] [continue_generation] torch.cuda.empty_cache() called: reserved 57594.0 MB -> 57594.0 MB (freed 0.0 MB)
[36m(MegatronTrainRayActor pid=61275)[0m 
Update weights:  88%|████████▊ | 14/16 [00:00<00:00, 65.86it/s]
Update weights: 100%|██████████| 16/16 [00:00<00:00, 63.88it/s]
[36m(MegatronTrainRayActor pid=61275)[0m [2026-08-06 06:23:49.862 actor_cell0_rank0] memory_utils.py:41 - [Rank 0] Memory-Usage after update_weights: {'gpu': '0', 'total_GB': 139.81, 'free_GB': 121.57, 'used_GB': 18.24, 'allocated_GB': 71.99, 'reserved_GB': 77.8}
[36m(SGLangEngine pid=60897)[0m [2026-08-06 06:23:49] INFO:     172.25.0.2:43284 - "POST /resume_memory_occupation HTTP/1.1" 200 OK
[36m(MegatronTrainRayActor pid=61275)[0m [2026-08-06 06:23:49.866 actor_cell0_rank0] timer.py:42 - Timer update_weights end (elapsed: 0.3s)
[36m(MegatronTrainRayActor pid=61275)[0m [2026-08-06 06:23:49.866 actor_cell0_rank0] structured_log.py:27 - ft cls=MegatronTrainRayActor fn=update_weights phase=end ok=true elapsed_s=0.3
[36m(SGLangEngine pid=60897)[0m [2026-08-06 06:23:50] Prefill batch, #new-seq: 1, #new-token: 160, #cached-token: 0, full token usage: 0.01, mamba usage: 0.35, #running-req: 0, #queue-req: 40, #pending-token: 0, cuda graph: False, input throughput (token/s): 2.87
[36m(SGLangEngine pid=60897)[0m [2026-08-06 06:23:50] Prefill batch, #new-seq: 53, #new-token: 8192, #cached-token: 0, full token usage: 0.01, mamba usage: 0.60, #running-req: 1, #queue-req: 37, #pending-token: 7340, cuda graph: False, input throughput (token/s): 65130.41
[36m(SGLangEngine pid=60897)[0m [2026-08-06 06:23:50] Prefill batch, #new-seq: 38, #new-token: 6176, #cached-token: 576, full token usage: 0.00, mamba usage: 0.60, #running-req: 53, #queue-req: 37, #pending-token: 11424, cuda graph: False, input throughput (token/s): 450832.80
[36m(SGLangEngine pid=60897)[0m [2026-08-06 06:23:50] Decode batch, #running-req: 91, #full token: 6943, full token usage: 0.01, mamba num: 279, mamba usage: 0.60, cuda graph: True, gen throughput (token/s): 111.19, #queue-req: 37
[36m(SGLangEngine pid=60897)[0m [2026-08-06 06:23:50] Decode batch, #running-req: 91, #full token: 10583, full token usage: 0.01, mamba num: 279, mamba usage: 0.60, cuda graph: True, gen throughput (token/s): 11966.71, #queue-req: 37
[36m(SGLangEngine pid=60897)[0m [2026-08-06 06:23:51] Decode batch, #running-req: 91, #full token: 14223, full token usage: 0.02, mamba num: 279, mamba usage: 0.60, cuda graph: True, gen throughput (token/s): 11314.35, #queue-req: 37
[36m(SGLangEngine pid=60897)[0m [2026-08-06 06:23:51] Decode batch, #running-req: 91, #full token: 17863, full token usage: 0.02, mamba num: 279, mamba usage: 0.60, cuda graph: True, gen throughput (token/s): 12425.73, #queue-req: 37
[36m(SGLangEngine pid=60897)[0m [2026-08-06 06:23:51] Decode batch, #running-req: 91, #full token: 21503, full token usage: 0.03, mamba num: 279, mamba usage: 0.60, cuda graph: True, gen throughput (token/s): 12360.12, #queue-req: 37
[36m(SGLangEngine pid=60897)[0m [2026-08-06 06:23:52] Decode batch, #running-req: 91, #full token: 25143, full token usage: 0.03, mamba num: 279, mamba usage: 0.60, cuda graph: True, gen throughput (token/s): 12332.83, #queue-req: 37
[36m(SGLangEngine pid=60897)[0m [2026-08-06 06:23:52] Decode batch, #running-req: 91, #full token: 28783, full token usage: 0.04, mamba num: 279, mamba usage: 0.60, cuda graph: True, gen throughput (token/s): 12273.09, #queue-req: 37
[36m(SGLangEngine pid=60897)[0m [2026-08-06 06:23:52] Decode batch, #running-req: 91, #full token: 32423, full token usage: 0.04, mamba num: 279, mamba usage: 0.60, cuda graph: True, gen throughput (token/s): 11989.07, #queue-req: 37
[36m(SGLangEngine pid=60897)[0m [2026-08-06 06:23:52] Decode batch, #running-req: 91, #full token: 36063, full token usage: 0.04, mamba num: 279, mamba usage: 0.60, cuda graph: True, gen throughput (token/s): 11068.94, #queue-req: 37
[36m(SGLangEngine pid=60897)[0m [2026-08-06 06:23:53] Decode batch, #running-req: 91, #full token: 39703, full token usage: 0.05, mamba num: 279, mamba usage: 0.60, cuda graph: True, gen throughput (token/s): 11837.44, #queue-req: 37
[36m(SGLangEngine pid=60897)[0m [2026-08-06 06:23:53] Decode batch, #running-req: 91, #full token: 43343, full token usage: 0.05, mamba num: 279, mamba usage: 0.60, cuda graph: True, gen throughput (token/s): 12084.14, #queue-req: 37
[36m(SGLangEngine pid=60897)[0m [2026-08-06 06:23:53] Decode batch, #running-req: 91, #full token: 46983, full token usage: 0.06, mamba num: 279, mamba usage: 0.60, cuda graph: True, gen throughput (token/s): 12043.58, #queue-req: 37
[36m(SGLangEngine pid=60897)[0m [2026-08-06 06:23:54] Decode batch, #running-req: 91, #full token: 50623, full token usage: 0.06, mamba num: 279, mamba usage: 0.60, cuda graph: True, gen throughput (token/s): 11979.18, #queue-req: 37
[36m(SGLangEngine pid=60897)[0m [2026-08-06 06:23:54] Decode batch, #running-req: 91, #full token: 54263, full token usage: 0.07, mamba num: 279, mamba usage: 0.60, cuda graph: True, gen throughput (token/s): 11971.23, #queue-req: 37
[36m(SGLangEngine pid=60897)[0m [2026-08-06 06:23:54] INFO:     172.25.0.2:33004 - "GET /health HTTP/1.1" 200 OK
[36m(SGLangEngine pid=60897)[0m [2026-08-06 06:23:54] Decode batch, #running-req: 91, #full token: 57903, full token usage: 0.07, mamba num: 279, mamba usage: 0.60, cuda graph: True, gen throughput (token/s): 11133.79, #queue-req: 37
[36m(SGLangEngine pid=60897)[0m [2026-08-06 06:23:55] Decode batch, #running-req: 91, #full token: 61543, full token usage: 0.08, mamba num: 279, mamba usage: 0.60, cuda graph: True, gen throughput (token/s): 11047.57, #queue-req: 37
[36m(SGLangEngine pid=60897)[0m [2026-08-06 06:23:55] Decode batch, #running-req: 91, #full token: 65183, full token usage: 0.08, mamba num: 279, mamba usage: 0.60, cuda graph: True, gen throughput (token/s): 11804.54, #queue-req: 37
[36m(SGLangEngine pid=60897)[0m [2026-08-06 06:23:55] Decode batch, #running-req: 91, #full token: 68823, full token usage: 0.09, mamba num: 279, mamba usage: 0.60, cuda graph: True, gen throughput (token/s): 11764.69, #queue-req: 37
[36m(SGLangEngine pid=60897)[0m [2026-08-06 06:23:56] Decode batch, #running-req: 91, #full token: 72463, full token usage: 0.09, mamba num: 279, mamba usage: 0.60, cuda graph: True, gen throughput (token/s): 11710.04, #queue-req: 37
[36m(SGLangEngine pid=60897)[0m [2026-08-06 06:23:56] Decode batch, #running-req: 91, #full token: 76103, full token usage: 0.09, mamba num: 279, mamba usage: 0.60, cuda graph: True, gen throughput (token/s): 11686.76, #queue-req: 37
[36m(SGLangEngine pid=60897)[0m [2026-08-06 06:23:56] Decode batch, #running-req: 91, #full token: 79743, full token usage: 0.10, mamba num: 279, mamba usage: 0.60, cuda graph: True, gen throughput (token/s): 11149.33, #queue-req: 37
[36m(SGLangEngine pid=60897)[0m [2026-08-06 06:23:56] INFO:     172.25.0.2:43634 - "POST /generate HTTP/1.1" 200 OK
[36m(SGLangEngine pid=60897)[0m [2026-08-06 06:23:57] Prefill batch, #new-seq: 2, #new-token: 8, #cached-token: 384, full token usage: 0.10, mamba usage: 0.61, #running-req: 90, #queue-req: 35, #pending-token: 11032, cuda graph: False, input throughput (token/s): 1.18
[36m(SGLangEngine pid=60897)[0m [2026-08-06 06:23:57] Decode batch, #running-req: 92, #full token: 82512, full token usage: 0.10, mamba num: 282, mamba usage: 0.61, cuda graph: True, gen throughput (token/s): 9862.86, #queue-req: 35
[36m(SGLangEngine pid=60897)[0m [2026-08-06 06:23:57] Decode batch, #running-req: 92, #full token: 86192, full token usage: 0.11, mamba num: 282, mamba usage: 0.61, cuda graph: True, gen throughput (token/s): 11423.07, #queue-req: 35
[36m(SGLangEngine pid=60897)[0m [2026-08-06 06:23:57] Decode batch, #running-req: 92, #full token: 89872, full token usage: 0.11, mamba num: 282, mamba usage: 0.61, cuda graph: True, gen throughput (token/s): 11507.50, #queue-req: 35
[36m(SGLangEngine pid=60897)[0m [2026-08-06 06:23:58] Decode batch, #running-req: 92, #full token: 93552, full token usage: 0.12, mamba num: 282, mamba usage: 0.61, cuda graph: True, gen throughput (token/s): 11610.75, #queue-req: 35
[36m(SGLangEngine pid=60897)[0m [2026-08-06 06:23:58] Decode batch, #running-req: 92, #full token: 97232, full token usage: 0.12, mamba num: 282, mamba usage: 0.61, cuda graph: True, gen throughput (token/s): 11567.86, #queue-req: 35
[36m(SGLangEngine pid=60897)[0m [2026-08-06 06:23:58] Decode batch, #running-req: 92, #full token: 100912, full token usage: 0.12, mamba num: 282, mamba usage: 0.61, cuda graph: True, gen throughput (token/s): 11505.20, #queue-req: 35
[36m(SGLangEngine pid=60897)[0m [2026-08-06 06:23:59] Decode batch, #running-req: 92, #full token: 104592, full token usage: 0.13, mamba num: 282, mamba usage: 0.61, cuda graph: True, gen throughput (token/s): 10535.34, #queue-req: 35
[36m(SGLangEngine pid=60897)[0m [2026-08-06 06:23:59] Decode batch, #running-req: 92, #full token: 108272, full token usage: 0.13, mamba num: 282, mamba usage: 0.61, cuda graph: True, gen throughput (token/s): 10946.56, #queue-req: 35
[36m(SGLangEngine pid=60897)[0m [2026-08-06 06:23:59] Decode batch, #running-req: 92, #full token: 111952, full token usage: 0.14, mamba num: 282, mamba usage: 0.61, cuda graph: True, gen throughput (token/s): 11370.19, #queue-req: 35
[36m(SGLangEngine pid=60897)[0m [2026-08-06 06:24:00] Decode batch, #running-req: 92, #full token: 115632, full token usage: 0.14, mamba num: 282, mamba usage: 0.61, cuda graph: True, gen throughput (token/s): 11508.23, #queue-req: 35
[36m(SGLangEngine pid=60897)[0m [2026-08-06 06:24:00] Decode batch, #running-req: 92, #full token: 119312, full token usage: 0.15, mamba num: 282, mamba usage: 0.61, cuda graph: True, gen throughput (token/s): 11255.77, #queue-req: 35
[36m(SGLangEngine pid=60897)[0m [2026-08-06 06:24:00] Decode batch, #running-req: 92, #full token: 122992, full token usage: 0.15, mamba num: 282, mamba usage: 0.61, cuda graph: True, gen throughput (token/s): 11225.56, #queue-req: 35
[36m(SGLangEngine pid=60897)[0m [2026-08-06 06:24:01] Decode batch, #running-req: 92, #full token: 126672, full token usage: 0.16, mamba num: 282, mamba usage: 0.61, cuda graph: True, gen throughput (token/s): 10789.11, #queue-req: 35
[36m(SGLangEngine pid=60897)[0m [2026-08-06 06:24:01] Decode batch, #running-req: 92, #full token: 130352, full token usage: 0.16, mamba num: 282, mamba usage: 0.61, cuda graph: True, gen throughput (token/s): 10287.21, #queue-req: 35
[36m(SGLangEngine pid=60897)[0m [2026-08-06 06:24:01] INFO:     172.25.0.2:43588 - "POST /generate HTTP/1.1" 200 OK
[36m(SGLangEngine pid=60897)[0m [2026-08-06 06:24:01] Prefill batch, #new-seq: 1, #new-token: 4, #cached-token: 192, full token usage: 0.16, mamba usage: 0.61, #running-req: 91, #queue-req: 34, #pending-token: 10836, cuda graph: False, input throughput (token/s): 0.88
[36m(SGLangEngine pid=60897)[0m [2026-08-06 06:24:01] Decode batch, #running-req: 92, #full token: 132603, full token usage: 0.16, mamba num: 282, mamba usage: 0.61, cuda graph: True, gen throughput (token/s): 10129.20, #queue-req: 34
[36m(SGLangEngine pid=60897)[0m [2026-08-06 06:24:02] Decode batch, #running-req: 92, #full token: 136283, full token usage: 0.17, mamba num: 282, mamba usage: 0.61, cuda graph: True, gen throughput (token/s): 10878.72, #queue-req: 34
[36m(SGLangEngine pid=60897)[0m [2026-08-06 06:24:02] INFO:     172.25.0.2:43560 - "POST /generate HTTP/1.1" 200 OK
[36m(SGLangEngine pid=60897)[0m [2026-08-06 06:24:02] Prefill batch, #new-seq: 1, #new-token: 4, #cached-token: 192, full token usage: 0.17, mamba usage: 0.61, #running-req: 91, #queue-req: 33, #pending-token: 10640, cuda graph: False, input throughput (token/s): 5.33
[36m(SGLangEngine pid=60897)[0m [2026-08-06 06:24:02] Decode batch, #running-req: 92, #full token: 138448, full token usage: 0.17, mamba num: 282, mamba usage: 0.61, cuda graph: True, gen throughput (token/s): 10106.19, #queue-req: 33
[36m(SGLangEngine pid=60897)[0m [2026-08-06 06:24:02] INFO:     172.25.0.2:43580 - "POST /generate HTTP/1.1" 200 OK
[36m(SGLangEngine pid=60897)[0m [2026-08-06 06:24:02] Prefill batch, #new-seq: 1, #new-token: 323, #cached-token: 0, full token usage: 0.17, mamba usage: 0.61, #running-req: 91, #queue-req: 32, #pending-token: 10317, cuda graph: False, input throughput (token/s): 993.36
[36m(SGLangEngine pid=60897)[0m [2026-08-06 06:24:02] INFO:     172.25.0.2:43582 - "POST /generate HTTP/1.1" 200 OK
[36m(SGLangEngine pid=60897)[0m [2026-08-06 06:24:02] Decode batch, #running-req: 92, #full token: 140882, full token usage: 0.17, mamba num: 283, mamba usage: 0.61, cuda graph: True, gen throughput (token/s): 10024.13, #queue-req: 32
[36m(SGLangEngine pid=60897)[0m [2026-08-06 06:24:02] Prefill batch, #new-seq: 1, #new-token: 3, #cached-token: 320, full token usage: 0.17, mamba usage: 0.61, #running-req: 91, #queue-req: 31, #pending-token: 9994, cuda graph: False, input throughput (token/s): 12.26
[36m(SGLangEngine pid=60897)[0m [2026-08-06 06:24:03] Decode batch, #running-req: 92, #full token: 142986, full token usage: 0.18, mamba num: 283, mamba usage: 0.61, cuda graph: True, gen throughput (token/s): 9899.73, #queue-req: 31
[36m(SGLangEngine pid=60897)[0m [2026-08-06 06:24:03] Decode batch, #running-req: 92, #full token: 146666, full token usage: 0.18, mamba num: 283, mamba usage: 0.61, cuda graph: True, gen throughput (token/s): 10120.46, #queue-req: 31
[36m(SGLangEngine pid=60897)[0m [2026-08-06 06:24:03] Decode batch, #running-req: 92, #full token: 150346, full token usage: 0.19, mamba num: 283, mamba usage: 0.61, cuda graph: True, gen throughput (token/s): 10752.59, #queue-req: 31
[36m(SGLangEngine pid=60897)[0m [2026-08-06 06:24:04] Decode batch, #running-req: 92, #full token: 154026, full token usage: 0.19, mamba num: 283, mamba usage: 0.61, cuda graph: True, gen throughput (token/s): 10799.15, #queue-req: 31
[36m(SGLangEngine pid=60897)[0m [2026-08-06 06:24:04] Decode batch, #running-req: 92, #full token: 157706, full token usage: 0.19, mamba num: 283, mamba usage: 0.61, cuda graph: True, gen throughput (token/s): 10454.01, #queue-req: 31
[36m(SGLangEngine pid=60897)[0m [2026-08-06 06:24:04] Decode batch, #running-req: 92, #full token: 161386, full token usage: 0.20, mamba num: 283, mamba usage: 0.61, cuda graph: True, gen throughput (token/s): 10848.57, #queue-req: 31
[36m(SGLangEngine pid=60897)[0m [2026-08-06 06:24:05] Decode batch, #running-req: 92, #full token: 165066, full token usage: 0.20, mamba num: 283, mamba usage: 0.61, cuda graph: True, gen throughput (token/s): 10657.77, #queue-req: 31
[36m(SGLangEngine pid=60897)[0m [2026-08-06 06:24:05] Decode batch, #running-req: 92, #full token: 168746, full token usage: 0.21, mamba num: 283, mamba usage: 0.61, cuda graph: True, gen throughput (token/s): 10077.90, #queue-req: 31
[36m(SGLangEngine pid=60897)[0m [2026-08-06 06:24:06] Decode batch, #running-req: 92, #full token: 172426, full token usage: 0.21, mamba num: 283, mamba usage: 0.61, cuda graph: True, gen throughput (token/s): 10101.62, #queue-req: 31
[36m(SGLangEngine pid=60897)[0m [2026-08-06 06:24:06] INFO:     172.25.0.2:43574 - "POST /generate HTTP/1.1" 200 OK
[36m(SGLangEngine pid=60897)[0m [2026-08-06 06:24:06] Prefill batch, #new-seq: 1, #new-token: 3, #cached-token: 320, full token usage: 0.21, mamba usage: 0.61, #running-req: 91, #queue-req: 30, #pending-token: 9671, cuda graph: False, input throughput (token/s): 0.86
[36m(SGLangEngine pid=60897)[0m [2026-08-06 06:24:06] Decode batch, #running-req: 92, #full token: 174137, full token usage: 0.22, mamba num: 283, mamba usage: 0.61, cuda graph: True, gen throughput (token/s): 9640.23, #queue-req: 30
[36m(SGLangEngine pid=60897)[0m [2026-08-06 06:24:06] Decode batch, #running-req: 92, #full token: 177817, full token usage: 0.22, mamba num: 283, mamba usage: 0.61, cuda graph: True, gen throughput (token/s): 10441.57, #queue-req: 30
[36m(SGLangEngine pid=60897)[0m [2026-08-06 06:24:07] Decode batch, #running-req: 92, #full token: 181497, full token usage: 0.22, mamba num: 283, mamba usage: 0.61, cuda graph: True, gen throughput (token/s): 10519.95, #queue-req: 30
[36m(SGLangEngine pid=60897)[0m [2026-08-06 06:24:07] Decode batch, #running-req: 92, #full token: 185177, full token usage: 0.23, mamba num: 283, mamba usage: 0.61, cuda graph: True, gen throughput (token/s): 10327.44, #queue-req: 30
[36m(SGLangEngine pid=60897)[0m [2026-08-06 06:24:07] INFO:     172.25.0.2:43544 - "POST /generate HTTP/1.1" 200 OK
[36m(SGLangEngine pid=60897)[0m [2026-08-06 06:24:07] Decode batch, #running-req: 91, #full token: 186634, full token usage: 0.23, mamba num: 283, mamba usage: 0.61, cuda graph: True, gen throughput (token/s): 9299.18, #queue-req: 29
[36m(SGLangEngine pid=60897)[0m [2026-08-06 06:24:07] Prefill batch, #new-seq: 1, #new-token: 3, #cached-token: 320, full token usage: 0.23, mamba usage: 0.61, #running-req: 91, #queue-req: 29, #pending-token: 9348, cuda graph: False, input throughput (token/s): 2.04
[36m(SGLangEngine pid=60897)[0m [2026-08-06 06:24:08] Decode batch, #running-req: 92, #full token: 190406, full token usage: 0.24, mamba num: 283, mamba usage: 0.61, cuda graph: True, gen throughput (token/s): 9753.84, #queue-req: 29
[36m(SGLangEngine pid=60897)[0m [2026-08-06 06:24:08] Decode batch, #running-req: 92, #full token: 194086, full token usage: 0.24, mamba num: 283, mamba usage: 0.61, cuda graph: True, gen throughput (token/s): 10319.62, #queue-req: 29
[36m(SGLangEngine pid=60897)[0m [2026-08-06 06:24:08] INFO:     172.25.0.2:43468 - "POST /generate HTTP/1.1" 200 OK
[36m(SGLangEngine pid=60897)[0m [2026-08-06 06:24:08] Prefill batch, #new-seq: 1, #new-token: 3, #cached-token: 320, full token usage: 0.24, mamba usage: 0.61, #running-req: 91, #queue-req: 28, #pending-token: 9025, cuda graph: False, input throughput (token/s): 3.00
[36m(SGLangEngine pid=60897)[0m [2026-08-06 06:24:08] Decode batch, #running-req: 92, #full token: 195502, full token usage: 0.24, mamba num: 283, mamba usage: 0.61, cuda graph: True, gen throughput (token/s): 9410.41, #queue-req: 28
[36m(SGLangEngine pid=60897)[0m [2026-08-06 06:24:09] Decode batch, #running-req: 92, #full token: 199182, full token usage: 0.25, mamba num: 283, mamba usage: 0.61, cuda graph: True, gen throughput (token/s): 10091.98, #queue-req: 28
[36m(SGLangEngine pid=60897)[0m [2026-08-06 06:24:09] Decode batch, #running-req: 92, #full token: 202862, full token usage: 0.25, mamba num: 283, mamba usage: 0.61, cuda graph: True, gen throughput (token/s): 10313.16, #queue-req: 28
[36m(SGLangEngine pid=60897)[0m [2026-08-06 06:24:10] INFO:     172.25.0.2:43622 - "POST /generate HTTP/1.1" 200 OK
[36m(SGLangEngine pid=60897)[0m [2026-08-06 06:24:10] Decode batch, #running-req: 92, #full token: 206542, full token usage: 0.26, mamba num: 283, mamba usage: 0.61, cuda graph: True, gen throughput (token/s): 10027.90, #queue-req: 28
[36m(SGLangEngine pid=60897)[0m [2026-08-06 06:24:10] Prefill batch, #new-seq: 1, #new-token: 3, #cached-token: 320, full token usage: 0.25, mamba usage: 0.61, #running-req: 91, #queue-req: 27, #pending-token: 8702, cuda graph: False, input throughput (token/s): 2.36
[36m(SGLangEngine pid=60897)[0m [2026-08-06 06:24:10] Decode batch, #running-req: 92, #full token: 207848, full token usage: 0.26, mamba num: 283, mamba usage: 0.61, cuda graph: True, gen throughput (token/s): 8807.14, #queue-req: 27
[36m(SGLangEngine pid=60897)[0m [2026-08-06 06:24:10] INFO:     172.25.0.2:43564 - "POST /generate HTTP/1.1" 200 OK
[36m(SGLangEngine pid=60897)[0m [2026-08-06 06:24:10] Prefill batch, #new-seq: 1, #new-token: 3, #cached-token: 320, full token usage: 0.25, mamba usage: 0.61, #running-req: 91, #queue-req: 26, #pending-token: 8379, cuda graph: False, input throughput (token/s): 6.97
[36m(SGLangEngine pid=60897)[0m [2026-08-06 06:24:10] Decode batch, #running-req: 92, #full token: 209113, full token usage: 0.26, mamba num: 283, mamba usage: 0.61, cuda graph: True, gen throughput (token/s): 8932.95, #queue-req: 26
[36m(SGLangEngine pid=60897)[0m [2026-08-06 06:24:11] INFO:     172.25.0.2:43712 - "POST /generate HTTP/1.1" 200 OK
[36m(SGLangEngine pid=60897)[0m [2026-08-06 06:24:11] Decode batch, #running-req: 92, #full token: 212793, full token usage: 0.26, mamba num: 283, mamba usage: 0.61, cuda graph: True, gen throughput (token/s): 10185.92, #queue-req: 26
[36m(SGLangEngine pid=60897)[0m [2026-08-06 06:24:11] INFO:     172.25.0.2:43448 - "POST /generate HTTP/1.1" 200 OK
[36m(SGLangEngine pid=60897)[0m [2026-08-06 06:24:11] Prefill batch, #new-seq: 1, #new-token: 3, #cached-token: 320, full token usage: 0.26, mamba usage: 0.61, #running-req: 91, #queue-req: 25, #pending-token: 8056, cuda graph: False, input throughput (token/s): 3.81
[36m(SGLangEngine pid=60897)[0m [2026-08-06 06:24:11] Prefill batch, #new-seq: 1, #new-token: 3, #cached-token: 320, full token usage: 0.26, mamba usage: 0.61, #running-req: 91, #queue-req: 24, #pending-token: 7733, cuda graph: False, input throughput (token/s): 28.72
[36m(SGLangEngine pid=60897)[0m [2026-08-06 06:24:11] INFO:     172.25.0.2:43292 - "POST /generate HTTP/1.1" 200 OK
[36m(SGLangEngine pid=60897)[0m [2026-08-06 06:24:11] Prefill batch, #new-seq: 1, #new-token: 3, #cached-token: 320, full token usage: 0.26, mamba usage: 0.61, #running-req: 91, #queue-req: 23, #pending-token: 7410, cuda graph: False, input throughput (token/s): 14.97
[36m(SGLangEngine pid=60897)[0m [2026-08-06 06:24:11] Decode batch, #running-req: 92, #full token: 208893, full token usage: 0.26, mamba num: 283, mamba usage: 0.61, cuda graph: True, gen throughput (token/s): 7938.23, #queue-req: 23
[36m(SGLangEngine pid=60897)[0m [2026-08-06 06:24:12] INFO:     172.25.0.2:43600 - "POST /generate HTTP/1.1" 200 OK
[36m(SGLangEngine pid=60897)[0m [2026-08-06 06:24:12] Prefill batch, #new-seq: 1, #new-token: 3, #cached-token: 320, full token usage: 0.26, mamba usage: 0.61, #running-req: 91, #queue-req: 22, #pending-token: 7087, cuda graph: False, input throughput (token/s): 7.18
[36m(SGLangEngine pid=60897)[0m [2026-08-06 06:24:12] Decode batch, #running-req: 92, #full token: 210008, full token usage: 0.26, mamba num: 283, mamba usage: 0.61, cuda graph: True, gen throughput (token/s): 9195.78, #queue-req: 22
[36m(SGLangEngine pid=60897)[0m [2026-08-06 06:24:12] Decode batch, #running-req: 92, #full token: 213688, full token usage: 0.26, mamba num: 283, mamba usage: 0.61, cuda graph: True, gen throughput (token/s): 9897.98, #queue-req: 22
[36m(SGLangEngine pid=60897)[0m [2026-08-06 06:24:12] Decode batch, #running-req: 92, #full token: 217368, full token usage: 0.27, mamba num: 283, mamba usage: 0.61, cuda graph: True, gen throughput (token/s): 9756.16, #queue-req: 22
[36m(SGLangEngine pid=60897)[0m [2026-08-06 06:24:13] INFO:     172.25.0.2:43602 - "POST /generate HTTP/1.1" 200 OK
[36m(SGLangEngine pid=60897)[0m [2026-08-06 06:24:13] Prefill batch, #new-seq: 1, #new-token: 3, #cached-token: 320, full token usage: 0.27, mamba usage: 0.61, #running-req: 91, #queue-req: 21, #pending-token: 6764, cuda graph: False, input throughput (token/s): 2.43
[36m(SGLangEngine pid=60897)[0m [2026-08-06 06:24:13] Decode batch, #running-req: 92, #full token: 218358, full token usage: 0.27, mamba num: 283, mamba usage: 0.61, cuda graph: True, gen throughput (token/s): 8384.17, #queue-req: 21
[36m(SGLangEngine pid=60897)[0m [2026-08-06 06:24:13] Decode batch, #running-req: 92, #full token: 222038, full token usage: 0.27, mamba num: 283, mamba usage: 0.61, cuda graph: True, gen throughput (token/s): 9925.27, #queue-req: 21
[36m(SGLangEngine pid=60897)[0m [2026-08-06 06:24:14] Decode batch, #running-req: 92, #full token: 225718, full token usage: 0.28, mamba num: 283, mamba usage: 0.61, cuda graph: True, gen throughput (token/s): 9601.93, #queue-req: 21
[36m(SGLangEngine pid=60897)[0m [2026-08-06 06:24:14] Decode batch, #running-req: 92, #full token: 229398, full token usage: 0.28, mamba num: 283, mamba usage: 0.61, cuda graph: True, gen throughput (token/s): 9807.03, #queue-req: 21
[36m(SGLangEngine pid=60897)[0m [2026-08-06 06:24:14] Decode batch, #running-req: 92, #full token: 233078, full token usage: 0.29, mamba num: 283, mamba usage: 0.61, cuda graph: True, gen throughput (token/s): 9789.44, #queue-req: 21
[36m(SGLangEngine pid=60897)[0m [2026-08-06 06:24:15] INFO:     172.25.0.2:43366 - "POST /generate HTTP/1.1" 200 OK
[36m(SGLangEngine pid=60897)[0m [2026-08-06 06:24:15] Decode batch, #running-req: 91, #full token: 233757, full token usage: 0.29, mamba num: 283, mamba usage: 0.61, cuda graph: True, gen throughput (token/s): 8750.32, #queue-req: 20
[36m(SGLangEngine pid=60897)[0m [2026-08-06 06:24:15] Prefill batch, #new-seq: 1, #new-token: 3, #cached-token: 320, full token usage: 0.29, mamba usage: 0.61, #running-req: 91, #queue-req: 20, #pending-token: 6441, cuda graph: False, input throughput (token/s): 1.55
[36m(SGLangEngine pid=60897)[0m [2026-08-06 06:24:15] Decode batch, #running-req: 92, #full token: 237529, full token usage: 0.29, mamba num: 283, mamba usage: 0.61, cuda graph: True, gen throughput (token/s): 9086.37, #queue-req: 20
[36m(SGLangEngine pid=60897)[0m [2026-08-06 06:24:15] INFO:     172.25.0.2:43372 - "POST /generate HTTP/1.1" 200 OK
[36m(SGLangEngine pid=60897)[0m [2026-08-06 06:24:15] Prefill batch, #new-seq: 1, #new-token: 3, #cached-token: 320, full token usage: 0.29, mamba usage: 0.61, #running-req: 91, #queue-req: 19, #pending-token: 6118, cuda graph: False, input throughput (token/s): 4.05
[36m(SGLangEngine pid=60897)[0m [2026-08-06 06:24:16] Decode batch, #running-req: 92, #full token: 238229, full token usage: 0.29, mamba num: 283, mamba usage: 0.61, cuda graph: True, gen throughput (token/s): 8646.94, #queue-req: 19
[36m(SGLangEngine pid=60897)[0m [2026-08-06 06:24:16] INFO:     172.25.0.2:43528 - "POST /generate HTTP/1.1" 200 OK
[36m(SGLangEngine pid=60897)[0m [2026-08-06 06:24:16] Prefill batch, #new-seq: 1, #new-token: 3, #cached-token: 320, full token usage: 0.29, mamba usage: 0.61, #running-req: 91, #queue-req: 18, #pending-token: 5795, cuda graph: False, input throughput (token/s): 8.17
[36m(SGLangEngine pid=60897)[0m [2026-08-06 06:24:16] Decode batch, #running-req: 92, #full token: 238912, full token usage: 0.30, mamba num: 283, mamba usage: 0.61, cuda graph: True, gen throughput (token/s): 8893.55, #queue-req: 18
[36m(SGLangEngine pid=60897)[0m [2026-08-06 06:24:16] Decode batch, #running-req: 92, #full token: 242592, full token usage: 0.30, mamba num: 283, mamba usage: 0.61, cuda graph: True, gen throughput (token/s): 9529.23, #queue-req: 18
[36m(SGLangEngine pid=60897)[0m [2026-08-06 06:24:17] Decode batch, #running-req: 92, #full token: 246272, full token usage: 0.30, mamba num: 283, mamba usage: 0.61, cuda graph: True, gen throughput (token/s): 9520.14, #queue-req: 18
[36m(SGLangEngine pid=60897)[0m [2026-08-06 06:24:17] Decode batch, #running-req: 92, #full token: 249952, full token usage: 0.31, mamba num: 283, mamba usage: 0.61, cuda graph: True, gen throughput (token/s): 9495.16, #queue-req: 18
[36m(SGLangEngine pid=60897)[0m [2026-08-06 06:24:18] Decode batch, #running-req: 92, #full token: 253632, full token usage: 0.31, mamba num: 283, mamba usage: 0.61, cuda graph: True, gen throughput (token/s): 9079.12, #queue-req: 18
[36m(SGLangEngine pid=60897)[0m [2026-08-06 06:24:18] INFO:     172.25.0.2:44064 - "POST /generate HTTP/1.1" 200 OK
[36m(SGLangEngine pid=60897)[0m [2026-08-06 06:24:18] Prefill batch, #new-seq: 1, #new-token: 3, #cached-token: 320, full token usage: 0.31, mamba usage: 0.61, #running-req: 91, #queue-req: 17, #pending-token: 5472, cuda graph: False, input throughput (token/s): 1.48
[36m(SGLangEngine pid=60897)[0m [2026-08-06 06:24:18] Decode batch, #running-req: 92, #full token: 255690, full token usage: 0.32, mamba num: 283, mamba usage: 0.61, cuda graph: True, gen throughput (token/s): 8141.78, #queue-req: 17
[36m(SGLangEngine pid=60897)[0m [2026-08-06 06:24:18] Decode batch, #running-req: 92, #full token: 259370, full token usage: 0.32, mamba num: 283, mamba usage: 0.61, cuda graph: True, gen throughput (token/s): 9510.30, #queue-req: 17
[36m(SGLangEngine pid=60897)[0m [2026-08-06 06:24:19] INFO:     172.25.0.2:43426 - "POST /generate HTTP/1.1" 200 OK
[36m(SGLangEngine pid=60897)[0m [2026-08-06 06:24:19] Prefill batch, #new-seq: 1, #new-token: 332, #cached-token: 0, full token usage: 0.32, mamba usage: 0.61, #running-req: 91, #queue-req: 16, #pending-token: 5140, cuda graph: False, input throughput (token/s): 458.44
[36m(SGLangEngine pid=60897)[0m [2026-08-06 06:24:19] Decode batch, #running-req: 92, #full token: 259827, full token usage: 0.32, mamba num: 284, mamba usage: 0.61, cuda graph: True, gen throughput (token/s): 8573.24, #queue-req: 16
[36m(SGLangEngine pid=60897)[0m [2026-08-06 06:24:19] Decode batch, #running-req: 92, #full token: 263507, full token usage: 0.33, mamba num: 284, mamba usage: 0.61, cuda graph: True, gen throughput (token/s): 9539.51, #queue-req: 16
[36m(SGLangEngine pid=60897)[0m [2026-08-06 06:24:19] INFO:     172.25.0.2:43458 - "POST /generate HTTP/1.1" 200 OK
[36m(SGLangEngine pid=60897)[0m [2026-08-06 06:24:19] Prefill batch, #new-seq: 1, #new-token: 76, #cached-token: 256, full token usage: 0.32, mamba usage: 0.62, #running-req: 91, #queue-req: 15, #pending-token: 4808, cuda graph: False, input throughput (token/s): 87.51
[36m(SGLangEngine pid=60897)[0m [2026-08-06 06:24:20] Decode batch, #running-req: 92, #full token: 263827, full token usage: 0.33, mamba num: 285, mamba usage: 0.62, cuda graph: True, gen throughput (token/s): 8534.57, #queue-req: 15
[36m(SGLangEngine pid=60897)[0m [2026-08-06 06:24:20] Decode batch, #running-req: 92, #full token: 267507, full token usage: 0.33, mamba num: 285, mamba usage: 0.62, cuda graph: True, gen throughput (token/s): 8919.21, #queue-req: 15
[36m(SGLangEngine pid=60897)[0m [2026-08-06 06:24:20] Decode batch, #running-req: 92, #full token: 271187, full token usage: 0.34, mamba num: 285, mamba usage: 0.62, cuda graph: True, gen throughput (token/s): 8719.76, #queue-req: 15
[36m(SGLangEngine pid=60897)[0m [2026-08-06 06:24:21] Decode batch, #running-req: 92, #full token: 274867, full token usage: 0.34, mamba num: 285, mamba usage: 0.62, cuda graph: True, gen throughput (token/s): 9135.34, #queue-req: 15
[36m(SGLangEngine pid=60897)[0m [2026-08-06 06:24:21] INFO:     172.25.0.2:43296 - "POST /generate HTTP/1.1" 200 OK
[36m(SGLangEngine pid=60897)[0m [2026-08-06 06:24:21] Prefill batch, #new-seq: 1, #new-token: 12, #cached-token: 320, full token usage: 0.34, mamba usage: 0.62, #running-req: 91, #queue-req: 14, #pending-token: 4476, cuda graph: False, input throughput (token/s): 6.69
[36m(SGLangEngine pid=60897)[0m [2026-08-06 06:24:21] Decode batch, #running-req: 92, #full token: 275011, full token usage: 0.34, mamba num: 285, mamba usage: 0.62, cuda graph: True, gen throughput (token/s): 8579.96, #queue-req: 14
[36m(SGLangEngine pid=60897)[0m [2026-08-06 06:24:21] INFO:     172.25.0.2:44134 - "POST /generate HTTP/1.1" 200 OK
[36m(SGLangEngine pid=60897)[0m [2026-08-06 06:24:21] INFO:     172.25.0.2:43388 - "POST /generate HTTP/1.1" 200 OK
[36m(SGLangEngine pid=60897)[0m [2026-08-06 06:24:22] Prefill batch, #new-seq: 1, #new-token: 12, #cached-token: 320, full token usage: 0.34, mamba usage: 0.61, #running-req: 91, #queue-req: 13, #pending-token: 4144, cuda graph: False, input throughput (token/s): 41.84
[36m(SGLangEngine pid=60897)[0m [2026-08-06 06:24:22] Prefill batch, #new-seq: 1, #new-token: 12, #cached-token: 320, full token usage: 0.34, mamba usage: 0.62, #running-req: 91, #queue-req: 12, #pending-token: 3812, cuda graph: False, input throughput (token/s): 282.98
[36m(SGLangEngine pid=60897)[0m [2026-08-06 06:24:22] INFO:     172.25.0.2:43360 - "POST /generate HTTP/1.1" 200 OK
[36m(SGLangEngine pid=60897)[0m [2026-08-06 06:24:22] Prefill batch, #new-seq: 1, #new-token: 12, #cached-token: 320, full token usage: 0.33, mamba usage: 0.62, #running-req: 91, #queue-req: 11, #pending-token: 3480, cuda graph: False, input throughput (token/s): 67.62
[36m(SGLangEngine pid=60897)[0m [2026-08-06 06:24:22] Decode batch, #running-req: 92, #full token: 270506, full token usage: 0.33, mamba num: 285, mamba usage: 0.62, cuda graph: True, gen throughput (token/s): 7391.62, #queue-req: 11
[36m(SGLangEngine pid=60897)[0m [2026-08-06 06:24:22] Decode batch, #running-req: 92, #full token: 274186, full token usage: 0.34, mamba num: 285, mamba usage: 0.62, cuda graph: True, gen throughput (token/s): 9180.75, #queue-req: 11
[36m(SGLangEngine pid=60897)[0m [2026-08-06 06:24:23] INFO:     172.25.0.2:43686 - "POST /generate HTTP/1.1" 200 OK
[36m(SGLangEngine pid=60897)[0m [2026-08-06 06:24:23] Prefill batch, #new-seq: 1, #new-token: 12, #cached-token: 320, full token usage: 0.34, mamba usage: 0.62, #running-req: 91, #queue-req: 10, #pending-token: 3148, cuda graph: False, input throughput (token/s): 14.10
[36m(SGLangEngine pid=60897)[0m [2026-08-06 06:24:23] Decode batch, #running-req: 92, #full token: 274216, full token usage: 0.34, mamba num: 285, mamba usage: 0.62, cuda graph: True, gen throughput (token/s): 8346.77, #queue-req: 10
[36m(SGLangEngine pid=60897)[0m [2026-08-06 06:24:23] Decode batch, #running-req: 92, #full token: 277896, full token usage: 0.34, mamba num: 285, mamba usage: 0.62, cuda graph: True, gen throughput (token/s): 8747.52, #queue-req: 10
[36m(SGLangEngine pid=60897)[0m [2026-08-06 06:24:23] INFO:     172.25.0.2:43768 - "POST /generate HTTP/1.1" 200 OK
[36m(SGLangEngine pid=60897)[0m [2026-08-06 06:24:23] Prefill batch, #new-seq: 1, #new-token: 12, #cached-token: 320, full token usage: 0.34, mamba usage: 0.62, #running-req: 91, #queue-req: 9, #pending-token: 2816, cuda graph: False, input throughput (token/s): 20.09
[36m(SGLangEngine pid=60897)[0m [2026-08-06 06:24:23] Decode batch, #running-req: 92, #full token: 277873, full token usage: 0.34, mamba num: 285, mamba usage: 0.62, cuda graph: True, gen throughput (token/s): 8031.31, #queue-req: 9
[36m(SGLangEngine pid=60897)[0m [2026-08-06 06:24:24] INFO:     172.25.0.2:43612 - "POST /generate HTTP/1.1" 200 OK
[36m(SGLangEngine pid=60897)[0m [2026-08-06 06:24:24] Decode batch, #running-req: 92, #full token: 277778, full token usage: 0.34, mamba num: 282, mamba usage: 0.61, cuda graph: True, gen throughput (token/s): 8994.69, #queue-req: 9
[36m(SGLangEngine pid=60897)[0m [2026-08-06 06:24:24] Prefill batch, #new-seq: 1, #new-token: 12, #cached-token: 320, full token usage: 0.34, mamba usage: 0.62, #running-req: 91, #queue-req: 8, #pending-token: 2484, cuda graph: False, input throughput (token/s): 15.75
[36m(SGLangEngine pid=60897)[0m [2026-08-06 06:24:24] INFO:     172.25.0.2:43374 - "POST /generate HTTP/1.1" 200 OK
[36m(SGLangEngine pid=60897)[0m [2026-08-06 06:24:24] Prefill batch, #new-seq: 1, #new-token: 12, #cached-token: 320, full token usage: 0.34, mamba usage: 0.62, #running-req: 91, #queue-req: 7, #pending-token: 2152, cuda graph: False, input throughput (token/s): 56.93
[36m(SGLangEngine pid=60897)[0m [2026-08-06 06:24:24] INFO:     172.25.0.2:44062 - "POST /generate HTTP/1.1" 200 OK
[36m(SGLangEngine pid=60897)[0m [2026-08-06 06:24:24] Prefill batch, #new-seq: 1, #new-token: 12, #cached-token: 320, full token usage: 0.34, mamba usage: 0.62, #running-req: 91, #queue-req: 6, #pending-token: 1820, cuda graph: False, input throughput (token/s): 54.43
[36m(SGLangEngine pid=60897)[0m [2026-08-06 06:24:24] Decode batch, #running-req: 92, #full token: 275412, full token usage: 0.34, mamba num: 285, mamba usage: 0.62, cuda graph: True, gen throughput (token/s): 7320.05, #queue-req: 6
[36m(SGLangEngine pid=60897)[0m [2026-08-06 06:24:25] INFO:     172.25.0.2:43352 - "POST /generate HTTP/1.1" 200 OK
[36m(SGLangEngine pid=60897)[0m [2026-08-06 06:24:25] Prefill batch, #new-seq: 1, #new-token: 12, #cached-token: 320, full token usage: 0.34, mamba usage: 0.62, #running-req: 91, #queue-req: 5, #pending-token: 1488, cuda graph: False, input throughput (token/s): 36.22
[36m(SGLangEngine pid=60897)[0m [2026-08-06 06:24:25] INFO:     172.25.0.2:44142 - "POST /generate HTTP/1.1" 200 OK
[36m(SGLangEngine pid=60897)[0m [2026-08-06 06:24:25] Prefill batch, #new-seq: 1, #new-token: 12, #cached-token: 320, full token usage: 0.34, mamba usage: 0.62, #running-req: 91, #queue-req: 4, #pending-token: 1156, cuda graph: False, input throughput (token/s): 86.27
[36m(SGLangEngine pid=60897)[0m [2026-08-06 06:24:25] Decode batch, #running-req: 92, #full token: 273907, full token usage: 0.34, mamba num: 285, mamba usage: 0.62, cuda graph: True, gen throughput (token/s): 7980.14, #queue-req: 4
[36m(SGLangEngine pid=60897)[0m [2026-08-06 06:24:25] Decode batch, #running-req: 92, #full token: 277587, full token usage: 0.34, mamba num: 285, mamba usage: 0.62, cuda graph: True, gen throughput (token/s): 9153.49, #queue-req: 4
[36m(SGLangEngine pid=60897)[0m [2026-08-06 06:24:26] Decode batch, #running-req: 92, #full token: 281267, full token usage: 0.35, mamba num: 285, mamba usage: 0.62, cuda graph: True, gen throughput (token/s): 8968.59, #queue-req: 4
[36m(SGLangEngine pid=60897)[0m [2026-08-06 06:24:26] INFO:     172.25.0.2:43578 - "POST /generate HTTP/1.1" 200 OK
[36m(SGLangEngine pid=60897)[0m [2026-08-06 06:24:26] Prefill batch, #new-seq: 1, #new-token: 12, #cached-token: 320, full token usage: 0.35, mamba usage: 0.62, #running-req: 91, #queue-req: 3, #pending-token: 824, cuda graph: False, input throughput (token/s): 10.85
[36m(SGLangEngine pid=60897)[0m [2026-08-06 06:24:26] INFO:     172.25.0.2:44076 - "POST /generate HTTP/1.1" 200 OK
[36m(SGLangEngine pid=60897)[0m [2026-08-06 06:24:26] Decode batch, #running-req: 92, #full token: 281002, full token usage: 0.35, mamba num: 285, mamba usage: 0.62, cuda graph: True, gen throughput (token/s): 7670.60, #queue-req: 3
[36m(SGLangEngine pid=60897)[0m [2026-08-06 06:24:26] INFO:     172.25.0.2:43330 - "POST /generate HTTP/1.1" 200 OK
[36m(SGLangEngine pid=60897)[0m [2026-08-06 06:24:26] Prefill batch, #new-seq: 1, #new-token: 12, #cached-token: 320, full token usage: 0.35, mamba usage: 0.62, #running-req: 91, #queue-req: 2, #pending-token: 492, cuda graph: False, input throughput (token/s): 35.00
[36m(SGLangEngine pid=60897)[0m [2026-08-06 06:24:26] Prefill batch, #new-seq: 1, #new-token: 12, #cached-token: 320, full token usage: 0.34, mamba usage: 0.62, #running-req: 91, #queue-req: 1, #pending-token: 160, cuda graph: False, input throughput (token/s): 194.70
[36m(SGLangEngine pid=60897)[0m [2026-08-06 06:24:27] Decode batch, #running-req: 92, #full token: 278682, full token usage: 0.34, mamba num: 285, mamba usage: 0.62, cuda graph: True, gen throughput (token/s): 7902.05, #queue-req: 1
[36m(SGLangEngine pid=60897)[0m [2026-08-06 06:24:27] Decode batch, #running-req: 92, #full token: 282362, full token usage: 0.35, mamba num: 285, mamba usage: 0.62, cuda graph: True, gen throughput (token/s): 8915.46, #queue-req: 1
[36m(SGLangEngine pid=60897)[0m [2026-08-06 06:24:27] INFO:     172.25.0.2:43488 - "POST /generate HTTP/1.1" 200 OK
[36m(SGLangEngine pid=60897)[0m [2026-08-06 06:24:27] Prefill batch, #new-seq: 1, #new-token: 32, #cached-token: 128, full token usage: 0.35, mamba usage: 0.62, #running-req: 91, #queue-req: 0, #pending-token: 0, cuda graph: False, input throughput (token/s): 31.62
[36m(SGLangEngine pid=60897)[0m [2026-08-06 06:24:27] Decode batch, #running-req: 92, #full token: 281961, full token usage: 0.35, mamba num: 285, mamba usage: 0.62, cuda graph: True, gen throughput (token/s): 8693.83, #queue-req: 0
[36m(SGLangEngine pid=60897)[0m [2026-08-06 06:24:28] INFO:     172.25.0.2:43308 - "POST /generate HTTP/1.1" 200 OK
[36m(SGLangEngine pid=60897)[0m [2026-08-06 06:24:28] INFO:     172.25.0.2:43322 - "POST /generate HTTP/1.1" 200 OK
[36m(SGLangEngine pid=60897)[0m [2026-08-06 06:24:28] INFO:     172.25.0.2:43326 - "POST /generate HTTP/1.1" 200 OK
[36m(SGLangEngine pid=60897)[0m [2026-08-06 06:24:28] INFO:     172.25.0.2:43328 - "POST /generate HTTP/1.1" 200 OK
[36m(SGLangEngine pid=60897)[0m [2026-08-06 06:24:28] INFO:     172.25.0.2:43404 - "POST /generate HTTP/1.1" 200 OK
[36m(SGLangEngine pid=60897)[0m [2026-08-06 06:24:28] INFO:     172.25.0.2:43420 - "POST /generate HTTP/1.1" 200 OK
[36m(SGLangEngine pid=60897)[0m [2026-08-06 06:24:28] INFO:     172.25.0.2:43422 - "POST /generate HTTP/1.1" 200 OK
[36m(SGLangEngine pid=60897)[0m [2026-08-06 06:24:28] INFO:     172.25.0.2:43434 - "POST /generate HTTP/1.1" 200 OK
[36m(SGLangEngine pid=60897)[0m [2026-08-06 06:24:28] INFO:     172.25.0.2:43470 - "POST /generate HTTP/1.1" 200 OK
[36m(SGLangEngine pid=60897)[0m [2026-08-06 06:24:28] INFO:     172.25.0.2:43482 - "POST /generate HTTP/1.1" 200 OK
[36m(SGLangEngine pid=60897)[0m [2026-08-06 06:24:28] INFO:     172.25.0.2:43492 - "POST /generate HTTP/1.1" 200 OK
[36m(SGLangEngine pid=60897)[0m [2026-08-06 06:24:28] INFO:     172.25.0.2:43502 - "POST /generate HTTP/1.1" 200 OK
[36m(SGLangEngine pid=60897)[0m [2026-08-06 06:24:28] INFO:     172.25.0.2:43514 - "POST /generate HTTP/1.1" 200 OK
[36m(SGLangEngine pid=60897)[0m [2026-08-06 06:24:28] INFO:     172.25.0.2:43510 - "POST /generate HTTP/1.1" 200 OK
[36m(SGLangEngine pid=60897)[0m [2026-08-06 06:24:28] INFO:     172.25.0.2:43516 - "POST /generate HTTP/1.1" 200 OK
[36m(SGLangEngine pid=60897)[0m [2026-08-06 06:24:28] INFO:     172.25.0.2:43524 - "POST /generate HTTP/1.1" 200 OK
[36m(SGLangEngine pid=60897)[0m [2026-08-06 06:24:28] INFO:     172.25.0.2:43530 - "POST /generate HTTP/1.1" 200 OK
[36m(SGLangEngine pid=60897)[0m [2026-08-06 06:24:28] INFO:     172.25.0.2:43586 - "POST /generate HTTP/1.1" 200 OK
[36m(SGLangEngine pid=60897)[0m [2026-08-06 06:24:28] INFO:     172.25.0.2:43630 - "POST /generate HTTP/1.1" 200 OK
[36m(SGLangEngine pid=60897)[0m [2026-08-06 06:24:28] INFO:     172.25.0.2:43642 - "POST /generate HTTP/1.1" 200 OK
[36m(SGLangEngine pid=60897)[0m [2026-08-06 06:24:28] INFO:     172.25.0.2:43658 - "POST /generate HTTP/1.1" 200 OK
[36m(SGLangEngine pid=60897)[0m [2026-08-06 06:24:28] INFO:     172.25.0.2:43666 - "POST /generate HTTP/1.1" 200 OK
[36m(SGLangEngine pid=60897)[0m [2026-08-06 06:24:28] INFO:     172.25.0.2:43680 - "POST /generate HTTP/1.1" 200 OK
[36m(SGLangEngine pid=60897)[0m [2026-08-06 06:24:28] INFO:     172.25.0.2:43694 - "POST /generate HTTP/1.1" 200 OK
[36m(SGLangEngine pid=60897)[0m [2026-08-06 06:24:28] INFO:     172.25.0.2:43696 - "POST /generate HTTP/1.1" 200 OK
[36m(SGLangEngine pid=60897)[0m [2026-08-06 06:24:28] INFO:     172.25.0.2:43718 - "POST /generate HTTP/1.1" 200 OK
[36m(SGLangEngine pid=60897)[0m [2026-08-06 06:24:28] INFO:     172.25.0.2:43732 - "POST /generate HTTP/1.1" 200 OK
[36m(SGLangEngine pid=60897)[0m [2026-08-06 06:24:28] INFO:     172.25.0.2:43734 - "POST /generate HTTP/1.1" 200 OK
[36m(SGLangEngine pid=60897)[0m [2026-08-06 06:24:28] INFO:     172.25.0.2:43742 - "POST /generate HTTP/1.1" 200 OK
[36m(SGLangEngine pid=60897)[0m [2026-08-06 06:24:28] INFO:     172.25.0.2:43746 - "POST /generate HTTP/1.1" 200 OK
[36m(SGLangEngine pid=60897)[0m [2026-08-06 06:24:28] INFO:     172.25.0.2:43762 - "POST /generate HTTP/1.1" 200 OK
[36m(SGLangEngine pid=60897)[0m [2026-08-06 06:24:28] INFO:     172.25.0.2:43764 - "POST /generate HTTP/1.1" 200 OK
[36m(SGLangEngine pid=60897)[0m [2026-08-06 06:24:28] INFO:     172.25.0.2:43778 - "POST /generate HTTP/1.1" 200 OK
[36m(SGLangEngine pid=60897)[0m [2026-08-06 06:24:28] INFO:     172.25.0.2:43784 - "POST /generate HTTP/1.1" 200 OK
[36m(SGLangEngine pid=60897)[0m [2026-08-06 06:24:28] INFO:     172.25.0.2:43798 - "POST /generate HTTP/1.1" 200 OK
[36m(SGLangEngine pid=60897)[0m [2026-08-06 06:24:28] INFO:     172.25.0.2:43800 - "POST /generate HTTP/1.1" 200 OK
[36m(SGLangEngine pid=60897)[0m [2026-08-06 06:24:28] INFO:     172.25.0.2:43804 - "POST /generate HTTP/1.1" 200 OK
[36m(SGLangEngine pid=60897)[0m [2026-08-06 06:24:28] INFO:     172.25.0.2:43808 - "POST /generate HTTP/1.1" 200 OK
[36m(SGLangEngine pid=60897)[0m [2026-08-06 06:24:28] INFO:     172.25.0.2:43822 - "POST /generate HTTP/1.1" 200 OK
[36m(SGLangEngine pid=60897)[0m [2026-08-06 06:24:28] INFO:     172.25.0.2:43832 - "POST /generate HTTP/1.1" 200 OK
[36m(SGLangEngine pid=60897)[0m [2026-08-06 06:24:28] INFO:     172.25.0.2:43848 - "POST /generate HTTP/1.1" 200 OK
[36m(SGLangEngine pid=60897)[0m [2026-08-06 06:24:28] INFO:     172.25.0.2:43864 - "POST /generate HTTP/1.1" 200 OK
[36m(SGLangEngine pid=60897)[0m [2026-08-06 06:24:28] INFO:     172.25.0.2:43878 - "POST /generate HTTP/1.1" 200 OK
[36m(SGLangEngine pid=60897)[0m [2026-08-06 06:24:28] INFO:     172.25.0.2:43884 - "POST /generate HTTP/1.1" 200 OK
[36m(SGLangEngine pid=60897)[0m [2026-08-06 06:24:28] INFO:     172.25.0.2:43900 - "POST /generate HTTP/1.1" 200 OK
[36m(SGLangEngine pid=60897)[0m [2026-08-06 06:24:28] INFO:     172.25.0.2:43906 - "POST /generate HTTP/1.1" 200 OK
[36m(SGLangEngine pid=60897)[0m [2026-08-06 06:24:28] INFO:     172.25.0.2:43916 - "POST /generate HTTP/1.1" 200 OK
[36m(SGLangEngine pid=60897)[0m [2026-08-06 06:24:28] INFO:     172.25.0.2:43918 - "POST /generate HTTP/1.1" 200 OK
[36m(SGLangEngine pid=60897)[0m [2026-08-06 06:24:28] INFO:     172.25.0.2:43934 - "POST /generate HTTP/1.1" 200 OK
[36m(SGLangEngine pid=60897)[0m [2026-08-06 06:24:28] INFO:     172.25.0.2:43940 - "POST /generate HTTP/1.1" 200 OK
[36m(SGLangEngine pid=60897)[0m [2026-08-06 06:24:28] INFO:     172.25.0.2:43950 - "POST /generate HTTP/1.1" 200 OK
[36m(SGLangEngine pid=60897)[0m [2026-08-06 06:24:28] INFO:     172.25.0.2:43954 - "POST /generate HTTP/1.1" 200 OK
[36m(SGLangEngine pid=60897)[0m [2026-08-06 06:24:28] INFO:     172.25.0.2:43966 - "POST /generate HTTP/1.1" 200 OK
[36m(SGLangEngine pid=60897)[0m [2026-08-06 06:24:28] INFO:     172.25.0.2:43968 - "POST /generate HTTP/1.1" 200 OK
[36m(SGLangEngine pid=60897)[0m [2026-08-06 06:24:28] INFO:     172.25.0.2:43984 - "POST /generate HTTP/1.1" 200 OK
[36m(SGLangEngine pid=60897)[0m [2026-08-06 06:24:28] INFO:     172.25.0.2:43986 - "POST /generate HTTP/1.1" 200 OK
[36m(SGLangEngine pid=60897)[0m [2026-08-06 06:24:28] INFO:     172.25.0.2:43992 - "POST /generate HTTP/1.1" 200 OK
[36m(SGLangEngine pid=60897)[0m [2026-08-06 06:24:28] INFO:     172.25.0.2:43998 - "POST /generate HTTP/1.1" 200 OK
[36m(SGLangEngine pid=60897)[0m [2026-08-06 06:24:28] INFO:     172.25.0.2:44004 - "POST /generate HTTP/1.1" 200 OK
[36m(SGLangEngine pid=60897)[0m [2026-08-06 06:24:28] INFO:     172.25.0.2:44012 - "POST /generate HTTP/1.1" 200 OK
[36m(SGLangEngine pid=60897)[0m [2026-08-06 06:24:28] INFO:     172.25.0.2:44172 - "POST /generate HTTP/1.1" 200 OK
[36m(SGLangEngine pid=60897)[0m [2026-08-06 06:24:28] Decode batch, #running-req: 31, #full token: 35012, full token usage: 0.04, mamba num: 98, mamba usage: 0.21, cuda graph: True, gen throughput (token/s): 7147.71, #queue-req: 0
[36m(SGLangEngine pid=60897)[0m [2026-08-06 06:24:28] Decode batch, #running-req: 31, #full token: 36252, full token usage: 0.04, mamba num: 98, mamba usage: 0.21, cuda graph: True, gen throughput (token/s): 4947.85, #queue-req: 0
[36m(SGLangEngine pid=60897)[0m [2026-08-06 06:24:28] Decode batch, #running-req: 31, #full token: 37492, full token usage: 0.05, mamba num: 98, mamba usage: 0.21, cuda graph: True, gen throughput (token/s): 5406.46, #queue-req: 0
[36m(SGLangEngine pid=60897)[0m [2026-08-06 06:24:29] Decode batch, #running-req: 31, #full token: 38732, full token usage: 0.05, mamba num: 98, mamba usage: 0.21, cuda graph: True, gen throughput (token/s): 5017.89, #queue-req: 0
[36m(SGLangEngine pid=60897)[0m [2026-08-06 06:24:29] Decode batch, #running-req: 31, #full token: 39972, full token usage: 0.05, mamba num: 98, mamba usage: 0.21, cuda graph: True, gen throughput (token/s): 5260.83, #queue-req: 0
[36m(SGLangEngine pid=60897)[0m [2026-08-06 06:24:29] Decode batch, #running-req: 31, #full token: 41212, full token usage: 0.05, mamba num: 98, mamba usage: 0.21, cuda graph: True, gen throughput (token/s): 5659.62, #queue-req: 0
[36m(SGLangEngine pid=60897)[0m [2026-08-06 06:24:29] INFO:     172.25.0.2:44086 - "POST /generate HTTP/1.1" 200 OK
[36m(SGLangEngine pid=60897)[0m [2026-08-06 06:24:29] Decode batch, #running-req: 30, #full token: 40208, full token usage: 0.05, mamba num: 95, mamba usage: 0.21, cuda graph: True, gen throughput (token/s): 5623.21, #queue-req: 0
[36m(SGLangEngine pid=60897)[0m [2026-08-06 06:24:29] INFO:     172.25.0.2:44162 - "POST /generate HTTP/1.1" 200 OK
[36m(SGLangEngine pid=60897)[0m [2026-08-06 06:24:29] INFO:     172.25.0.2:44158 - "POST /generate HTTP/1.1" 200 OK
[36m(SGLangEngine pid=60897)[0m [2026-08-06 06:24:29] Decode batch, #running-req: 30, #full token: 41408, full token usage: 0.05, mamba num: 95, mamba usage: 0.21, cuda graph: True, gen throughput (token/s): 5124.31, #queue-req: 0
[36m(SGLangEngine pid=60897)[0m [2026-08-06 06:24:30] Decode batch, #running-req: 28, #full token: 38786, full token usage: 0.05, mamba num: 89, mamba usage: 0.19, cuda graph: True, gen throughput (token/s): 4918.19, #queue-req: 0
[36m(SGLangEngine pid=60897)[0m [2026-08-06 06:24:30] INFO:     172.25.0.2:44164 - "POST /generate HTTP/1.1" 200 OK
[36m(SGLangEngine pid=60897)[0m [2026-08-06 06:24:30] Decode batch, #running-req: 27, #full token: 38101, full token usage: 0.05, mamba num: 86, mamba usage: 0.19, cuda graph: True, gen throughput (token/s): 4636.18, #queue-req: 0
[36m(SGLangEngine pid=60897)[0m [2026-08-06 06:24:30] Decode batch, #running-req: 27, #full token: 39181, full token usage: 0.05, mamba num: 86, mamba usage: 0.19, cuda graph: True, gen throughput (token/s): 4778.39, #queue-req: 0
[36m(SGLangEngine pid=60897)[0m [2026-08-06 06:24:30] Decode batch, #running-req: 27, #full token: 40261, full token usage: 0.05, mamba num: 86, mamba usage: 0.19, cuda graph: True, gen throughput (token/s): 4789.22, #queue-req: 0
[36m(SGLangEngine pid=60897)[0m [2026-08-06 06:24:30] INFO:     172.25.0.2:44176 - "POST /generate HTTP/1.1" 200 OK
[36m(SGLangEngine pid=60897)[0m [2026-08-06 06:24:31] Decode batch, #running-req: 26, #full token: 39688, full token usage: 0.05, mamba num: 83, mamba usage: 0.18, cuda graph: True, gen throughput (token/s): 4965.48, #queue-req: 0
[36m(SGLangEngine pid=60897)[0m [2026-08-06 06:24:31] INFO:     172.25.0.2:44096 - "POST /generate HTTP/1.1" 200 OK
[36m(SGLangEngine pid=60897)[0m [2026-08-06 06:24:31] Decode batch, #running-req: 26, #full token: 40728, full token usage: 0.05, mamba num: 83, mamba usage: 0.18, cuda graph: True, gen throughput (token/s): 4736.40, #queue-req: 0
[36m(SGLangEngine pid=60897)[0m [2026-08-06 06:24:31] Decode batch, #running-req: 25, #full token: 39310, full token usage: 0.05, mamba num: 80, mamba usage: 0.17, cuda graph: True, gen throughput (token/s): 4412.60, #queue-req: 0
[36m(SGLangEngine pid=60897)[0m [2026-08-06 06:24:31] Decode batch, #running-req: 25, #full token: 40310, full token usage: 0.05, mamba num: 80, mamba usage: 0.17, cuda graph: True, gen throughput (token/s): 4459.85, #queue-req: 0
[36m(SGLangEngine pid=60897)[0m [2026-08-06 06:24:31] Decode batch, #running-req: 25, #full token: 41310, full token usage: 0.05, mamba num: 80, mamba usage: 0.17, cuda graph: True, gen throughput (token/s): 4602.94, #queue-req: 0
[36m(SGLangEngine pid=60897)[0m [2026-08-06 06:24:32] Decode batch, #running-req: 25, #full token: 42310, full token usage: 0.05, mamba num: 80, mamba usage: 0.17, cuda graph: True, gen throughput (token/s): 4542.00, #queue-req: 0
[36m(SGLangEngine pid=60897)[0m [2026-08-06 06:24:32] Decode batch, #running-req: 25, #full token: 43310, full token usage: 0.05, mamba num: 80, mamba usage: 0.17, cuda graph: True, gen throughput (token/s): 4621.61, #queue-req: 0
[36m(SGLangEngine pid=60897)[0m [2026-08-06 06:24:32] Decode batch, #running-req: 25, #full token: 44310, full token usage: 0.05, mamba num: 80, mamba usage: 0.17, cuda graph: True, gen throughput (token/s): 4643.68, #queue-req: 0
[36m(SGLangEngine pid=60897)[0m [2026-08-06 06:24:32] INFO:     172.25.0.2:44184 - "POST /generate HTTP/1.1" 200 OK
[36m(SGLangEngine pid=60897)[0m [2026-08-06 06:24:32] Decode batch, #running-req: 24, #full token: 43372, full token usage: 0.05, mamba num: 77, mamba usage: 0.17, cuda graph: True, gen throughput (token/s): 4197.92, #queue-req: 0
[36m(SGLangEngine pid=60897)[0m [2026-08-06 06:24:33] Decode batch, #running-req: 24, #full token: 44332, full token usage: 0.05, mamba num: 77, mamba usage: 0.17, cuda graph: True, gen throughput (token/s): 4600.41, #queue-req: 0
[36m(SGLangEngine pid=60897)[0m [2026-08-06 06:24:33] INFO:     172.25.0.2:44020 - "POST /generate HTTP/1.1" 200 OK
[36m(SGLangEngine pid=60897)[0m [2026-08-06 06:24:33] INFO:     172.25.0.2:44028 - "POST /generate HTTP/1.1" 200 OK
[36m(SGLangEngine pid=60897)[0m [2026-08-06 06:24:33] Decode batch, #running-req: 22, #full token: 37028, full token usage: 0.05, mamba num: 71, mamba usage: 0.15, cuda graph: True, gen throughput (token/s): 4169.91, #queue-req: 0
[36m(SGLangEngine pid=60897)[0m [2026-08-06 06:24:33] Decode batch, #running-req: 22, #full token: 37908, full token usage: 0.05, mamba num: 71, mamba usage: 0.15, cuda graph: True, gen throughput (token/s): 4154.40, #queue-req: 0
[36m(SGLangEngine pid=60897)[0m [2026-08-06 06:24:33] Decode batch, #running-req: 22, #full token: 38788, full token usage: 0.05, mamba num: 71, mamba usage: 0.15, cuda graph: True, gen throughput (token/s): 4312.56, #queue-req: 0
[36m(SGLangEngine pid=60897)[0m [2026-08-06 06:24:33] Decode batch, #running-req: 22, #full token: 39668, full token usage: 0.05, mamba num: 71, mamba usage: 0.15, cuda graph: True, gen throughput (token/s): 4275.43, #queue-req: 0
[36m(SGLangEngine pid=60897)[0m [2026-08-06 06:24:34] Decode batch, #running-req: 22, #full token: 40548, full token usage: 0.05, mamba num: 71, mamba usage: 0.15, cuda graph: True, gen throughput (token/s): 4061.29, #queue-req: 0
[36m(SGLangEngine pid=60897)[0m [2026-08-06 06:24:34] Decode batch, #running-req: 22, #full token: 41428, full token usage: 0.05, mamba num: 71, mamba usage: 0.15, cuda graph: True, gen throughput (token/s): 4107.60, #queue-req: 0
[36m(SGLangEngine pid=60897)[0m [2026-08-06 06:24:34] Decode batch, #running-req: 22, #full token: 42308, full token usage: 0.05, mamba num: 71, mamba usage: 0.15, cuda graph: True, gen throughput (token/s): 4074.08, #queue-req: 0
[36m(SGLangEngine pid=60897)[0m [2026-08-06 06:24:34] Decode batch, #running-req: 22, #full token: 43188, full token usage: 0.05, mamba num: 71, mamba usage: 0.15, cuda graph: True, gen throughput (token/s): 4174.18, #queue-req: 0
[36m(SGLangEngine pid=60897)[0m [2026-08-06 06:24:34] Decode batch, #running-req: 22, #full token: 44068, full token usage: 0.05, mamba num: 71, mamba usage: 0.15, cuda graph: True, gen throughput (token/s): 4050.62, #queue-req: 0
[36m(SGLangEngine pid=60897)[0m [2026-08-06 06:24:35] Decode batch, #running-req: 22, #full token: 44948, full token usage: 0.06, mamba num: 71, mamba usage: 0.15, cuda graph: True, gen throughput (token/s): 4356.59, #queue-req: 0
[36m(SGLangEngine pid=60897)[0m [2026-08-06 06:24:35] Decode batch, #running-req: 22, #full token: 45828, full token usage: 0.06, mamba num: 71, mamba usage: 0.15, cuda graph: True, gen throughput (token/s): 4309.06, #queue-req: 0
[36m(SGLangEngine pid=60897)[0m [2026-08-06 06:24:35] Decode batch, #running-req: 22, #full token: 46708, full token usage: 0.06, mamba num: 71, mamba usage: 0.15, cuda graph: True, gen throughput (token/s): 3776.75, #queue-req: 0
[36m(SGLangEngine pid=60897)[0m [2026-08-06 06:24:35] Decode batch, #running-req: 22, #full token: 47588, full token usage: 0.06, mamba num: 71, mamba usage: 0.15, cuda graph: True, gen throughput (token/s): 4248.53, #queue-req: 0
[36m(SGLangEngine pid=60897)[0m [2026-08-06 06:24:35] INFO:     172.25.0.2:44038 - "POST /generate HTTP/1.1" 200 OK
[36m(SGLangEngine pid=60897)[0m [2026-08-06 06:24:36] Decode batch, #running-req: 21, #full token: 44362, full token usage: 0.05, mamba num: 68, mamba usage: 0.15, cuda graph: True, gen throughput (token/s): 3925.37, #queue-req: 0
[36m(SGLangEngine pid=60897)[0m [2026-08-06 06:24:36] Decode batch, #running-req: 21, #full token: 45202, full token usage: 0.06, mamba num: 68, mamba usage: 0.15, cuda graph: True, gen throughput (token/s): 4007.04, #queue-req: 0
[36m(SGLangEngine pid=60897)[0m [2026-08-06 06:24:36] INFO:     172.25.0.2:44048 - "POST /generate HTTP/1.1" 200 OK
[36m(SGLangEngine pid=60897)[0m [2026-08-06 06:24:36] Decode batch, #running-req: 21, #full token: 41753, full token usage: 0.05, mamba num: 64, mamba usage: 0.14, cuda graph: True, gen throughput (token/s): 4130.47, #queue-req: 0
[36m(SGLangEngine pid=60897)[0m [2026-08-06 06:24:36] Decode batch, #running-req: 20, #full token: 42553, full token usage: 0.05, mamba num: 64, mamba usage: 0.14, cuda graph: True, gen throughput (token/s): 3913.01, #queue-req: 0
[36m(SGLangEngine pid=60897)[0m [2026-08-06 06:24:36] Decode batch, #running-req: 20, #full token: 43353, full token usage: 0.05, mamba num: 64, mamba usage: 0.14, cuda graph: True, gen throughput (token/s): 3714.12, #queue-req: 0
[36m(SGLangEngine pid=60897)[0m [2026-08-06 06:24:37] Decode batch, #running-req: 20, #full token: 44153, full token usage: 0.05, mamba num: 64, mamba usage: 0.14, cuda graph: True, gen throughput (token/s): 3833.92, #queue-req: 0
[36m(SGLangEngine pid=60897)[0m [2026-08-06 06:24:37] Decode batch, #running-req: 20, #full token: 44953, full token usage: 0.06, mamba num: 64, mamba usage: 0.14, cuda graph: True, gen throughput (token/s): 3711.98, #queue-req: 0
[36m(SGLangEngine pid=60897)[0m [2026-08-06 06:24:37] INFO:     172.25.0.2:44188 - "POST /generate HTTP/1.1" 200 OK
[36m(SGLangEngine pid=60897)[0m [2026-08-06 06:24:37] Decode batch, #running-req: 19, #full token: 43136, full token usage: 0.05, mamba num: 61, mamba usage: 0.13, cuda graph: True, gen throughput (token/s): 3679.73, #queue-req: 0
[36m(SGLangEngine pid=60897)[0m [2026-08-06 06:24:37] Decode batch, #running-req: 19, #full token: 43896, full token usage: 0.05, mamba num: 61, mamba usage: 0.13, cuda graph: True, gen throughput (token/s): 3631.14, #queue-req: 0
[36m(SGLangEngine pid=60897)[0m [2026-08-06 06:24:37] Decode batch, #running-req: 19, #full token: 44656, full token usage: 0.06, mamba num: 61, mamba usage: 0.13, cuda graph: True, gen throughput (token/s): 3701.23, #queue-req: 0
[36m(SGLangEngine pid=60897)[0m [2026-08-06 06:24:38] Decode batch, #running-req: 19, #full token: 45416, full token usage: 0.06, mamba num: 61, mamba usage: 0.13, cuda graph: True, gen throughput (token/s): 3712.03, #queue-req: 0
[36m(SGLangEngine pid=60897)[0m [2026-08-06 06:24:38] Decode batch, #running-req: 19, #full token: 46176, full token usage: 0.06, mamba num: 61, mamba usage: 0.13, cuda graph: True, gen throughput (token/s): 3542.38, #queue-req: 0
[36m(SGLangEngine pid=60897)[0m [2026-08-06 06:24:38] Decode batch, #running-req: 19, #full token: 46936, full token usage: 0.06, mamba num: 61, mamba usage: 0.13, cuda graph: True, gen throughput (token/s): 3643.08, #queue-req: 0
[36m(SGLangEngine pid=60897)[0m [2026-08-06 06:24:38] Decode batch, #running-req: 19, #full token: 47696, full token usage: 0.06, mamba num: 61, mamba usage: 0.13, cuda graph: True, gen throughput (token/s): 3602.60, #queue-req: 0
[36m(SGLangEngine pid=60897)[0m [2026-08-06 06:24:38] Decode batch, #running-req: 19, #full token: 48456, full token usage: 0.06, mamba num: 61, mamba usage: 0.13, cuda graph: True, gen throughput (token/s): 3608.22, #queue-req: 0
[36m(SGLangEngine pid=60897)[0m [2026-08-06 06:24:39] Decode batch, #running-req: 19, #full token: 49216, full token usage: 0.06, mamba num: 61, mamba usage: 0.13, cuda graph: True, gen throughput (token/s): 3735.25, #queue-req: 0
[36m(SGLangEngine pid=60897)[0m [2026-08-06 06:24:39] Decode batch, #running-req: 19, #full token: 49976, full token usage: 0.06, mamba num: 61, mamba usage: 0.13, cuda graph: True, gen throughput (token/s): 3700.85, #queue-req: 0
[36m(SGLangEngine pid=60897)[0m [2026-08-06 06:24:39] Decode batch, #running-req: 19, #full token: 50736, full token usage: 0.06, mamba num: 61, mamba usage: 0.13, cuda graph: True, gen throughput (token/s): 3508.56, #queue-req: 0
[36m(SGLangEngine pid=60897)[0m [2026-08-06 06:24:39] Decode batch, #running-req: 19, #full token: 51496, full token usage: 0.06, mamba num: 61, mamba usage: 0.13, cuda graph: True, gen throughput (token/s): 3661.48, #queue-req: 0
[36m(SGLangEngine pid=60897)[0m [2026-08-06 06:24:39] INFO:     172.25.0.2:44118 - "POST /generate HTTP/1.1" 200 OK
[36m(SGLangEngine pid=60897)[0m [2026-08-06 06:24:39] Decode batch, #running-req: 18, #full token: 48376, full token usage: 0.06, mamba num: 58, mamba usage: 0.13, cuda graph: True, gen throughput (token/s): 3399.48, #queue-req: 0
[36m(SGLangEngine pid=60897)[0m [2026-08-06 06:24:40] Decode batch, #running-req: 18, #full token: 49096, full token usage: 0.06, mamba num: 58, mamba usage: 0.13, cuda graph: True, gen throughput (token/s): 3334.81, #queue-req: 0
[36m(SGLangEngine pid=60897)[0m [2026-08-06 06:24:40] Decode batch, #running-req: 18, #full token: 49816, full token usage: 0.06, mamba num: 58, mamba usage: 0.13, cuda graph: True, gen throughput (token/s): 3464.22, #queue-req: 0
[36m(SGLangEngine pid=60897)[0m [2026-08-06 06:24:40] INFO:     172.25.0.2:44258 - "POST /generate HTTP/1.1" 200 OK
[36m(SGLangEngine pid=60897)[0m [2026-08-06 06:24:40] Decode batch, #running-req: 17, #full token: 47761, full token usage: 0.06, mamba num: 55, mamba usage: 0.12, cuda graph: True, gen throughput (token/s): 3433.72, #queue-req: 0
[36m(SGLangEngine pid=60897)[0m [2026-08-06 06:24:40] Decode batch, #running-req: 17, #full token: 48441, full token usage: 0.06, mamba num: 55, mamba usage: 0.12, cuda graph: True, gen throughput (token/s): 3350.81, #queue-req: 0
[36m(SGLangEngine pid=60897)[0m [2026-08-06 06:24:40] INFO:     172.25.0.2:44112 - "POST /generate HTTP/1.1" 200 OK
[36m(SGLangEngine pid=60897)[0m [2026-08-06 06:24:41] Decode batch, #running-req: 16, #full token: 44988, full token usage: 0.06, mamba num: 51, mamba usage: 0.11, cuda graph: True, gen throughput (token/s): 3288.36, #queue-req: 0
[36m(SGLangEngine pid=60897)[0m [2026-08-06 06:24:41] Decode batch, #running-req: 16, #full token: 45628, full token usage: 0.06, mamba num: 51, mamba usage: 0.11, cuda graph: True, gen throughput (token/s): 3093.17, #queue-req: 0
[36m(SGLangEngine pid=60897)[0m [2026-08-06 06:24:41] Decode batch, #running-req: 16, #full token: 46268, full token usage: 0.06, mamba num: 51, mamba usage: 0.11, cuda graph: True, gen throughput (token/s): 3133.47, #queue-req: 0
[36m(SGLangEngine pid=60897)[0m [2026-08-06 06:24:41] Decode batch, #running-req: 16, #full token: 46908, full token usage: 0.06, mamba num: 51, mamba usage: 0.11, cuda graph: True, gen throughput (token/s): 3118.58, #queue-req: 0
[36m(SGLangEngine pid=60897)[0m [2026-08-06 06:24:41] Decode batch, #running-req: 16, #full token: 47548, full token usage: 0.06, mamba num: 51, mamba usage: 0.11, cuda graph: True, gen throughput (token/s): 3312.32, #queue-req: 0
[36m(SGLangEngine pid=60897)[0m [2026-08-06 06:24:42] Decode batch, #running-req: 16, #full token: 48188, full token usage: 0.06, mamba num: 51, mamba usage: 0.11, cuda graph: True, gen throughput (token/s): 3378.04, #queue-req: 0
[36m(SGLangEngine pid=60897)[0m [2026-08-06 06:24:42] Decode batch, #running-req: 16, #full token: 48828, full token usage: 0.06, mamba num: 51, mamba usage: 0.11, cuda graph: True, gen throughput (token/s): 3064.77, #queue-req: 0
[36m(SGLangEngine pid=60897)[0m [2026-08-06 06:24:42] Decode batch, #running-req: 16, #full token: 49468, full token usage: 0.06, mamba num: 51, mamba usage: 0.11, cuda graph: True, gen throughput (token/s): 3163.00, #queue-req: 0
[36m(SGLangEngine pid=60897)[0m [2026-08-06 06:24:42] Decode batch, #running-req: 16, #full token: 50108, full token usage: 0.06, mamba num: 51, mamba usage: 0.11, cuda graph: True, gen throughput (token/s): 2988.22, #queue-req: 0
[36m(SGLangEngine pid=60897)[0m [2026-08-06 06:24:42] Decode batch, #running-req: 16, #full token: 50748, full token usage: 0.06, mamba num: 51, mamba usage: 0.11, cuda graph: True, gen throughput (token/s): 3206.55, #queue-req: 0
[36m(SGLangEngine pid=60897)[0m [2026-08-06 06:24:43] Decode batch, #running-req: 16, #full token: 51388, full token usage: 0.06, mamba num: 51, mamba usage: 0.11, cuda graph: True, gen throughput (token/s): 3231.65, #queue-req: 0
[36m(SGLangEngine pid=60897)[0m [2026-08-06 06:24:43] Decode batch, #running-req: 16, #full token: 52028, full token usage: 0.06, mamba num: 51, mamba usage: 0.11, cuda graph: True, gen throughput (token/s): 3282.03, #queue-req: 0
[36m(SGLangEngine pid=60897)[0m [2026-08-06 06:24:43] Decode batch, #running-req: 16, #full token: 52668, full token usage: 0.07, mamba num: 51, mamba usage: 0.11, cuda graph: True, gen throughput (token/s): 3159.76, #queue-req: 0
[36m(SGLangEngine pid=60897)[0m [2026-08-06 06:24:43] INFO:     172.25.0.2:44352 - "POST /generate HTTP/1.1" 200 OK
[36m(SGLangEngine pid=60897)[0m [2026-08-06 06:24:43] Decode batch, #running-req: 15, #full token: 50234, full token usage: 0.06, mamba num: 47, mamba usage: 0.10, cuda graph: True, gen throughput (token/s): 3101.98, #queue-req: 0
[36m(SGLangEngine pid=60897)[0m [2026-08-06 06:24:43] Decode batch, #running-req: 15, #full token: 50834, full token usage: 0.06, mamba num: 47, mamba usage: 0.10, cuda graph: True, gen throughput (token/s): 2910.44, #queue-req: 0
[36m(SGLangEngine pid=60897)[0m [2026-08-06 06:24:44] Decode batch, #running-req: 15, #full token: 51434, full token usage: 0.06, mamba num: 47, mamba usage: 0.10, cuda graph: True, gen throughput (token/s): 3007.58, #queue-req: 0
[36m(SGLangEngine pid=60897)[0m [2026-08-06 06:24:44] Decode batch, #running-req: 15, #full token: 52034, full token usage: 0.06, mamba num: 47, mamba usage: 0.10, cuda graph: True, gen throughput (token/s): 2941.26, #queue-req: 0
[36m(SGLangEngine pid=60897)[0m [2026-08-06 06:24:44] INFO:     172.25.0.2:44252 - "POST /generate HTTP/1.1" 200 OK
[36m(SGLangEngine pid=60897)[0m [2026-08-06 06:24:44] Decode batch, #running-req: 14, #full token: 49018, full token usage: 0.06, mamba num: 44, mamba usage: 0.10, cuda graph: True, gen throughput (token/s): 2989.79, #queue-req: 0
[36m(SGLangEngine pid=60897)[0m [2026-08-06 06:24:44] Decode batch, #running-req: 14, #full token: 49578, full token usage: 0.06, mamba num: 44, mamba usage: 0.10, cuda graph: True, gen throughput (token/s): 2860.04, #queue-req: 0
[36m(SGLangEngine pid=60897)[0m [2026-08-06 06:24:44] Decode batch, #running-req: 14, #full token: 50138, full token usage: 0.06, mamba num: 44, mamba usage: 0.10, cuda graph: True, gen throughput (token/s): 2792.90, #queue-req: 0
[36m(SGLangEngine pid=60897)[0m [2026-08-06 06:24:45] Decode batch, #running-req: 14, #full token: 50698, full token usage: 0.06, mamba num: 44, mamba usage: 0.10, cuda graph: True, gen throughput (token/s): 2728.85, #queue-req: 0
[36m(SGLangEngine pid=60897)[0m [2026-08-06 06:24:45] Decode batch, #running-req: 14, #full token: 51258, full token usage: 0.06, mamba num: 44, mamba usage: 0.10, cuda graph: True, gen throughput (token/s): 2722.86, #queue-req: 0
[36m(SGLangEngine pid=60897)[0m [2026-08-06 06:24:45] INFO:     172.25.0.2:44200 - "POST /generate HTTP/1.1" 200 OK
[36m(SGLangEngine pid=60897)[0m [2026-08-06 06:24:45] INFO:     172.25.0.2:44310 - "POST /generate HTTP/1.1" 200 OK
[36m(SGLangEngine pid=60897)[0m [2026-08-06 06:24:45] Decode batch, #running-req: 13, #full token: 44105, full token usage: 0.05, mamba num: 37, mamba usage: 0.08, cuda graph: True, gen throughput (token/s): 2758.49, #queue-req: 0
[36m(SGLangEngine pid=60897)[0m [2026-08-06 06:24:45] Decode batch, #running-req: 12, #full token: 44585, full token usage: 0.06, mamba num: 37, mamba usage: 0.08, cuda graph: True, gen throughput (token/s): 2506.57, #queue-req: 0
[36m(SGLangEngine pid=60897)[0m [2026-08-06 06:24:45] INFO:     172.25.0.2:44212 - "POST /generate HTTP/1.1" 200 OK
[36m(SGLangEngine pid=60897)[0m [2026-08-06 06:24:45] Decode batch, #running-req: 11, #full token: 40955, full token usage: 0.05, mamba num: 34, mamba usage: 0.07, cuda graph: True, gen throughput (token/s): 2552.64, #queue-req: 0
[36m(SGLangEngine pid=60897)[0m [2026-08-06 06:24:46] Decode batch, #running-req: 11, #full token: 41395, full token usage: 0.05, mamba num: 34, mamba usage: 0.07, cuda graph: True, gen throughput (token/s): 2305.05, #queue-req: 0
[36m(SGLangEngine pid=60897)[0m [2026-08-06 06:24:46] INFO:     172.25.0.2:44244 - "POST /generate HTTP/1.1" 200 OK
[36m(SGLangEngine pid=60897)[0m [2026-08-06 06:24:46] Decode batch, #running-req: 10, #full token: 37844, full token usage: 0.05, mamba num: 31, mamba usage: 0.07, cuda graph: True, gen throughput (token/s): 2413.42, #queue-req: 0
[36m(SGLangEngine pid=60897)[0m [2026-08-06 06:24:46] Decode batch, #running-req: 10, #full token: 38244, full token usage: 0.05, mamba num: 31, mamba usage: 0.07, cuda graph: True, gen throughput (token/s): 2117.14, #queue-req: 0
[36m(SGLangEngine pid=60897)[0m [2026-08-06 06:24:46] Decode batch, #running-req: 10, #full token: 38644, full token usage: 0.05, mamba num: 31, mamba usage: 0.07, cuda graph: True, gen throughput (token/s): 2114.91, #queue-req: 0
[36m(SGLangEngine pid=60897)[0m [2026-08-06 06:24:46] INFO:     172.25.0.2:44224 - "POST /generate HTTP/1.1" 200 OK
[36m(SGLangEngine pid=60897)[0m [2026-08-06 06:24:46] INFO:     172.25.0.2:44232 - "POST /generate HTTP/1.1" 200 OK
[36m(SGLangEngine pid=60897)[0m [2026-08-06 06:24:46] Decode batch, #running-req: 8, #full token: 30795, full token usage: 0.04, mamba num: 25, mamba usage: 0.05, cuda graph: True, gen throughput (token/s): 2083.29, #queue-req: 0
[36m(SGLangEngine pid=60897)[0m [2026-08-06 06:24:46] Decode batch, #running-req: 8, #full token: 31115, full token usage: 0.04, mamba num: 25, mamba usage: 0.05, cuda graph: True, gen throughput (token/s): 1921.56, #queue-req: 0
[36m(SGLangEngine pid=60897)[0m [2026-08-06 06:24:47] Decode batch, #running-req: 8, #full token: 31435, full token usage: 0.04, mamba num: 25, mamba usage: 0.05, cuda graph: True, gen throughput (token/s): 1832.78, #queue-req: 0
[36m(SGLangEngine pid=60897)[0m [2026-08-06 06:24:47] Decode batch, #running-req: 8, #full token: 31755, full token usage: 0.04, mamba num: 25, mamba usage: 0.05, cuda graph: True, gen throughput (token/s): 1830.45, #queue-req: 0
[36m(SGLangEngine pid=60897)[0m [2026-08-06 06:24:47] INFO:     172.25.0.2:44260 - "POST /generate HTTP/1.1" 200 OK
[36m(SGLangEngine pid=60897)[0m [2026-08-06 06:24:47] INFO:     172.25.0.2:44262 - "POST /generate HTTP/1.1" 200 OK
[36m(SGLangEngine pid=60897)[0m [2026-08-06 06:24:47] Decode batch, #running-req: 6, #full token: 23902, full token usage: 0.03, mamba num: 19, mamba usage: 0.04, cuda graph: True, gen throughput (token/s): 1677.48, #queue-req: 0
[36m(SGLangEngine pid=60897)[0m [2026-08-06 06:24:47] Decode batch, #running-req: 6, #full token: 24142, full token usage: 0.03, mamba num: 19, mamba usage: 0.04, cuda graph: True, gen throughput (token/s): 1446.33, #queue-req: 0
[36m(SGLangEngine pid=60897)[0m [2026-08-06 06:24:47] INFO:     172.25.0.2:44314 - "POST /generate HTTP/1.1" 200 OK
[36m(SGLangEngine pid=60897)[0m [2026-08-06 06:24:47] INFO:     172.25.0.2:44280 - "POST /generate HTTP/1.1" 200 OK
[36m(SGLangEngine pid=60897)[0m [2026-08-06 06:24:47] Decode batch, #running-req: 4, #full token: 16318, full token usage: 0.02, mamba num: 13, mamba usage: 0.03, cuda graph: True, gen throughput (token/s): 1210.89, #queue-req: 0
[36m(SGLangEngine pid=60897)[0m [2026-08-06 06:24:47] INFO:     172.25.0.2:44288 - "POST /generate HTTP/1.1" 200 OK
[36m(SGLangEngine pid=60897)[0m [2026-08-06 06:24:47] INFO:     172.25.0.2:44298 - "POST /generate HTTP/1.1" 200 OK
[36m(SGLangEngine pid=60897)[0m [2026-08-06 06:24:47] Decode batch, #running-req: 3, #full token: 12343, full token usage: 0.02, mamba num: 10, mamba usage: 0.02, cuda graph: True, gen throughput (token/s): 898.82, #queue-req: 0
[36m(SGLangEngine pid=60897)[0m [2026-08-06 06:24:48] Decode batch, #running-req: 2, #full token: 8319, full token usage: 0.01, mamba num: 7, mamba usage: 0.02, cuda graph: True, gen throughput (token/s): 583.75, #queue-req: 0
[36m(SGLangEngine pid=60897)[0m [2026-08-06 06:24:48] Decode batch, #running-req: 2, #full token: 8399, full token usage: 0.01, mamba num: 7, mamba usage: 0.02, cuda graph: True, gen throughput (token/s): 514.53, #queue-req: 0
[36m(SGLangEngine pid=60897)[0m [2026-08-06 06:24:48] Decode batch, #running-req: 2, #full token: 8479, full token usage: 0.01, mamba num: 7, mamba usage: 0.02, cuda graph: True, gen throughput (token/s): 542.42, #queue-req: 0
[36m(SGLangEngine pid=60897)[0m [2026-08-06 06:24:48] INFO:     172.25.0.2:44322 - "POST /generate HTTP/1.1" 200 OK
[36m(SGLangEngine pid=60897)[0m [2026-08-06 06:24:48] INFO:     172.25.0.2:44338 - "POST /generate HTTP/1.1" 200 OK
[36m(RolloutManager pid=60685)[0m [2026-08-06 06:24:48.559 rollout_manager] rmct_rollout.py:412 - RMCT step 4: 15 grad samples, parse_rate=0.414, gap=0.6429, cache_hit=0.41
[36m(RolloutManager pid=60685)[0m [2026-08-06 06:24:48.572 rollout_manager] metrics.py:89 - perf 3: {'rmct/parse_rate': 0.4140625, 'rmct/p_ref_mean': 0.023809523809523808, 'rmct/p_hat_mean': 0.6666666666666666, 'rmct/gap_mean': 0.6428571428571429, 'rmct/has_signal': 0.0, 'rmct/n_grad_samples': 15.0, 'rmct/completion_len_p50': 4096.0, 'rmct/completion_len_p99': 4096.0, 'rmct/truncated_frac': 0.5859375, 'rmct/prefix_cache_hit_rate': 0.4149577804583836, 'rollout/response_len/mean': 0.0, 'rollout/response_len/median': 0.0, 'rollout/response_len/max': 0, 'rollout/response_len/min': 0, 'rollout/zero_std/count_0.0': 1, 'rollout/zero_std/all_zero_percentage': 1.0, 'rollout/zero_std/all_one_percentage': 0.0, 'rollout/prefix_cache_hit_rate': 0.0, 'rollout/avg_cached_tokens_per_sample': 0.0, 'rollout/repetition_frac': 0.0, 'rollout/truncated_ratio': 0.0, 'perf/rollout_time': 58.68018555641174, 'perf/tokens_per_gpu_per_sec': 445.1928662510089, 'perf/longest_sample_tokens_per_sec': 69.80209692865306, 'perf/effective_tokens_per_gpu_per_sec': 0.0, 'perf/longest_effective_sample_tokens_per_sec': 0.0}
[36m(RolloutManager pid=60685)[0m [2026-08-06 06:24:48.572 rollout_manager] train_data_conversion.py:262 - Rollout-side DP schedule: num_samples=8, num_rollouts=[1], num_microbatches=[4]
[36m(SGLangEngine pid=60897)[0m [2026-08-06 06:24:48] INFO:     172.25.0.2:40294 - "GET /flush_cache HTTP/1.1" 200 OK
[36m(SGLangEngine pid=60897)[0m [2026-08-06 06:24:48] Reset HybridReqToTokenPool
[36m(SGLangEngine pid=60897)[0m [2026-08-06 06:24:48] Cache flushed successfully!
[36m(SGLangEngine pid=60897)[0m [2026-08-06 06:24:48] Reset HybridReqToTokenPool
[36m(SGLangEngine pid=60897)[0m [2026-08-06 06:24:48] Cache flushed successfully!
[36m(SGLangEngine pid=60897)[0m [2026-08-06 06:24:48] INFO:     172.25.0.2:40308 - "POST /release_memory_occupation HTTP/1.1" 200 OK
[36m(MegatronTrainRayActor pid=61275)[0m [2026-08-06 06:24:48.665 actor_cell0_rank0] structured_log.py:23 - ft cls=MegatronTrainRayActor fn=train phase=start
[36m(MegatronTrainRayActor pid=61275)[0m [2026-08-06 06:24:48.666 actor_cell0_rank0] structured_log.py:23 - ft cls=MegatronTrainRayActor fn=wake_up phase=start
[36m(MegatronTrainRayActor pid=61275)[0m [2026-08-06 06:24:48.666 actor_cell0_rank0] timer.py:31 - Timer wake_up start
[36m(MegatronTrainRayActor pid=61275)[0m [2026-08-06 06:24:48.666 actor_cell0_rank0] memory_utils.py:41 - [Rank 0] Memory-Usage before wake_up model: {'gpu': '0', 'total_GB': 139.81, 'free_GB': 134.42, 'used_GB': 5.39, 'allocated_GB': 71.99, 'reserved_GB': 73.46}
[36m(SGLangEngine pid=60897)[0m [2026-08-06 06:24:54] INFO:     172.25.0.2:39028 - "GET /health HTTP/1.1" 200 OK
[36m(MegatronTrainRayActor pid=61275)[0m [2026-08-06 06:24:55.699 actor_cell0_rank0] reloadable_process_group.py:151 - Reloading 0 process groups in pid 61275
[36m(MegatronTrainRayActor pid=61275)[0m [2026-08-06 06:24:55.699 actor_cell0_rank0] memory_utils.py:41 - [Rank 0] Memory-Usage after wake_up model: {'gpu': '0', 'total_GB': 139.81, 'free_GB': 61.05, 'used_GB': 78.77, 'allocated_GB': 71.99, 'reserved_GB': 73.46}
[36m(MegatronTrainRayActor pid=61275)[0m [2026-08-06 06:24:55.700 actor_cell0_rank0] timer.py:42 - Timer wake_up end (elapsed: 7.0s)
[36m(MegatronTrainRayActor pid=61275)[0m [2026-08-06 06:24:55.700 actor_cell0_rank0] structured_log.py:27 - ft cls=MegatronTrainRayActor fn=wake_up phase=end ok=true elapsed_s=7.0
[36m(MegatronTrainRayActor pid=61275)[0m [2026-08-06 06:24:55.700 actor_cell0_rank0] timer.py:31 - Timer data_preprocess start
[36m(MegatronTrainRayActor pid=61275)[0m [2026-08-06 06:24:55.707 actor_cell0_rank0] timer.py:42 - Timer data_preprocess end (elapsed: 0.0s)
[36m(MegatronTrainRayActor pid=61275)[0m [2026-08-06 06:24:55.707 actor_cell0_rank0] structured_log.py:23 - ft cls=MegatronTrainRayActor fn=train_actor phase=start
[36m(MegatronTrainRayActor pid=61275)[0m [2026-08-06 06:24:55.707 actor_cell0_rank0] timer.py:42 - Timer train_wait end (elapsed: 85.5s)
[36m(MegatronTrainRayActor pid=61275)[0m [2026-08-06 06:24:55.707 actor_cell0_rank0] timer.py:31 - Timer train start
[36m(MegatronTrainRayActor pid=61275)[0m [2026-08-06 06:24:55.860 actor_cell0_rank0] structured_log.py:23 - ft cls=MegatronTrainRayActor fn=compute_log_prob phase=start
[36m(MegatronTrainRayActor pid=61275)[0m [2026-08-06 06:24:55.860 actor_cell0_rank0] timer.py:31 - Timer ref_log_probs start
[36m(MegatronTrainRayActor pid=61275)[0m [2026-08-06 06:25:05.816 actor_cell0_rank0] timer.py:42 - Timer ref_log_probs end (elapsed: 10.0s)
[36m(MegatronTrainRayActor pid=61275)[0m [2026-08-06 06:25:05.816 actor_cell0_rank0] structured_log.py:27 - ft cls=MegatronTrainRayActor fn=compute_log_prob phase=end ok=true elapsed_s=10.0
[36m(MegatronTrainRayActor pid=61275)[0m [2026-08-06 06:25:05.990 actor_cell0_rank0] structured_log.py:23 - ft cls=MegatronTrainRayActor fn=compute_log_prob phase=start
[36m(MegatronTrainRayActor pid=61275)[0m [2026-08-06 06:25:05.990 actor_cell0_rank0] timer.py:31 - Timer log_probs start
[36m(MegatronTrainRayActor pid=61275)[0m [2026-08-06 06:25:06.554 actor_cell0_rank0] timer.py:42 - Timer log_probs end (elapsed: 0.6s)
[36m(MegatronTrainRayActor pid=61275)[0m [2026-08-06 06:25:06.554 actor_cell0_rank0] structured_log.py:27 - ft cls=MegatronTrainRayActor fn=compute_log_prob phase=end ok=true elapsed_s=0.6
[36m(MegatronTrainRayActor pid=61275)[0m [2026-08-06 06:25:06.576 actor_cell0_rank0] rmct_advantage.py:104 - rmct/kl_policy_base=0.000000 (kl_coef=0.050)
[36m(MegatronTrainRayActor pid=61275)[0m [2026-08-06 06:25:06.577 actor_cell0_rank0] log_utils.py:55 - ft op=cross_cell phase=start kind=log_gather rank=0
[36m(MegatronTrainRayActor pid=61275)[0m [2026-08-06 06:25:06.578 actor_cell0_rank0] log_utils.py:61 - ft op=cross_cell phase=end kind=log_gather rank=0 success=true
[36m(MegatronTrainRayActor pid=61275)[0m [2026-08-06 06:25:06.578 actor_cell0_rank0] log_utils.py:78 - rollout 3: {'rollout/response_lengths': 3265.5, 'rollout/rewards': 0.0, 'rollout/truncated': 0.0, 'rollout/rollout_log_probs': 0.0, 'rollout/raw_reward': 0.0, 'rollout/total_lengths': 3430.0, 'rollout/ref_log_probs': 0.0, 'rollout/log_probs': 0.0, 'rollout/advantages': 0.0, 'rollout/returns': 0.0}
[36m(MegatronTrainRayActor pid=61275)[0m [2026-08-06 06:25:06.578 actor_cell0_rank0] timer.py:31 - Timer actor_train start
[36m(MegatronTrainRayActor pid=61275)[0m /root/miles/miles/backends/training_utils/loss.py:187: UserWarning: To copy construct from a tensor, it is recommended to use sourceTensor.detach().clone() or sourceTensor.detach().clone().requires_grad_(True), rather than torch.tensor(sourceTensor).
[36m(MegatronTrainRayActor pid=61275)[0m   torch.tensor(num_tokens if args.calculate_per_token_loss else 1, device=logits.device),
[36m(MegatronTrainRayActor pid=61275)[0m /root/miles/miles/backends/training_utils/loss.py:187: UserWarning: To copy construct from a tensor, it is recommended to use sourceTensor.detach().clone() or sourceTensor.detach().clone().requires_grad_(True), rather than torch.tensor(sourceTensor).
[36m(MegatronTrainRayActor pid=61275)[0m   torch.tensor(num_tokens if args.calculate_per_token_loss else 1, device=logits.device),
[36m(MegatronTrainRayActor pid=61275)[0m [2026-08-06 06:25:26.710 actor_cell0_rank0] model.py:635 - ft op=train_step rollout=3 step=0 attempt=0 outcome=NORMAL valid_step=true
[36m(MegatronTrainRayActor pid=61275)[0m [2026-08-06 06:25:26.749 actor_cell0_rank0] log_utils.py:493 - step 3: {'train/loss': 0.0, 'train/pg_loss': 0.0, 'train/entropy_loss': 0.0, 'train/pg_clipfrac': 0.0, 'train/ppo_kl': 0.0, 'train/ess_ratio': 0.0, 'train/train_rollout_logprob_abs_diff': 0.0, 'train/train_rollout_kl': 0.0, 'train/kl_loss': 0.0, 'train/grad_norm': 0.0, 'train/lr-pg_0': 1e-05, 'train/lr-pg_1': 1e-05, 'train/step': 3}
[36m(MegatronTrainRayActor pid=61275)[0m [2026-08-06 06:25:26.749 actor_cell0_rank0] model.py:854 - step 3: {'train/loss': 0.0, 'train/pg_loss': 0.0, 'train/entropy_loss': 0.0, 'train/pg_clipfrac': 0.0, 'train/ppo_kl': 0.0, 'train/ess_ratio': 0.0, 'train/train_rollout_logprob_abs_diff': 0.0, 'train/train_rollout_kl': 0.0, 'train/kl_loss': 0.0, 'train/grad_norm': 0.0, 'train/lr-pg_0': 1e-05, 'train/lr-pg_1': 1e-05, 'train/step': 3}
[36m(MegatronTrainRayActor pid=61275)[0m [2026-08-06 06:25:26.749 actor_cell0_rank0] timer.py:42 - Timer actor_train end (elapsed: 20.2s)
[36m(MegatronTrainRayActor pid=61275)[0m [2026-08-06 06:25:26.749 actor_cell0_rank0] timer.py:42 - Timer train end (elapsed: 31.0s)
[36m(MegatronTrainRayActor pid=61275)[0m [2026-08-06 06:25:26.749 actor_cell0_rank0] timer.py:31 - Timer train_wait start
[36m(MegatronTrainRayActor pid=61275)[0m [2026-08-06 06:25:26.903 actor_cell0_rank0] train_metric_utils.py:50 - perf 3: {'perf/sleep_time': 19.16533374786377, 'perf/update_weights_time': 0.271986722946167, 'perf/wake_up_time': 7.033901214599609, 'perf/data_preprocess_time': 0.0071909427642822266, 'perf/train_wait_time': 85.465487241745, 'perf/ref_log_probs_time': 9.955589532852173, 'perf/log_probs_time': 0.5642004013061523, 'perf/actor_train_time': 20.17097806930542, 'perf/train_time': 31.04236674308777, 'perf/log_probs_tflops': 364.3827722312508, 'perf/ref_log_probs_tflops': 20.650199131203237, 'perf/actor_train_tflops': 30.576341754309272, 'perf/actor_train_tok_per_s': 1360.3703254110417, 'perf/step_time': 116.50785398483276, 'perf/wait_time_ratio': 0.7335598787432054}
[36m(MegatronTrainRayActor pid=61275)[0m [2026-08-06 06:25:26.903 actor_cell0_rank0] structured_log.py:27 - ft cls=MegatronTrainRayActor fn=train_actor phase=end ok=true elapsed_s=31.2
[36m(MegatronTrainRayActor pid=61275)[0m [2026-08-06 06:25:26.904 actor_cell0_rank0] structured_log.py:27 - ft cls=MegatronTrainRayActor fn=train phase=end ok=true elapsed_s=38.2
[36m(MegatronTrainRayActor pid=61275)[0m [2026-08-06 06:25:26.906 actor_cell0_rank0] structured_log.py:23 - ft cls=MegatronTrainRayActor fn=sleep phase=start
[36m(MegatronTrainRayActor pid=61275)[0m [2026-08-06 06:25:26.906 actor_cell0_rank0] timer.py:31 - Timer sleep start
[36m(MegatronTrainRayActor pid=61275)[0m [2026-08-06 06:25:27.362 actor_cell0_rank0] memory_utils.py:41 - [Rank 0] Memory-Usage before offload model: {'gpu': '0', 'total_GB': 139.81, 'free_GB': 61.04, 'used_GB': 78.77, 'allocated_GB': 71.99, 'reserved_GB': 73.47}
[36m(MegatronTrainRayActor pid=61275)[0m [2026-08-06 06:25:46.045 actor_cell0_rank0] memory_utils.py:41 - [Rank 0] Memory-Usage after offload model: {'gpu': '0', 'total_GB': 139.81, 'free_GB': 134.42, 'used_GB': 5.39, 'allocated_GB': 71.99, 'reserved_GB': 73.47}
[36m(MegatronTrainRayActor pid=61275)[0m [2026-08-06 06:25:46.045 actor_cell0_rank0] log_utils.py:382 - [CPU memory] after_offload_train: 249.01 GB (rollout_id=3, step=3)
[36m(MegatronTrainRayActor pid=61275)[0m [2026-08-06 06:25:46.045 actor_cell0_rank0] timer.py:42 - Timer sleep end (elapsed: 19.1s)
[36m(MegatronTrainRayActor pid=61275)[0m [2026-08-06 06:25:46.046 actor_cell0_rank0] structured_log.py:27 - ft cls=MegatronTrainRayActor fn=sleep phase=end ok=true elapsed_s=19.1
[36m(SGLangEngine pid=60897)[0m [2026-08-06 06:25:46] INFO:     172.25.0.2:38338 - "POST /resume_memory_occupation HTTP/1.1" 200 OK
[36m(SGLangEngine pid=60897)[0m [2026-08-06 06:25:46] INFO:     172.25.0.2:38344 - "POST /pause_generation HTTP/1.1" 200 OK
[36m(SGLangEngine pid=60897)[0m [2026-08-06 06:25:46] INFO:     172.25.0.2:38350 - "GET /flush_cache HTTP/1.1" 200 OK
[36m(SGLangEngine pid=60897)[0m [2026-08-06 06:25:46] INFO:     172.25.0.2:38360 - "POST /begin_weight_update HTTP/1.1" 200 OK
[36m(SGLangEngine pid=60897)[0m [2026-08-06 06:25:46] INFO:     172.25.0.2:38364 - "POST /update_weights_from_tensor HTTP/1.1" 200 OK
[36m(SGLangEngine pid=60897)[0m [2026-08-06 06:25:46] INFO:     172.25.0.2:38372 - "POST /update_weights_from_tensor HTTP/1.1" 200 OK
[36m(SGLangEngine pid=60897)[0m [2026-08-06 06:25:46] INFO:     172.25.0.2:38380 - "POST /update_weights_from_tensor HTTP/1.1" 200 OK
[36m(SGLangEngine pid=60897)[0m [2026-08-06 06:25:46] INFO:     172.25.0.2:38382 - "POST /update_weights_from_tensor HTTP/1.1" 200 OK
[36m(SGLangEngine pid=60897)[0m [2026-08-06 06:25:46] Reset HybridReqToTokenPool
[36m(SGLangEngine pid=60897)[0m [2026-08-06 06:25:46] Cache flushed successfully!
[36m(MegatronTrainRayActor pid=61275)[0m [2026-08-06 06:25:46.076 actor_cell0_rank0] structured_log.py:23 - ft cls=MegatronTrainRayActor fn=update_weights phase=start
[36m(MegatronTrainRayActor pid=61275)[0m [2026-08-06 06:25:46.077 actor_cell0_rank0] timer.py:31 - Timer update_weights start
[36m(MegatronTrainRayActor pid=61275)[0m [2026-08-06 06:25:46.077 actor_cell0_rank0] reloadable_process_group.py:151 - Reloading 0 process groups in pid 61275
[36m(MegatronTrainRayActor pid=61275)[0m [2026-08-06 06:25:46.077 actor_cell0_rank0] memory_utils.py:41 - [Rank 0] Memory-Usage before update_weights: {'gpu': '0', 'total_GB': 139.81, 'free_GB': 125.8, 'used_GB': 14.01, 'allocated_GB': 71.99, 'reserved_GB': 73.47}
[36m(MegatronTrainRayActor pid=61275)[0m 
Update weights:   0%|          | 0/16 [00:00<?, ?it/s]
[36m(SGLangEngine pid=60897)[0m [2026-08-06 06:25:46] INFO:     172.25.0.2:38390 - "POST /update_weights_from_tensor HTTP/1.1" 200 OK
[36m(SGLangEngine pid=60897)[0m [2026-08-06 06:25:46] INFO:     172.25.0.2:38404 - "POST /update_weights_from_tensor HTTP/1.1" 200 OK
[36m(SGLangEngine pid=60897)[0m [2026-08-06 06:25:46] INFO:     172.25.0.2:38406 - "POST /update_weights_from_tensor HTTP/1.1" 200 OK
[36m(SGLangEngine pid=60897)[0m [2026-08-06 06:25:46] INFO:     172.25.0.2:38412 - "POST /update_weights_from_tensor HTTP/1.1" 200 OK
[36m(SGLangEngine pid=60897)[0m [2026-08-06 06:25:46] INFO:     172.25.0.2:38428 - "POST /update_weights_from_tensor HTTP/1.1" 200 OK
[36m(SGLangEngine pid=60897)[0m [2026-08-06 06:25:46] INFO:     172.25.0.2:38434 - "POST /update_weights_from_tensor HTTP/1.1" 200 OK
[36m(MegatronTrainRayActor pid=61275)[0m 
Update weights:  44%|████▍     | 7/16 [00:00<00:00, 62.77it/s]
[36m(SGLangEngine pid=60897)[0m [2026-08-06 06:25:46] INFO:     172.25.0.2:38438 - "POST /update_weights_from_tensor HTTP/1.1" 200 OK
[36m(SGLangEngine pid=60897)[0m [2026-08-06 06:25:46] INFO:     172.25.0.2:38446 - "POST /update_weights_from_tensor HTTP/1.1" 200 OK
[36m(SGLangEngine pid=60897)[0m [2026-08-06 06:25:46] INFO:     172.25.0.2:38456 - "POST /update_weights_from_tensor HTTP/1.1" 200 OK
[36m(SGLangEngine pid=60897)[0m [2026-08-06 06:25:46] INFO:     172.25.0.2:38472 - "POST /update_weights_from_tensor HTTP/1.1" 200 OK
[36m(SGLangEngine pid=60897)[0m [2026-08-06 06:25:46] INFO:     172.25.0.2:38476 - "POST /update_weights_from_tensor HTTP/1.1" 200 OK
[36m(MegatronTrainRayActor pid=61275)[0m 
Update weights:  88%|████████▊ | 14/16 [00:00<00:00, 36.60it/s]
[36m(SGLangEngine pid=60897)[0m [2026-08-06 06:25:46] INFO:     172.25.0.2:38480 - "POST /update_weights_from_tensor HTTP/1.1" 200 OK
[36m(SGLangEngine pid=60897)[0m [2026-08-06 06:25:46] INFO:     172.25.0.2:38484 - "POST /end_weight_update HTTP/1.1" 200 OK
[36m(SGLangEngine pid=60897)[0m [2026-08-06 06:25:46] INFO:     172.25.0.2:38486 - "POST /continue_generation HTTP/1.1" 200 OK
[36m(SGLangEngine pid=60897)[0m [2026-08-06 06:25:46] INFO:     172.25.0.2:38502 - "POST /resume_memory_occupation HTTP/1.1" 200 OK
[36m(SGLangEngine pid=60897)[0m [2026-08-06 06:25:46] [continue_generation] torch.cuda.empty_cache() called: reserved 57598.0 MB -> 57598.0 MB (freed 0.0 MB)
[36m(MegatronTrainRayActor pid=61275)[0m 
Update weights: 100%|██████████| 16/16 [00:00<00:00, 40.44it/s]
[36m(MegatronTrainRayActor pid=61275)[0m [2026-08-06 06:25:46.490 actor_cell0_rank0] memory_utils.py:41 - [Rank 0] Memory-Usage after update_weights: {'gpu': '0', 'total_GB': 139.81, 'free_GB': 121.56, 'used_GB': 18.25, 'allocated_GB': 71.99, 'reserved_GB': 77.8}
[36m(MegatronTrainRayActor pid=61275)[0m [2026-08-06 06:25:46.494 actor_cell0_rank0] timer.py:42 - Timer update_weights end (elapsed: 0.4s)
[36m(MegatronTrainRayActor pid=61275)[0m [2026-08-06 06:25:46.494 actor_cell0_rank0] structured_log.py:27 - ft cls=MegatronTrainRayActor fn=update_weights phase=end ok=true elapsed_s=0.4
[36m(SGLangEngine pid=60897)[0m [2026-08-06 06:25:46] Prefill batch, #new-seq: 1, #new-token: 382, #cached-token: 0, full token usage: 0.01, mamba usage: 0.15, #running-req: 0, #queue-req: 23, #pending-token: 0, cuda graph: False, input throughput (token/s): 4.84
[36m(SGLangEngine pid=60897)[0m [2026-08-06 06:25:46] Prefill batch, #new-seq: 22, #new-token: 8192, #cached-token: 0, full token usage: 0.01, mamba usage: 0.31, #running-req: 1, #queue-req: 0, #pending-token: 5860, cuda graph: False, input throughput (token/s): 111492.13
[36m(SGLangEngine pid=60897)[0m [2026-08-06 06:25:46] Prefill batch, #new-seq: 24, #new-token: 3300, #cached-token: 2560, full token usage: 0.00, mamba usage: 0.31, #running-req: 22, #queue-req: 0, #pending-token: 0, cuda graph: False, input throughput (token/s): 317343.81
[36m(SGLangEngine pid=60897)[0m [2026-08-06 06:25:47] Decode batch, #running-req: 46, #full token: 4007, full token usage: 0.00, mamba num: 142, mamba usage: 0.31, cuda graph: True, gen throughput (token/s): 31.36, #queue-req: 0
[36m(SGLangEngine pid=60897)[0m [2026-08-06 06:25:47] Prefill batch, #new-seq: 1, #new-token: 32, #cached-token: 128, full token usage: 0.01, mamba usage: 0.61, #running-req: 46, #queue-req: 36, #pending-token: 0, cuda graph: False, input throughput (token/s): 98.16
[36m(SGLangEngine pid=60897)[0m [2026-08-06 06:25:47] Prefill batch, #new-seq: 45, #new-token: 6952, #cached-token: 0, full token usage: 0.01, mamba usage: 0.61, #running-req: 47, #queue-req: 36, #pending-token: 7350, cuda graph: False, input throughput (token/s): 91614.18
[36m(SGLangEngine pid=60897)[0m [2026-08-06 06:25:47] Decode batch, #running-req: 92, #full token: 9026, full token usage: 0.01, mamba num: 283, mamba usage: 0.61, cuda graph: True, gen throughput (token/s): 7878.94, #queue-req: 36
[36m(SGLangEngine pid=60897)[0m [2026-08-06 06:25:47] Decode batch, #running-req: 92, #full token: 12706, full token usage: 0.02, mamba num: 283, mamba usage: 0.61, cuda graph: True, gen throughput (token/s): 11967.09, #queue-req: 36
[36m(SGLangEngine pid=60897)[0m [2026-08-06 06:25:48] Decode batch, #running-req: 92, #full token: 16386, full token usage: 0.02, mamba num: 283, mamba usage: 0.61, cuda graph: True, gen throughput (token/s): 11435.13, #queue-req: 36
[36m(SGLangEngine pid=60897)[0m [2026-08-06 06:25:48] Decode batch, #running-req: 92, #full token: 20066, full token usage: 0.02, mamba num: 283, mamba usage: 0.61, cuda graph: True, gen throughput (token/s): 12485.10, #queue-req: 36
[36m(SGLangEngine pid=60897)[0m [2026-08-06 06:25:48] Decode batch, #running-req: 92, #full token: 23746, full token usage: 0.03, mamba num: 283, mamba usage: 0.61, cuda graph: True, gen throughput (token/s): 12438.62, #queue-req: 36
[36m(SGLangEngine pid=60897)[0m [2026-08-06 06:25:49] Decode batch, #running-req: 92, #full token: 27426, full token usage: 0.03, mamba num: 283, mamba usage: 0.61, cuda graph: True, gen throughput (token/s): 12386.01, #queue-req: 36
[36m(SGLangEngine pid=60897)[0m [2026-08-06 06:25:49] Decode batch, #running-req: 92, #full token: 31106, full token usage: 0.04, mamba num: 283, mamba usage: 0.61, cuda graph: True, gen throughput (token/s): 12339.07, #queue-req: 36
[36m(SGLangEngine pid=60897)[0m [2026-08-06 06:25:49] Decode batch, #running-req: 92, #full token: 34786, full token usage: 0.04, mamba num: 283, mamba usage: 0.61, cuda graph: True, gen throughput (token/s): 11986.05, #queue-req: 36
[36m(SGLangEngine pid=60897)[0m [2026-08-06 06:25:49] Decode batch, #running-req: 92, #full token: 38466, full token usage: 0.05, mamba num: 283, mamba usage: 0.61, cuda graph: True, gen throughput (token/s): 11397.60, #queue-req: 36
[36m(SGLangEngine pid=60897)[0m [2026-08-06 06:25:50] Decode batch, #running-req: 92, #full token: 42146, full token usage: 0.05, mamba num: 283, mamba usage: 0.61, cuda graph: True, gen throughput (token/s): 11646.99, #queue-req: 36
[36m(SGLangEngine pid=60897)[0m [2026-08-06 06:25:50] Decode batch, #running-req: 92, #full token: 45826, full token usage: 0.06, mamba num: 283, mamba usage: 0.61, cuda graph: True, gen throughput (token/s): 12134.11, #queue-req: 36
[36m(SGLangEngine pid=60897)[0m [2026-08-06 06:25:50] Decode batch, #running-req: 92, #full token: 49506, full token usage: 0.06, mamba num: 283, mamba usage: 0.61, cuda graph: True, gen throughput (token/s): 12089.59, #queue-req: 36
[36m(SGLangEngine pid=60897)[0m [2026-08-06 06:25:51] Decode batch, #running-req: 92, #full token: 53186, full token usage: 0.07, mamba num: 283, mamba usage: 0.61, cuda graph: True, gen throughput (token/s): 12046.57, #queue-req: 36
[36m(SGLangEngine pid=60897)[0m [2026-08-06 06:25:51] Decode batch, #running-req: 92, #full token: 56866, full token usage: 0.07, mamba num: 283, mamba usage: 0.61, cuda graph: True, gen throughput (token/s): 11994.04, #queue-req: 36
[36m(SGLangEngine pid=60897)[0m [2026-08-06 06:25:51] Decode batch, #running-req: 92, #full token: 60546, full token usage: 0.07, mamba num: 283, mamba usage: 0.61, cuda graph: True, gen throughput (token/s): 11395.11, #queue-req: 36
[36m(SGLangEngine pid=60897)[0m [2026-08-06 06:25:52] Decode batch, #running-req: 92, #full token: 64226, full token usage: 0.08, mamba num: 283, mamba usage: 0.61, cuda graph: True, gen throughput (token/s): 10896.06, #queue-req: 36
[36m(SGLangEngine pid=60897)[0m [2026-08-06 06:25:52] Decode batch, #running-req: 92, #full token: 67906, full token usage: 0.08, mamba num: 283, mamba usage: 0.61, cuda graph: True, gen throughput (token/s): 11853.68, #queue-req: 36
[36m(SGLangEngine pid=60897)[0m [2026-08-06 06:25:52] Decode batch, #running-req: 92, #full token: 71586, full token usage: 0.09, mamba num: 283, mamba usage: 0.61, cuda graph: True, gen throughput (token/s): 11806.12, #queue-req: 36
[36m(SGLangEngine pid=60897)[0m [2026-08-06 06:25:53] Decode batch, #running-req: 92, #full token: 75266, full token usage: 0.09, mamba num: 283, mamba usage: 0.61, cuda graph: True, gen throughput (token/s): 11771.26, #queue-req: 36
[36m(SGLangEngine pid=60897)[0m [2026-08-06 06:25:53] Decode batch, #running-req: 92, #full token: 78946, full token usage: 0.10, mamba num: 283, mamba usage: 0.61, cuda graph: True, gen throughput (token/s): 11727.19, #queue-req: 36
[36m(SGLangEngine pid=60897)[0m [2026-08-06 06:25:53] Decode batch, #running-req: 92, #full token: 82626, full token usage: 0.10, mamba num: 283, mamba usage: 0.61, cuda graph: True, gen throughput (token/s): 11413.21, #queue-req: 36
[36m(SGLangEngine pid=60897)[0m [2026-08-06 06:25:53] INFO:     172.25.0.2:38798 - "POST /generate HTTP/1.1" 200 OK
[36m(SGLangEngine pid=60897)[0m [2026-08-06 06:25:53] Prefill batch, #new-seq: 1, #new-token: 24, #cached-token: 128, full token usage: 0.10, mamba usage: 0.61, #running-req: 91, #queue-req: 35, #pending-token: 7198, cuda graph: False, input throughput (token/s): 3.59
[36m(SGLangEngine pid=60897)[0m [2026-08-06 06:25:54] Decode batch, #running-req: 92, #full token: 85420, full token usage: 0.11, mamba num: 283, mamba usage: 0.61, cuda graph: True, gen throughput (token/s): 9756.13, #queue-req: 35
[36m(SGLangEngine pid=60897)[0m [2026-08-06 06:25:54] Decode batch, #running-req: 92, #full token: 89100, full token usage: 0.11, mamba num: 283, mamba usage: 0.61, cuda graph: True, gen throughput (token/s): 11501.24, #queue-req: 35
[36m(SGLangEngine pid=60897)[0m [2026-08-06 06:25:54] INFO:     172.25.0.2:39606 - "GET /health HTTP/1.1" 200 OK
[36m(SGLangEngine pid=60897)[0m [2026-08-06 06:25:54] Decode batch, #running-req: 92, #full token: 92780, full token usage: 0.11, mamba num: 283, mamba usage: 0.61, cuda graph: True, gen throughput (token/s): 11563.59, #queue-req: 35
[36m(SGLangEngine pid=60897)[0m [2026-08-06 06:25:55] Decode batch, #running-req: 92, #full token: 96460, full token usage: 0.12, mamba num: 283, mamba usage: 0.61, cuda graph: True, gen throughput (token/s): 11382.33, #queue-req: 35
[36m(SGLangEngine pid=60897)[0m [2026-08-06 06:25:55] Decode batch, #running-req: 92, #full token: 100140, full token usage: 0.12, mamba num: 283, mamba usage: 0.61, cuda graph: True, gen throughput (token/s): 11490.62, #queue-req: 35
[36m(SGLangEngine pid=60897)[0m [2026-08-06 06:25:55] Decode batch, #running-req: 92, #full token: 103820, full token usage: 0.13, mamba num: 283, mamba usage: 0.61, cuda graph: True, gen throughput (token/s): 11194.68, #queue-req: 35
[36m(SGLangEngine pid=60897)[0m [2026-08-06 06:25:56] Decode batch, #running-req: 92, #full token: 107500, full token usage: 0.13, mamba num: 283, mamba usage: 0.61, cuda graph: True, gen throughput (token/s): 10901.91, #queue-req: 35
[36m(SGLangEngine pid=60897)[0m [2026-08-06 06:25:56] INFO:     172.25.0.2:39228 - "POST /generate HTTP/1.1" 200 OK
[36m(SGLangEngine pid=60897)[0m [2026-08-06 06:25:56] Prefill batch, #new-seq: 1, #new-token: 24, #cached-token: 128, full token usage: 0.13, mamba usage: 0.61, #running-req: 91, #queue-req: 34, #pending-token: 7046, cuda graph: False, input throughput (token/s): 10.76
[36m(SGLangEngine pid=60897)[0m [2026-08-06 06:25:56] INFO:     172.25.0.2:39130 - "POST /generate HTTP/1.1" 200 OK
[36m(SGLangEngine pid=60897)[0m [2026-08-06 06:25:56] INFO:     172.25.0.2:39164 - "POST /generate HTTP/1.1" 200 OK
[36m(SGLangEngine pid=60897)[0m [2026-08-06 06:25:56] Prefill batch, #new-seq: 1, #new-token: 24, #cached-token: 128, full token usage: 0.13, mamba usage: 0.61, #running-req: 91, #queue-req: 33, #pending-token: 6894, cuda graph: False, input throughput (token/s): 106.42
[36m(SGLangEngine pid=60897)[0m [2026-08-06 06:25:56] Prefill batch, #new-seq: 1, #new-token: 198, #cached-token: 0, full token usage: 0.13, mamba usage: 0.61, #running-req: 91, #queue-req: 32, #pending-token: 6696, cuda graph: False, input throughput (token/s): 4055.33
[36m(SGLangEngine pid=60897)[0m [2026-08-06 06:25:56] Decode batch, #running-req: 92, #full token: 107958, full token usage: 0.13, mamba num: 284, mamba usage: 0.61, cuda graph: True, gen throughput (token/s): 8134.46, #queue-req: 32
[36m(SGLangEngine pid=60897)[0m [2026-08-06 06:25:56] Decode batch, #running-req: 92, #full token: 111638, full token usage: 0.14, mamba num: 284, mamba usage: 0.61, cuda graph: True, gen throughput (token/s): 11346.45, #queue-req: 32
[36m(SGLangEngine pid=60897)[0m [2026-08-06 06:25:57] Decode batch, #running-req: 92, #full token: 115318, full token usage: 0.14, mamba num: 284, mamba usage: 0.61, cuda graph: True, gen throughput (token/s): 10900.59, #queue-req: 32
[36m(SGLangEngine pid=60897)[0m [2026-08-06 06:25:57] Decode batch, #running-req: 92, #full token: 118998, full token usage: 0.15, mamba num: 284, mamba usage: 0.61, cuda graph: True, gen throughput (token/s): 11158.24, #queue-req: 32
[36m(SGLangEngine pid=60897)[0m [2026-08-06 06:25:57] Decode batch, #running-req: 92, #full token: 122678, full token usage: 0.15, mamba num: 284, mamba usage: 0.61, cuda graph: True, gen throughput (token/s): 11410.02, #queue-req: 32
[36m(SGLangEngine pid=60897)[0m [2026-08-06 06:25:58] Decode batch, #running-req: 92, #full token: 126358, full token usage: 0.16, mamba num: 284, mamba usage: 0.61, cuda graph: True, gen throughput (token/s): 10695.57, #queue-req: 32
[36m(SGLangEngine pid=60897)[0m [2026-08-06 06:25:58] Decode batch, #running-req: 92, #full token: 130038, full token usage: 0.16, mamba num: 284, mamba usage: 0.61, cuda graph: True, gen throughput (token/s): 10242.97, #queue-req: 32
[36m(SGLangEngine pid=60897)[0m [2026-08-06 06:25:58] Decode batch, #running-req: 92, #full token: 133718, full token usage: 0.17, mamba num: 284, mamba usage: 0.61, cuda graph: True, gen throughput (token/s): 11123.38, #queue-req: 32
[36m(SGLangEngine pid=60897)[0m [2026-08-06 06:25:59] Decode batch, #running-req: 92, #full token: 137398, full token usage: 0.17, mamba num: 284, mamba usage: 0.61, cuda graph: True, gen throughput (token/s): 10810.05, #queue-req: 32
[36m(SGLangEngine pid=60897)[0m [2026-08-06 06:25:59] Decode batch, #running-req: 92, #full token: 141078, full token usage: 0.17, mamba num: 284, mamba usage: 0.61, cuda graph: True, gen throughput (token/s): 10744.93, #queue-req: 32
[36m(SGLangEngine pid=60897)[0m [2026-08-06 06:25:59] Decode batch, #running-req: 92, #full token: 144758, full token usage: 0.18, mamba num: 284, mamba usage: 0.61, cuda graph: True, gen throughput (token/s): 10994.09, #queue-req: 32
[36m(SGLangEngine pid=60897)[0m [2026-08-06 06:26:00] Decode batch, #running-req: 92, #full token: 148438, full token usage: 0.18, mamba num: 284, mamba usage: 0.61, cuda graph: True, gen throughput (token/s): 10706.47, #queue-req: 32
[36m(SGLangEngine pid=60897)[0m [2026-08-06 06:26:00] Decode batch, #running-req: 92, #full token: 152118, full token usage: 0.19, mamba num: 284, mamba usage: 0.61, cuda graph: True, gen throughput (token/s): 10238.45, #queue-req: 32
[36m(SGLangEngine pid=60897)[0m [2026-08-06 06:26:00] INFO:     172.25.0.2:39178 - "POST /generate HTTP/1.1" 200 OK
[36m(SGLangEngine pid=60897)[0m [2026-08-06 06:26:00] Decode batch, #running-req: 92, #full token: 154106, full token usage: 0.19, mamba num: 281, mamba usage: 0.61, cuda graph: True, gen throughput (token/s): 10448.38, #queue-req: 32
[36m(SGLangEngine pid=60897)[0m [2026-08-06 06:26:00] Prefill batch, #new-seq: 1, #new-token: 6, #cached-token: 192, full token usage: 0.19, mamba usage: 0.61, #running-req: 91, #queue-req: 31, #pending-token: 6498, cuda graph: False, input throughput (token/s): 1.32
[36m(SGLangEngine pid=60897)[0m [2026-08-06 06:26:01] INFO:     172.25.0.2:39172 - "POST /generate HTTP/1.1" 200 OK
[36m(SGLangEngine pid=60897)[0m [2026-08-06 06:26:01] Decode batch, #running-req: 92, #full token: 157792, full token usage: 0.19, mamba num: 284, mamba usage: 0.61, cuda graph: True, gen throughput (token/s): 9869.62, #queue-req: 31
[36m(SGLangEngine pid=60897)[0m [2026-08-06 06:26:01] Prefill batch, #new-seq: 1, #new-token: 6, #cached-token: 192, full token usage: 0.19, mamba usage: 0.61, #running-req: 91, #queue-req: 30, #pending-token: 6300, cuda graph: False, input throughput (token/s): 14.94
[36m(SGLangEngine pid=60897)[0m [2026-08-06 06:26:01] Decode batch, #running-req: 92, #full token: 159743, full token usage: 0.20, mamba num: 284, mamba usage: 0.61, cuda graph: True, gen throughput (token/s): 9450.37, #queue-req: 30
[36m(SGLangEngine pid=60897)[0m [2026-08-06 06:26:02] Decode batch, #running-req: 92, #full token: 163423, full token usage: 0.20, mamba num: 284, mamba usage: 0.61, cuda graph: True, gen throughput (token/s): 10551.20, #queue-req: 30
[36m(SGLangEngine pid=60897)[0m [2026-08-06 06:26:02] Decode batch, #running-req: 92, #full token: 167103, full token usage: 0.21, mamba num: 284, mamba usage: 0.61, cuda graph: True, gen throughput (token/s): 10679.94, #queue-req: 30
[36m(SGLangEngine pid=60897)[0m [2026-08-06 06:26:02] INFO:     172.25.0.2:39134 - "POST /generate HTTP/1.1" 200 OK
[36m(SGLangEngine pid=60897)[0m [2026-08-06 06:26:02] Prefill batch, #new-seq: 1, #new-token: 6, #cached-token: 192, full token usage: 0.21, mamba usage: 0.61, #running-req: 91, #queue-req: 29, #pending-token: 6102, cuda graph: False, input throughput (token/s): 4.46
[36m(SGLangEngine pid=60897)[0m [2026-08-06 06:26:02] Decode batch, #running-req: 92, #full token: 168905, full token usage: 0.21, mamba num: 284, mamba usage: 0.61, cuda graph: True, gen throughput (token/s): 9341.79, #queue-req: 29
[36m(SGLangEngine pid=60897)[0m [2026-08-06 06:26:03] Decode batch, #running-req: 92, #full token: 172585, full token usage: 0.21, mamba num: 284, mamba usage: 0.61, cuda graph: True, gen throughput (token/s): 9869.02, #queue-req: 29
[36m(SGLangEngine pid=60897)[0m [2026-08-06 06:26:03] Decode batch, #running-req: 92, #full token: 176265, full token usage: 0.22, mamba num: 284, mamba usage: 0.61, cuda graph: True, gen throughput (token/s): 10548.21, #queue-req: 29
[36m(SGLangEngine pid=60897)[0m [2026-08-06 06:26:03] Decode batch, #running-req: 92, #full token: 179945, full token usage: 0.22, mamba num: 284, mamba usage: 0.61, cuda graph: True, gen throughput (token/s): 10157.42, #queue-req: 29
[36m(SGLangEngine pid=60897)[0m [2026-08-06 06:26:04] INFO:     172.25.0.2:39082 - "POST /generate HTTP/1.1" 200 OK
[36m(SGLangEngine pid=60897)[0m [2026-08-06 06:26:04] Prefill batch, #new-seq: 1, #new-token: 6, #cached-token: 192, full token usage: 0.22, mamba usage: 0.61, #running-req: 91, #queue-req: 28, #pending-token: 5904, cuda graph: False, input throughput (token/s): 4.07
[36m(SGLangEngine pid=60897)[0m [2026-08-06 06:26:04] Decode batch, #running-req: 92, #full token: 181560, full token usage: 0.22, mamba num: 284, mamba usage: 0.61, cuda graph: True, gen throughput (token/s): 9336.95, #queue-req: 28
[36m(SGLangEngine pid=60897)[0m [2026-08-06 06:26:04] Decode batch, #running-req: 92, #full token: 185240, full token usage: 0.23, mamba num: 284, mamba usage: 0.61, cuda graph: True, gen throughput (token/s): 10566.72, #queue-req: 28
[36m(SGLangEngine pid=60897)[0m [2026-08-06 06:26:04] Decode batch, #running-req: 92, #full token: 188920, full token usage: 0.23, mamba num: 284, mamba usage: 0.61, cuda graph: True, gen throughput (token/s): 10200.25, #queue-req: 28
[36m(SGLangEngine pid=60897)[0m [2026-08-06 06:26:05] Decode batch, #running-req: 92, #full token: 192600, full token usage: 0.24, mamba num: 284, mamba usage: 0.61, cuda graph: True, gen throughput (token/s): 9606.32, #queue-req: 28
[36m(SGLangEngine pid=60897)[0m [2026-08-06 06:26:05] Decode batch, #running-req: 92, #full token: 196280, full token usage: 0.24, mamba num: 284, mamba usage: 0.61, cuda graph: True, gen throughput (token/s): 10135.62, #queue-req: 28
[36m(SGLangEngine pid=60897)[0m [2026-08-06 06:26:06] Decode batch, #running-req: 92, #full token: 199960, full token usage: 0.25, mamba num: 284, mamba usage: 0.61, cuda graph: True, gen throughput (token/s): 10289.64, #queue-req: 28
[36m(SGLangEngine pid=60897)[0m [2026-08-06 06:26:06] Decode batch, #running-req: 92, #full token: 203640, full token usage: 0.25, mamba num: 284, mamba usage: 0.61, cuda graph: True, gen throughput (token/s): 9798.77, #queue-req: 28
[36m(SGLangEngine pid=60897)[0m [2026-08-06 06:26:06] Decode batch, #running-req: 92, #full token: 207320, full token usage: 0.26, mamba num: 284, mamba usage: 0.61, cuda graph: True, gen throughput (token/s): 10230.01, #queue-req: 28
[36m(SGLangEngine pid=60897)[0m [2026-08-06 06:26:07] Decode batch, #running-req: 92, #full token: 211000, full token usage: 0.26, mamba num: 284, mamba usage: 0.61, cuda graph: True, gen throughput (token/s): 9901.71, #queue-req: 28
[36m(SGLangEngine pid=60897)[0m [2026-08-06 06:26:07] Decode batch, #running-req: 92, #full token: 214680, full token usage: 0.27, mamba num: 284, mamba usage: 0.61, cuda graph: True, gen throughput (token/s): 9808.04, #queue-req: 28
[36m(SGLangEngine pid=60897)[0m [2026-08-06 06:26:07] Decode batch, #running-req: 92, #full token: 218360, full token usage: 0.27, mamba num: 284, mamba usage: 0.61, cuda graph: True, gen throughput (token/s): 9710.12, #queue-req: 28
[36m(SGLangEngine pid=60897)[0m [2026-08-06 06:26:08] Decode batch, #running-req: 92, #full token: 222040, full token usage: 0.27, mamba num: 284, mamba usage: 0.61, cuda graph: True, gen throughput (token/s): 10219.08, #queue-req: 28
[36m(SGLangEngine pid=60897)[0m [2026-08-06 06:26:08] INFO:     172.25.0.2:39078 - "POST /generate HTTP/1.1" 200 OK
[36m(SGLangEngine pid=60897)[0m [2026-08-06 06:26:08] Decode batch, #running-req: 92, #full token: 223161, full token usage: 0.28, mamba num: 281, mamba usage: 0.61, cuda graph: True, gen throughput (token/s): 9715.50, #queue-req: 28
[36m(SGLangEngine pid=60897)[0m [2026-08-06 06:26:08] Prefill batch, #new-seq: 1, #new-token: 6, #cached-token: 192, full token usage: 0.28, mamba usage: 0.61, #running-req: 91, #queue-req: 27, #pending-token: 5706, cuda graph: False, input throughput (token/s): 1.33
[36m(SGLangEngine pid=60897)[0m [2026-08-06 06:26:08] INFO:     172.25.0.2:39216 - "POST /generate HTTP/1.1" 200 OK
[36m(SGLangEngine pid=60897)[0m [2026-08-06 06:26:08] Prefill batch, #new-seq: 1, #new-token: 6, #cached-token: 192, full token usage: 0.27, mamba usage: 0.61, #running-req: 91, #queue-req: 26, #pending-token: 5508, cuda graph: False, input throughput (token/s): 27.89
[36m(SGLangEngine pid=60897)[0m [2026-08-06 06:26:09] INFO:     172.25.0.2:39148 - "POST /generate HTTP/1.1" 200 OK
[36m(SGLangEngine pid=60897)[0m [2026-08-06 06:26:09] Prefill batch, #new-seq: 1, #new-token: 6, #cached-token: 192, full token usage: 0.27, mamba usage: 0.61, #running-req: 91, #queue-req: 25, #pending-token: 5310, cuda graph: False, input throughput (token/s): 36.64
[36m(SGLangEngine pid=60897)[0m [2026-08-06 06:26:09] Decode batch, #running-req: 92, #full token: 221741, full token usage: 0.27, mamba num: 284, mamba usage: 0.61, cuda graph: True, gen throughput (token/s): 7872.74, #queue-req: 25
[36m(SGLangEngine pid=60897)[0m [2026-08-06 06:26:09] Decode batch, #running-req: 92, #full token: 225421, full token usage: 0.28, mamba num: 284, mamba usage: 0.61, cuda graph: True, gen throughput (token/s): 9940.73, #queue-req: 25
[36m(SGLangEngine pid=60897)[0m [2026-08-06 06:26:09] Decode batch, #running-req: 92, #full token: 229101, full token usage: 0.28, mamba num: 284, mamba usage: 0.61, cuda graph: True, gen throughput (token/s): 9496.43, #queue-req: 25
[36m(SGLangEngine pid=60897)[0m [2026-08-06 06:26:10] Decode batch, #running-req: 92, #full token: 232781, full token usage: 0.29, mamba num: 284, mamba usage: 0.61, cuda graph: True, gen throughput (token/s): 9268.36, #queue-req: 25
[36m(SGLangEngine pid=60897)[0m [2026-08-06 06:26:10] Decode batch, #running-req: 92, #full token: 236461, full token usage: 0.29, mamba num: 284, mamba usage: 0.61, cuda graph: True, gen throughput (token/s): 9940.72, #queue-req: 25
[36m(SGLangEngine pid=60897)[0m [2026-08-06 06:26:11] Decode batch, #running-req: 92, #full token: 240141, full token usage: 0.30, mamba num: 284, mamba usage: 0.61, cuda graph: True, gen throughput (token/s): 9672.72, #queue-req: 25
[36m(SGLangEngine pid=60897)[0m [2026-08-06 06:26:11] INFO:     172.25.0.2:39132 - "POST /generate HTTP/1.1" 200 OK
[36m(SGLangEngine pid=60897)[0m [2026-08-06 06:26:11] Prefill batch, #new-seq: 1, #new-token: 6, #cached-token: 192, full token usage: 0.30, mamba usage: 0.61, #running-req: 91, #queue-req: 24, #pending-token: 5112, cuda graph: False, input throughput (token/s): 2.62
[36m(SGLangEngine pid=60897)[0m [2026-08-06 06:26:11] Decode batch, #running-req: 92, #full token: 241024, full token usage: 0.30, mamba num: 284, mamba usage: 0.61, cuda graph: True, gen throughput (token/s): 8821.75, #queue-req: 24
[36m(SGLangEngine pid=60897)[0m [2026-08-06 06:26:11] INFO:     172.25.0.2:39084 - "POST /generate HTTP/1.1" 200 OK
[36m(SGLangEngine pid=60897)[0m [2026-08-06 06:26:11] INFO:     172.25.0.2:39114 - "POST /generate HTTP/1.1" 200 OK
[36m(SGLangEngine pid=60897)[0m [2026-08-06 06:26:11] Prefill batch, #new-seq: 1, #new-token: 6, #cached-token: 192, full token usage: 0.29, mamba usage: 0.61, #running-req: 91, #queue-req: 23, #pending-token: 4914, cuda graph: False, input throughput (token/s): 16.65
[36m(SGLangEngine pid=60897)[0m [2026-08-06 06:26:11] Prefill batch, #new-seq: 1, #new-token: 6, #cached-token: 192, full token usage: 0.29, mamba usage: 0.61, #running-req: 91, #queue-req: 22, #pending-token: 4716, cuda graph: False, input throughput (token/s): 141.95
[36m(SGLangEngine pid=60897)[0m [2026-08-06 06:26:11] Decode batch, #running-req: 92, #full token: 239039, full token usage: 0.30, mamba num: 284, mamba usage: 0.61, cuda graph: True, gen throughput (token/s): 8288.79, #queue-req: 22
[36m(SGLangEngine pid=60897)[0m [2026-08-06 06:26:12] Decode batch, #running-req: 92, #full token: 242719, full token usage: 0.30, mamba num: 284, mamba usage: 0.61, cuda graph: True, gen throughput (token/s): 9364.24, #queue-req: 22
[36m(SGLangEngine pid=60897)[0m [2026-08-06 06:26:12] INFO:     172.25.0.2:39056 - "POST /generate HTTP/1.1" 200 OK
[36m(SGLangEngine pid=60897)[0m [2026-08-06 06:26:12] Decode batch, #running-req: 92, #full token: 243440, full token usage: 0.30, mamba num: 281, mamba usage: 0.61, cuda graph: True, gen throughput (token/s): 9189.62, #queue-req: 22
[36m(SGLangEngine pid=60897)[0m [2026-08-06 06:26:12] Prefill batch, #new-seq: 1, #new-token: 6, #cached-token: 192, full token usage: 0.30, mamba usage: 0.61, #running-req: 91, #queue-req: 21, #pending-token: 4518, cuda graph: False, input throughput (token/s): 6.31
[36m(SGLangEngine pid=60897)[0m [2026-08-06 06:26:13] INFO:     172.25.0.2:38910 - "POST /generate HTTP/1.1" 200 OK
[36m(SGLangEngine pid=60897)[0m [2026-08-06 06:26:13] Decode batch, #running-req: 92, #full token: 247126, full token usage: 0.31, mamba num: 284, mamba usage: 0.61, cuda graph: True, gen throughput (token/s): 8704.10, #queue-req: 21
[36m(SGLangEngine pid=60897)[0m [2026-08-06 06:26:13] Prefill batch, #new-seq: 1, #new-token: 6, #cached-token: 192, full token usage: 0.30, mamba usage: 0.61, #running-req: 91, #queue-req: 20, #pending-token: 4320, cuda graph: False, input throughput (token/s): 13.59
[36m(SGLangEngine pid=60897)[0m [2026-08-06 06:26:13] INFO:     172.25.0.2:38866 - "POST /generate HTTP/1.1" 200 OK
[36m(SGLangEngine pid=60897)[0m [2026-08-06 06:26:13] Prefill batch, #new-seq: 1, #new-token: 6, #cached-token: 192, full token usage: 0.30, mamba usage: 0.61, #running-req: 91, #queue-req: 19, #pending-token: 4122, cuda graph: False, input throughput (token/s): 24.82
[36m(SGLangEngine pid=60897)[0m [2026-08-06 06:26:13] Decode batch, #running-req: 92, #full token: 244726, full token usage: 0.30, mamba num: 284, mamba usage: 0.61, cuda graph: True, gen throughput (token/s): 8312.63, #queue-req: 19
[36m(SGLangEngine pid=60897)[0m [2026-08-06 06:26:13] Decode batch, #running-req: 92, #full token: 248406, full token usage: 0.31, mamba num: 284, mamba usage: 0.61, cuda graph: True, gen throughput (token/s): 9254.61, #queue-req: 19
[36m(SGLangEngine pid=60897)[0m [2026-08-06 06:26:14] Decode batch, #running-req: 92, #full token: 252086, full token usage: 0.31, mamba num: 284, mamba usage: 0.61, cuda graph: True, gen throughput (token/s): 9436.38, #queue-req: 19
[36m(SGLangEngine pid=60897)[0m [2026-08-06 06:26:14] Decode batch, #running-req: 92, #full token: 255766, full token usage: 0.32, mamba num: 284, mamba usage: 0.61, cuda graph: True, gen throughput (token/s): 9288.81, #queue-req: 19
[36m(SGLangEngine pid=60897)[0m [2026-08-06 06:26:15] INFO:     172.25.0.2:39052 - "POST /generate HTTP/1.1" 200 OK
[36m(SGLangEngine pid=60897)[0m [2026-08-06 06:26:15] Prefill batch, #new-seq: 1, #new-token: 6, #cached-token: 192, full token usage: 0.32, mamba usage: 0.61, #running-req: 91, #queue-req: 18, #pending-token: 3924, cuda graph: False, input throughput (token/s): 3.58
[36m(SGLangEngine pid=60897)[0m [2026-08-06 06:26:15] Decode batch, #running-req: 92, #full token: 256263, full token usage: 0.32, mamba num: 284, mamba usage: 0.61, cuda graph: True, gen throughput (token/s): 8412.35, #queue-req: 18
[36m(SGLangEngine pid=60897)[0m [2026-08-06 06:26:15] Decode batch, #running-req: 92, #full token: 259943, full token usage: 0.32, mamba num: 284, mamba usage: 0.61, cuda graph: True, gen throughput (token/s): 9057.77, #queue-req: 18
[36m(SGLangEngine pid=60897)[0m [2026-08-06 06:26:15] Decode batch, #running-req: 92, #full token: 263623, full token usage: 0.33, mamba num: 284, mamba usage: 0.61, cuda graph: True, gen throughput (token/s): 9402.46, #queue-req: 18
[36m(SGLangEngine pid=60897)[0m [2026-08-06 06:26:16] INFO:     172.25.0.2:38966 - "POST /generate HTTP/1.1" 200 OK
[36m(SGLangEngine pid=60897)[0m [2026-08-06 06:26:16] Prefill batch, #new-seq: 1, #new-token: 6, #cached-token: 192, full token usage: 0.32, mamba usage: 0.61, #running-req: 91, #queue-req: 17, #pending-token: 3726, cuda graph: False, input throughput (token/s): 5.70
[36m(SGLangEngine pid=60897)[0m [2026-08-06 06:26:16] Decode batch, #running-req: 92, #full token: 264026, full token usage: 0.33, mamba num: 284, mamba usage: 0.61, cuda graph: True, gen throughput (token/s): 8414.65, #queue-req: 17
[36m(SGLangEngine pid=60897)[0m [2026-08-06 06:26:16] Decode batch, #running-req: 92, #full token: 267706, full token usage: 0.33, mamba num: 284, mamba usage: 0.61, cuda graph: True, gen throughput (token/s): 9088.75, #queue-req: 17
[36m(SGLangEngine pid=60897)[0m [2026-08-06 06:26:17] Decode batch, #running-req: 92, #full token: 271386, full token usage: 0.34, mamba num: 284, mamba usage: 0.61, cuda graph: True, gen throughput (token/s): 9444.52, #queue-req: 17
[36m(SGLangEngine pid=60897)[0m [2026-08-06 06:26:17] Decode batch, #running-req: 92, #full token: 275066, full token usage: 0.34, mamba num: 284, mamba usage: 0.61, cuda graph: True, gen throughput (token/s): 8782.61, #queue-req: 17
[36m(SGLangEngine pid=60897)[0m [2026-08-06 06:26:18] Decode batch, #running-req: 92, #full token: 278746, full token usage: 0.34, mamba num: 284, mamba usage: 0.61, cuda graph: True, gen throughput (token/s): 9055.00, #queue-req: 17
[36m(SGLangEngine pid=60897)[0m [2026-08-06 06:26:18] INFO:     172.25.0.2:39380 - "POST /generate HTTP/1.1" 200 OK
[36m(SGLangEngine pid=60897)[0m [2026-08-06 06:26:18] INFO:     172.25.0.2:39062 - "POST /generate HTTP/1.1" 200 OK
[36m(SGLangEngine pid=60897)[0m [2026-08-06 06:26:18] Prefill batch, #new-seq: 1, #new-token: 209, #cached-token: 0, full token usage: 0.34, mamba usage: 0.62, #running-req: 91, #queue-req: 16, #pending-token: 3517, cuda graph: False, input throughput (token/s): 100.66
[36m(SGLangEngine pid=60897)[0m [2026-08-06 06:26:18] Prefill batch, #new-seq: 1, #new-token: 81, #cached-token: 128, full token usage: 0.34, mamba usage: 0.62, #running-req: 91, #queue-req: 15, #pending-token: 3308, cuda graph: False, input throughput (token/s): 1222.55
[36m(SGLangEngine pid=60897)[0m [2026-08-06 06:26:18] Decode batch, #running-req: 92, #full token: 277339, full token usage: 0.34, mamba num: 286, mamba usage: 0.62, cuda graph: True, gen throughput (token/s): 7583.26, #queue-req: 15
[36m(SGLangEngine pid=60897)[0m [2026-08-06 06:26:18] Decode batch, #running-req: 92, #full token: 281019, full token usage: 0.35, mamba num: 286, mamba usage: 0.62, cuda graph: True, gen throughput (token/s): 9113.58, #queue-req: 15
[36m(SGLangEngine pid=60897)[0m [2026-08-06 06:26:19] Decode batch, #running-req: 92, #full token: 284699, full token usage: 0.35, mamba num: 286, mamba usage: 0.62, cuda graph: True, gen throughput (token/s): 8725.37, #queue-req: 15
[36m(SGLangEngine pid=60897)[0m [2026-08-06 06:26:19] Decode batch, #running-req: 92, #full token: 288379, full token usage: 0.36, mamba num: 286, mamba usage: 0.62, cuda graph: True, gen throughput (token/s): 9356.47, #queue-req: 15
[36m(SGLangEngine pid=60897)[0m [2026-08-06 06:26:20] Decode batch, #running-req: 92, #full token: 292059, full token usage: 0.36, mamba num: 286, mamba usage: 0.62, cuda graph: True, gen throughput (token/s): 8738.40, #queue-req: 15
[36m(SGLangEngine pid=60897)[0m [2026-08-06 06:26:20] Decode batch, #running-req: 92, #full token: 295739, full token usage: 0.37, mamba num: 286, mamba usage: 0.62, cuda graph: True, gen throughput (token/s): 8867.12, #queue-req: 15
[36m(SGLangEngine pid=60897)[0m [2026-08-06 06:26:20] Decode batch, #running-req: 92, #full token: 299419, full token usage: 0.37, mamba num: 286, mamba usage: 0.62, cuda graph: True, gen throughput (token/s): 9045.01, #queue-req: 15
[36m(SGLangEngine pid=60897)[0m [2026-08-06 06:26:21] INFO:     172.25.0.2:39220 - "POST /generate HTTP/1.1" 200 OK
[36m(SGLangEngine pid=60897)[0m [2026-08-06 06:26:21] INFO:     172.25.0.2:38918 - "POST /generate HTTP/1.1" 200 OK
[36m(SGLangEngine pid=60897)[0m [2026-08-06 06:26:21] INFO:     172.25.0.2:39080 - "POST /generate HTTP/1.1" 200 OK
[36m(SGLangEngine pid=60897)[0m [2026-08-06 06:26:21] Prefill batch, #new-seq: 1, #new-token: 17, #cached-token: 192, full token usage: 0.37, mamba usage: 0.62, #running-req: 91, #queue-req: 14, #pending-token: 3099, cuda graph: False, input throughput (token/s): 5.82
[36m(SGLangEngine pid=60897)[0m [2026-08-06 06:26:21] Prefill batch, #new-seq: 2, #new-token: 34, #cached-token: 384, full token usage: 0.36, mamba usage: 0.62, #running-req: 90, #queue-req: 12, #pending-token: 2681, cuda graph: False, input throughput (token/s): 467.74
[36m(SGLangEngine pid=60897)[0m [2026-08-06 06:26:21] Decode batch, #running-req: 92, #full token: 291804, full token usage: 0.36, mamba num: 286, mamba usage: 0.62, cuda graph: True, gen throughput (token/s): 7641.42, #queue-req: 12
[36m(SGLangEngine pid=60897)[0m [2026-08-06 06:26:21] INFO:     172.25.0.2:39146 - "POST /generate HTTP/1.1" 200 OK
[36m(SGLangEngine pid=60897)[0m [2026-08-06 06:26:21] Prefill batch, #new-seq: 1, #new-token: 17, #cached-token: 192, full token usage: 0.36, mamba usage: 0.62, #running-req: 91, #queue-req: 11, #pending-token: 2472, cuda graph: False, input throughput (token/s): 26.88
[36m(SGLangEngine pid=60897)[0m [2026-08-06 06:26:21] Decode batch, #running-req: 92, #full token: 291691, full token usage: 0.36, mamba num: 286, mamba usage: 0.62, cuda graph: True, gen throughput (token/s): 7936.06, #queue-req: 11
[36m(SGLangEngine pid=60897)[0m [2026-08-06 06:26:22] Decode batch, #running-req: 92, #full token: 295371, full token usage: 0.36, mamba num: 286, mamba usage: 0.62, cuda graph: True, gen throughput (token/s): 9008.52, #queue-req: 11
[36m(SGLangEngine pid=60897)[0m [2026-08-06 06:26:22] Decode batch, #running-req: 92, #full token: 299051, full token usage: 0.37, mamba num: 286, mamba usage: 0.62, cuda graph: True, gen throughput (token/s): 8887.26, #queue-req: 11
[36m(SGLangEngine pid=60897)[0m [2026-08-06 06:26:22] INFO:     172.25.0.2:39240 - "POST /generate HTTP/1.1" 200 OK
[36m(SGLangEngine pid=60897)[0m [2026-08-06 06:26:22] Prefill batch, #new-seq: 1, #new-token: 17, #cached-token: 192, full token usage: 0.37, mamba usage: 0.62, #running-req: 91, #queue-req: 10, #pending-token: 2263, cuda graph: False, input throughput (token/s): 15.56
[36m(SGLangEngine pid=60897)[0m [2026-08-06 06:26:23] Decode batch, #running-req: 92, #full token: 298826, full token usage: 0.37, mamba num: 286, mamba usage: 0.62, cuda graph: True, gen throughput (token/s): 7914.18, #queue-req: 10
[36m(SGLangEngine pid=60897)[0m [2026-08-06 06:26:23] INFO:     172.25.0.2:38948 - "POST /generate HTTP/1.1" 200 OK
[36m(SGLangEngine pid=60897)[0m [2026-08-06 06:26:23] Prefill batch, #new-seq: 1, #new-token: 17, #cached-token: 192, full token usage: 0.37, mamba usage: 0.62, #running-req: 91, #queue-req: 9, #pending-token: 2054, cuda graph: False, input throughput (token/s): 28.17
[36m(SGLangEngine pid=60897)[0m [2026-08-06 06:26:23] Decode batch, #running-req: 92, #full token: 298496, full token usage: 0.37, mamba num: 286, mamba usage: 0.62, cuda graph: True, gen throughput (token/s): 8095.60, #queue-req: 9
[36m(SGLangEngine pid=60897)[0m [2026-08-06 06:26:24] Decode batch, #running-req: 92, #full token: 302176, full token usage: 0.37, mamba num: 286, mamba usage: 0.62, cuda graph: True, gen throughput (token/s): 9136.94, #queue-req: 9
[36m(SGLangEngine pid=60897)[0m [2026-08-06 06:26:24] INFO:     172.25.0.2:38880 - "POST /generate HTTP/1.1" 200 OK
[36m(SGLangEngine pid=60897)[0m [2026-08-06 06:26:24] Prefill batch, #new-seq: 1, #new-token: 17, #cached-token: 192, full token usage: 0.37, mamba usage: 0.62, #running-req: 91, #queue-req: 8, #pending-token: 1845, cuda graph: False, input throughput (token/s): 21.79
[36m(SGLangEngine pid=60897)[0m [2026-08-06 06:26:24] Decode batch, #running-req: 92, #full token: 301774, full token usage: 0.37, mamba num: 286, mamba usage: 0.62, cuda graph: True, gen throughput (token/s): 8075.92, #queue-req: 8
[36m(SGLangEngine pid=60897)[0m [2026-08-06 06:26:24] INFO:     172.25.0.2:38506 - "POST /generate HTTP/1.1" 200 OK
[36m(SGLangEngine pid=60897)[0m [2026-08-06 06:26:24] INFO:     172.25.0.2:38510 - "POST /generate HTTP/1.1" 200 OK
[36m(SGLangEngine pid=60897)[0m [2026-08-06 06:26:24] INFO:     172.25.0.2:38516 - "POST /generate HTTP/1.1" 200 OK
[36m(SGLangEngine pid=60897)[0m [2026-08-06 06:26:24] INFO:     172.25.0.2:38532 - "POST /generate HTTP/1.1" 200 OK
[36m(SGLangEngine pid=60897)[0m [2026-08-06 06:26:24] INFO:     172.25.0.2:38548 - "POST /generate HTTP/1.1" 200 OK
[36m(SGLangEngine pid=60897)[0m [2026-08-06 06:26:24] INFO:     172.25.0.2:38558 - "POST /generate HTTP/1.1" 200 OK
[36m(SGLangEngine pid=60897)[0m [2026-08-06 06:26:24] INFO:     172.25.0.2:38556 - "POST /generate HTTP/1.1" 200 OK
[36m(SGLangEngine pid=60897)[0m [2026-08-06 06:26:24] INFO:     172.25.0.2:38578 - "POST /generate HTTP/1.1" 200 OK
[36m(SGLangEngine pid=60897)[0m [2026-08-06 06:26:24] INFO:     172.25.0.2:38568 - "POST /generate HTTP/1.1" 200 OK
[36m(SGLangEngine pid=60897)[0m [2026-08-06 06:26:24] INFO:     172.25.0.2:38584 - "POST /generate HTTP/1.1" 200 OK
[36m(SGLangEngine pid=60897)[0m [2026-08-06 06:26:24] INFO:     172.25.0.2:38610 - "POST /generate HTTP/1.1" 200 OK
[36m(SGLangEngine pid=60897)[0m [2026-08-06 06:26:24] INFO:     172.25.0.2:38582 - "POST /generate HTTP/1.1" 200 OK
[36m(SGLangEngine pid=60897)[0m [2026-08-06 06:26:24] INFO:     172.25.0.2:38608 - "POST /generate HTTP/1.1" 200 OK
[36m(SGLangEngine pid=60897)[0m [2026-08-06 06:26:24] INFO:     172.25.0.2:38628 - "POST /generate HTTP/1.1" 200 OK
[36m(SGLangEngine pid=60897)[0m [2026-08-06 06:26:24] INFO:     172.25.0.2:38670 - "POST /generate HTTP/1.1" 200 OK
[36m(SGLangEngine pid=60897)[0m [2026-08-06 06:26:24] INFO:     172.25.0.2:38654 - "POST /generate HTTP/1.1" 200 OK
[36m(SGLangEngine pid=60897)[0m [2026-08-06 06:26:24] INFO:     172.25.0.2:38642 - "POST /generate HTTP/1.1" 200 OK
[36m(SGLangEngine pid=60897)[0m [2026-08-06 06:26:24] INFO:     172.25.0.2:38680 - "POST /generate HTTP/1.1" 200 OK
[36m(SGLangEngine pid=60897)[0m [2026-08-06 06:26:24] INFO:     172.25.0.2:38694 - "POST /generate HTTP/1.1" 200 OK
[36m(SGLangEngine pid=60897)[0m [2026-08-06 06:26:24] INFO:     172.25.0.2:38706 - "POST /generate HTTP/1.1" 200 OK
[36m(SGLangEngine pid=60897)[0m [2026-08-06 06:26:24] INFO:     172.25.0.2:38722 - "POST /generate HTTP/1.1" 200 OK
[36m(SGLangEngine pid=60897)[0m [2026-08-06 06:26:24] INFO:     172.25.0.2:38736 - "POST /generate HTTP/1.1" 200 OK
[36m(SGLangEngine pid=60897)[0m [2026-08-06 06:26:24] INFO:     172.25.0.2:38748 - "POST /generate HTTP/1.1" 200 OK
[36m(SGLangEngine pid=60897)[0m [2026-08-06 06:26:24] INFO:     172.25.0.2:38758 - "POST /generate HTTP/1.1" 200 OK
[36m(SGLangEngine pid=60897)[0m [2026-08-06 06:26:24] INFO:     172.25.0.2:38762 - "POST /generate HTTP/1.1" 200 OK
[36m(SGLangEngine pid=60897)[0m [2026-08-06 06:26:24] INFO:     172.25.0.2:38766 - "POST /generate HTTP/1.1" 200 OK
[36m(SGLangEngine pid=60897)[0m [2026-08-06 06:26:24] INFO:     172.25.0.2:38782 - "POST /generate HTTP/1.1" 200 OK
[36m(SGLangEngine pid=60897)[0m [2026-08-06 06:26:24] INFO:     172.25.0.2:38814 - "POST /generate HTTP/1.1" 200 OK
[36m(SGLangEngine pid=60897)[0m [2026-08-06 06:26:24] INFO:     172.25.0.2:38812 - "POST /generate HTTP/1.1" 200 OK
[36m(SGLangEngine pid=60897)[0m [2026-08-06 06:26:24] INFO:     172.25.0.2:38820 - "POST /generate HTTP/1.1" 200 OK
[36m(SGLangEngine pid=60897)[0m [2026-08-06 06:26:24] INFO:     172.25.0.2:38818 - "POST /generate HTTP/1.1" 200 OK
[36m(SGLangEngine pid=60897)[0m [2026-08-06 06:26:24] INFO:     172.25.0.2:38838 - "POST /generate HTTP/1.1" 200 OK
[36m(SGLangEngine pid=60897)[0m [2026-08-06 06:26:24] INFO:     172.25.0.2:38848 - "POST /generate HTTP/1.1" 200 OK
[36m(SGLangEngine pid=60897)[0m [2026-08-06 06:26:24] INFO:     172.25.0.2:38854 - "POST /generate HTTP/1.1" 200 OK
[36m(SGLangEngine pid=60897)[0m [2026-08-06 06:26:24] INFO:     172.25.0.2:38878 - "POST /generate HTTP/1.1" 200 OK
[36m(SGLangEngine pid=60897)[0m [2026-08-06 06:26:24] INFO:     172.25.0.2:38896 - "POST /generate HTTP/1.1" 200 OK
[36m(SGLangEngine pid=60897)[0m [2026-08-06 06:26:24] INFO:     172.25.0.2:38898 - "POST /generate HTTP/1.1" 200 OK
[36m(SGLangEngine pid=60897)[0m [2026-08-06 06:26:24] INFO:     172.25.0.2:38920 - "POST /generate HTTP/1.1" 200 OK
[36m(SGLangEngine pid=60897)[0m [2026-08-06 06:26:24] INFO:     172.25.0.2:38944 - "POST /generate HTTP/1.1" 200 OK
[36m(SGLangEngine pid=60897)[0m [2026-08-06 06:26:24] INFO:     172.25.0.2:38956 - "POST /generate HTTP/1.1" 200 OK
[36m(SGLangEngine pid=60897)[0m [2026-08-06 06:26:24] Prefill batch, #new-seq: 8, #new-token: 159, #cached-token: 1686, full token usage: 0.17, mamba usage: 0.40, #running-req: 52, #queue-req: 0, #pending-token: 0, cuda graph: False, input throughput (token/s): 431.22
[36m(SGLangEngine pid=60897)[0m [2026-08-06 06:26:24] Decode batch, #running-req: 60, #full token: 139388, full token usage: 0.17, mamba num: 187, mamba usage: 0.40, cuda graph: True, gen throughput (token/s): 6921.90, #queue-req: 0
[36m(SGLangEngine pid=60897)[0m [2026-08-06 06:26:25] INFO:     172.25.0.2:39042 - "POST /generate HTTP/1.1" 200 OK
[36m(SGLangEngine pid=60897)[0m [2026-08-06 06:26:25] INFO:     172.25.0.2:38978 - "POST /generate HTTP/1.1" 200 OK
[36m(SGLangEngine pid=60897)[0m [2026-08-06 06:26:25] INFO:     172.25.0.2:38984 - "POST /generate HTTP/1.1" 200 OK
[36m(SGLangEngine pid=60897)[0m [2026-08-06 06:26:25] INFO:     172.25.0.2:38998 - "POST /generate HTTP/1.1" 200 OK
[36m(SGLangEngine pid=60897)[0m [2026-08-06 06:26:25] INFO:     172.25.0.2:39012 - "POST /generate HTTP/1.1" 200 OK
[36m(SGLangEngine pid=60897)[0m [2026-08-06 06:26:25] INFO:     172.25.0.2:39024 - "POST /generate HTTP/1.1" 200 OK
[36m(SGLangEngine pid=60897)[0m [2026-08-06 06:26:25] INFO:     172.25.0.2:39032 - "POST /generate HTTP/1.1" 200 OK
[36m(SGLangEngine pid=60897)[0m [2026-08-06 06:26:25] INFO:     172.25.0.2:39040 - "POST /generate HTTP/1.1" 200 OK
[36m(SGLangEngine pid=60897)[0m [2026-08-06 06:26:25] INFO:     172.25.0.2:39060 - "POST /generate HTTP/1.1" 200 OK
[36m(SGLangEngine pid=60897)[0m [2026-08-06 06:26:25] INFO:     172.25.0.2:39086 - "POST /generate HTTP/1.1" 200 OK
[36m(SGLangEngine pid=60897)[0m [2026-08-06 06:26:25] INFO:     172.25.0.2:39102 - "POST /generate HTTP/1.1" 200 OK
[36m(SGLangEngine pid=60897)[0m [2026-08-06 06:26:25] INFO:     172.25.0.2:39192 - "POST /generate HTTP/1.1" 200 OK
[36m(SGLangEngine pid=60897)[0m [2026-08-06 06:26:25] INFO:     172.25.0.2:39206 - "POST /generate HTTP/1.1" 200 OK
[36m(SGLangEngine pid=60897)[0m [2026-08-06 06:26:25] INFO:     172.25.0.2:39252 - "POST /generate HTTP/1.1" 200 OK
[36m(SGLangEngine pid=60897)[0m [2026-08-06 06:26:25] INFO:     172.25.0.2:39258 - "POST /generate HTTP/1.1" 200 OK
[36m(SGLangEngine pid=60897)[0m [2026-08-06 06:26:25] INFO:     172.25.0.2:39260 - "POST /generate HTTP/1.1" 200 OK
[36m(SGLangEngine pid=60897)[0m [2026-08-06 06:26:25] INFO:     172.25.0.2:39276 - "POST /generate HTTP/1.1" 200 OK
[36m(SGLangEngine pid=60897)[0m [2026-08-06 06:26:25] INFO:     172.25.0.2:39280 - "POST /generate HTTP/1.1" 200 OK
[36m(SGLangEngine pid=60897)[0m [2026-08-06 06:26:25] INFO:     172.25.0.2:39282 - "POST /generate HTTP/1.1" 200 OK
[36m(SGLangEngine pid=60897)[0m [2026-08-06 06:26:25] INFO:     172.25.0.2:39288 - "POST /generate HTTP/1.1" 200 OK
[36m(SGLangEngine pid=60897)[0m [2026-08-06 06:26:25] INFO:     172.25.0.2:39294 - "POST /generate HTTP/1.1" 200 OK
[36m(SGLangEngine pid=60897)[0m [2026-08-06 06:26:25] INFO:     172.25.0.2:39298 - "POST /generate HTTP/1.1" 200 OK
[36m(SGLangEngine pid=60897)[0m [2026-08-06 06:26:25] INFO:     172.25.0.2:39306 - "POST /generate HTTP/1.1" 200 OK
[36m(SGLangEngine pid=60897)[0m [2026-08-06 06:26:25] INFO:     172.25.0.2:39320 - "POST /generate HTTP/1.1" 200 OK
[36m(SGLangEngine pid=60897)[0m [2026-08-06 06:26:25] INFO:     172.25.0.2:39324 - "POST /generate HTTP/1.1" 200 OK
[36m(SGLangEngine pid=60897)[0m [2026-08-06 06:26:25] Decode batch, #running-req: 35, #full token: 37984, full token usage: 0.05, mamba num: 110, mamba usage: 0.24, cuda graph: True, gen throughput (token/s): 7054.96, #queue-req: 0
[36m(SGLangEngine pid=60897)[0m [2026-08-06 06:26:25] Decode batch, #running-req: 35, #full token: 39384, full token usage: 0.05, mamba num: 110, mamba usage: 0.24, cuda graph: True, gen throughput (token/s): 5788.06, #queue-req: 0
[36m(SGLangEngine pid=60897)[0m [2026-08-06 06:26:25] Decode batch, #running-req: 35, #full token: 40784, full token usage: 0.05, mamba num: 110, mamba usage: 0.24, cuda graph: True, gen throughput (token/s): 6006.07, #queue-req: 0
[36m(SGLangEngine pid=60897)[0m [2026-08-06 06:26:25] Decode batch, #running-req: 35, #full token: 42184, full token usage: 0.05, mamba num: 110, mamba usage: 0.24, cuda graph: True, gen throughput (token/s): 6000.62, #queue-req: 0
[36m(SGLangEngine pid=60897)[0m [2026-08-06 06:26:26] INFO:     172.25.0.2:39372 - "POST /generate HTTP/1.1" 200 OK
[36m(SGLangEngine pid=60897)[0m [2026-08-06 06:26:26] Decode batch, #running-req: 34, #full token: 40978, full token usage: 0.05, mamba num: 107, mamba usage: 0.23, cuda graph: True, gen throughput (token/s): 5848.45, #queue-req: 0
[36m(SGLangEngine pid=60897)[0m [2026-08-06 06:26:26] Decode batch, #running-req: 34, #full token: 42338, full token usage: 0.05, mamba num: 107, mamba usage: 0.23, cuda graph: True, gen throughput (token/s): 5411.05, #queue-req: 0
[36m(SGLangEngine pid=60897)[0m [2026-08-06 06:26:26] Decode batch, #running-req: 34, #full token: 43698, full token usage: 0.05, mamba num: 107, mamba usage: 0.23, cuda graph: True, gen throughput (token/s): 5490.54, #queue-req: 0
[36m(SGLangEngine pid=60897)[0m [2026-08-06 06:26:26] Decode batch, #running-req: 34, #full token: 45058, full token usage: 0.06, mamba num: 107, mamba usage: 0.23, cuda graph: True, gen throughput (token/s): 5609.84, #queue-req: 0
[36m(SGLangEngine pid=60897)[0m [2026-08-06 06:26:27] Decode batch, #running-req: 34, #full token: 46418, full token usage: 0.06, mamba num: 107, mamba usage: 0.23, cuda graph: True, gen throughput (token/s): 5765.05, #queue-req: 0
[36m(SGLangEngine pid=60897)[0m [2026-08-06 06:26:27] Decode batch, #running-req: 34, #full token: 47778, full token usage: 0.06, mamba num: 107, mamba usage: 0.23, cuda graph: True, gen throughput (token/s): 6029.45, #queue-req: 0
[36m(SGLangEngine pid=60897)[0m [2026-08-06 06:26:27] Decode batch, #running-req: 34, #full token: 49138, full token usage: 0.06, mamba num: 107, mamba usage: 0.23, cuda graph: True, gen throughput (token/s): 5657.18, #queue-req: 0
[36m(SGLangEngine pid=60897)[0m [2026-08-06 06:26:27] INFO:     172.25.0.2:39402 - "POST /generate HTTP/1.1" 200 OK
[36m(SGLangEngine pid=60897)[0m [2026-08-06 06:26:27] Decode batch, #running-req: 33, #full token: 48452, full token usage: 0.06, mamba num: 104, mamba usage: 0.23, cuda graph: True, gen throughput (token/s): 5213.59, #queue-req: 0
[36m(SGLangEngine pid=60897)[0m [2026-08-06 06:26:28] Decode batch, #running-req: 33, #full token: 49772, full token usage: 0.06, mamba num: 104, mamba usage: 0.23, cuda graph: True, gen throughput (token/s): 5349.44, #queue-req: 0
[36m(SGLangEngine pid=60897)[0m [2026-08-06 06:26:28] Decode batch, #running-req: 33, #full token: 51092, full token usage: 0.06, mamba num: 104, mamba usage: 0.23, cuda graph: True, gen throughput (token/s): 5827.62, #queue-req: 0
[36m(SGLangEngine pid=60897)[0m [2026-08-06 06:26:28] Decode batch, #running-req: 33, #full token: 52412, full token usage: 0.06, mamba num: 104, mamba usage: 0.23, cuda graph: True, gen throughput (token/s): 5178.18, #queue-req: 0
[36m(SGLangEngine pid=60897)[0m [2026-08-06 06:26:28] Decode batch, #running-req: 33, #full token: 53732, full token usage: 0.07, mamba num: 104, mamba usage: 0.23, cuda graph: True, gen throughput (token/s): 5840.32, #queue-req: 0
[36m(SGLangEngine pid=60897)[0m [2026-08-06 06:26:29] Decode batch, #running-req: 33, #full token: 55052, full token usage: 0.07, mamba num: 104, mamba usage: 0.23, cuda graph: True, gen throughput (token/s): 5705.60, #queue-req: 0
[36m(SGLangEngine pid=60897)[0m [2026-08-06 06:26:29] Decode batch, #running-req: 33, #full token: 56372, full token usage: 0.07, mamba num: 104, mamba usage: 0.23, cuda graph: True, gen throughput (token/s): 5333.28, #queue-req: 0
[36m(SGLangEngine pid=60897)[0m [2026-08-06 06:26:29] Decode batch, #running-req: 33, #full token: 57692, full token usage: 0.07, mamba num: 104, mamba usage: 0.23, cuda graph: True, gen throughput (token/s): 5026.05, #queue-req: 0
[36m(SGLangEngine pid=60897)[0m [2026-08-06 06:26:29] Decode batch, #running-req: 33, #full token: 59012, full token usage: 0.07, mamba num: 104, mamba usage: 0.23, cuda graph: True, gen throughput (token/s): 5504.58, #queue-req: 0
[36m(SGLangEngine pid=60897)[0m [2026-08-06 06:26:30] INFO:     172.25.0.2:39430 - "POST /generate HTTP/1.1" 200 OK
[36m(SGLangEngine pid=60897)[0m [2026-08-06 06:26:30] Decode batch, #running-req: 32, #full token: 57960, full token usage: 0.07, mamba num: 101, mamba usage: 0.22, cuda graph: True, gen throughput (token/s): 5323.41, #queue-req: 0
[36m(SGLangEngine pid=60897)[0m [2026-08-06 06:26:30] INFO:     172.25.0.2:39336 - "POST /generate HTTP/1.1" 200 OK
[36m(SGLangEngine pid=60897)[0m [2026-08-06 06:26:30] Decode batch, #running-req: 31, #full token: 55115, full token usage: 0.07, mamba num: 98, mamba usage: 0.21, cuda graph: True, gen throughput (token/s): 5488.16, #queue-req: 0
[36m(SGLangEngine pid=60897)[0m [2026-08-06 06:26:30] Decode batch, #running-req: 31, #full token: 56355, full token usage: 0.07, mamba num: 98, mamba usage: 0.21, cuda graph: True, gen throughput (token/s): 5652.76, #queue-req: 0
[36m(SGLangEngine pid=60897)[0m [2026-08-06 06:26:30] Decode batch, #running-req: 31, #full token: 57595, full token usage: 0.07, mamba num: 98, mamba usage: 0.21, cuda graph: True, gen throughput (token/s): 4970.81, #queue-req: 0
[36m(SGLangEngine pid=60897)[0m [2026-08-06 06:26:30] INFO:     172.25.0.2:39382 - "POST /generate HTTP/1.1" 200 OK
[36m(SGLangEngine pid=60897)[0m [2026-08-06 06:26:30] Decode batch, #running-req: 30, #full token: 55621, full token usage: 0.07, mamba num: 95, mamba usage: 0.21, cuda graph: True, gen throughput (token/s): 5054.09, #queue-req: 0
[36m(SGLangEngine pid=60897)[0m [2026-08-06 06:26:31] Decode batch, #running-req: 30, #full token: 56821, full token usage: 0.07, mamba num: 95, mamba usage: 0.21, cuda graph: True, gen throughput (token/s): 5063.25, #queue-req: 0
[36m(SGLangEngine pid=60897)[0m [2026-08-06 06:26:31] INFO:     172.25.0.2:39470 - "POST /generate HTTP/1.1" 200 OK
[36m(SGLangEngine pid=60897)[0m [2026-08-06 06:26:31] Decode batch, #running-req: 29, #full token: 56005, full token usage: 0.07, mamba num: 92, mamba usage: 0.20, cuda graph: True, gen throughput (token/s): 5048.66, #queue-req: 0
[36m(SGLangEngine pid=60897)[0m [2026-08-06 06:26:31] Decode batch, #running-req: 29, #full token: 57165, full token usage: 0.07, mamba num: 92, mamba usage: 0.20, cuda graph: True, gen throughput (token/s): 4966.62, #queue-req: 0
[36m(SGLangEngine pid=60897)[0m [2026-08-06 06:26:31] INFO:     172.25.0.2:39350 - "POST /generate HTTP/1.1" 200 OK
[36m(SGLangEngine pid=60897)[0m [2026-08-06 06:26:31] INFO:     172.25.0.2:39352 - "POST /generate HTTP/1.1" 200 OK
[36m(SGLangEngine pid=60897)[0m [2026-08-06 06:26:31] INFO:     172.25.0.2:39364 - "POST /generate HTTP/1.1" 200 OK
[36m(SGLangEngine pid=60897)[0m [2026-08-06 06:26:31] Decode batch, #running-req: 28, #full token: 54189, full token usage: 0.07, mamba num: 89, mamba usage: 0.19, cuda graph: True, gen throughput (token/s): 5145.80, #queue-req: 0
[36m(SGLangEngine pid=60897)[0m [2026-08-06 06:26:32] Decode batch, #running-req: 26, #full token: 46895, full token usage: 0.06, mamba num: 82, mamba usage: 0.18, cuda graph: True, gen throughput (token/s): 5067.45, #queue-req: 0
[36m(SGLangEngine pid=60897)[0m [2026-08-06 06:26:32] Decode batch, #running-req: 26, #full token: 47935, full token usage: 0.06, mamba num: 82, mamba usage: 0.18, cuda graph: True, gen throughput (token/s): 4545.23, #queue-req: 0
[36m(SGLangEngine pid=60897)[0m [2026-08-06 06:26:32] Decode batch, #running-req: 26, #full token: 48975, full token usage: 0.06, mamba num: 82, mamba usage: 0.18, cuda graph: True, gen throughput (token/s): 4326.77, #queue-req: 0
[36m(SGLangEngine pid=60897)[0m [2026-08-06 06:26:32] Decode batch, #running-req: 26, #full token: 50015, full token usage: 0.06, mamba num: 82, mamba usage: 0.18, cuda graph: True, gen throughput (token/s): 4774.50, #queue-req: 0
[36m(SGLangEngine pid=60897)[0m [2026-08-06 06:26:32] INFO:     172.25.0.2:39416 - "POST /generate HTTP/1.1" 200 OK
[36m(SGLangEngine pid=60897)[0m [2026-08-06 06:26:32] INFO:     172.25.0.2:39442 - "POST /generate HTTP/1.1" 200 OK
[36m(SGLangEngine pid=60897)[0m [2026-08-06 06:26:33] Decode batch, #running-req: 24, #full token: 45530, full token usage: 0.06, mamba num: 76, mamba usage: 0.16, cuda graph: True, gen throughput (token/s): 4505.34, #queue-req: 0
[36m(SGLangEngine pid=60897)[0m [2026-08-06 06:26:33] INFO:     172.25.0.2:39436 - "POST /generate HTTP/1.1" 200 OK
[36m(SGLangEngine pid=60897)[0m [2026-08-06 06:26:33] Decode batch, #running-req: 23, #full token: 43795, full token usage: 0.05, mamba num: 73, mamba usage: 0.16, cuda graph: True, gen throughput (token/s): 4474.01, #queue-req: 0
[36m(SGLangEngine pid=60897)[0m [2026-08-06 06:26:33] INFO:     172.25.0.2:39390 - "POST /generate HTTP/1.1" 200 OK
[36m(SGLangEngine pid=60897)[0m [2026-08-06 06:26:33] Decode batch, #running-req: 22, #full token: 41221, full token usage: 0.05, mamba num: 70, mamba usage: 0.15, cuda graph: True, gen throughput (token/s): 4452.81, #queue-req: 0
[36m(SGLangEngine pid=60897)[0m [2026-08-06 06:26:33] Decode batch, #running-req: 22, #full token: 42101, full token usage: 0.05, mamba num: 70, mamba usage: 0.15, cuda graph: True, gen throughput (token/s): 4053.55, #queue-req: 0
[36m(SGLangEngine pid=60897)[0m [2026-08-06 06:26:33] INFO:     172.25.0.2:39452 - "POST /generate HTTP/1.1" 200 OK
[36m(SGLangEngine pid=60897)[0m [2026-08-06 06:26:33] Decode batch, #running-req: 21, #full token: 40295, full token usage: 0.05, mamba num: 67, mamba usage: 0.15, cuda graph: True, gen throughput (token/s): 4081.03, #queue-req: 0
[36m(SGLangEngine pid=60897)[0m [2026-08-06 06:26:34] Decode batch, #running-req: 21, #full token: 41135, full token usage: 0.05, mamba num: 67, mamba usage: 0.15, cuda graph: True, gen throughput (token/s): 3811.92, #queue-req: 0
[36m(SGLangEngine pid=60897)[0m [2026-08-06 06:26:34] Decode batch, #running-req: 21, #full token: 41975, full token usage: 0.05, mamba num: 67, mamba usage: 0.15, cuda graph: True, gen throughput (token/s): 4298.49, #queue-req: 0
[36m(SGLangEngine pid=60897)[0m [2026-08-06 06:26:34] Decode batch, #running-req: 21, #full token: 42815, full token usage: 0.05, mamba num: 67, mamba usage: 0.15, cuda graph: True, gen throughput (token/s): 4258.13, #queue-req: 0
[36m(SGLangEngine pid=60897)[0m [2026-08-06 06:26:34] Decode batch, #running-req: 21, #full token: 43655, full token usage: 0.05, mamba num: 67, mamba usage: 0.15, cuda graph: True, gen throughput (token/s): 4110.42, #queue-req: 0
[36m(SGLangEngine pid=60897)[0m [2026-08-06 06:26:34] Decode batch, #running-req: 21, #full token: 44495, full token usage: 0.05, mamba num: 67, mamba usage: 0.15, cuda graph: True, gen throughput (token/s): 4177.94, #queue-req: 0
[36m(SGLangEngine pid=60897)[0m [2026-08-06 06:26:35] Decode batch, #running-req: 21, #full token: 45335, full token usage: 0.06, mamba num: 67, mamba usage: 0.15, cuda graph: True, gen throughput (token/s): 3755.38, #queue-req: 0
[36m(SGLangEngine pid=60897)[0m [2026-08-06 06:26:35] Decode batch, #running-req: 21, #full token: 46175, full token usage: 0.06, mamba num: 67, mamba usage: 0.15, cuda graph: True, gen throughput (token/s): 3938.98, #queue-req: 0
[36m(SGLangEngine pid=60897)[0m [2026-08-06 06:26:35] Decode batch, #running-req: 21, #full token: 47015, full token usage: 0.06, mamba num: 67, mamba usage: 0.15, cuda graph: True, gen throughput (token/s): 4069.77, #queue-req: 0
[36m(SGLangEngine pid=60897)[0m [2026-08-06 06:26:35] Decode batch, #running-req: 21, #full token: 47855, full token usage: 0.06, mamba num: 67, mamba usage: 0.15, cuda graph: True, gen throughput (token/s): 4166.88, #queue-req: 0
[36m(SGLangEngine pid=60897)[0m [2026-08-06 06:26:35] Decode batch, #running-req: 21, #full token: 48695, full token usage: 0.06, mamba num: 67, mamba usage: 0.15, cuda graph: True, gen throughput (token/s): 4141.99, #queue-req: 0
[36m(SGLangEngine pid=60897)[0m [2026-08-06 06:26:36] Decode batch, #running-req: 21, #full token: 49535, full token usage: 0.06, mamba num: 67, mamba usage: 0.15, cuda graph: True, gen throughput (token/s): 4372.89, #queue-req: 0
[36m(SGLangEngine pid=60897)[0m [2026-08-06 06:26:36] Decode batch, #running-req: 21, #full token: 50375, full token usage: 0.06, mamba num: 67, mamba usage: 0.15, cuda graph: True, gen throughput (token/s): 4054.11, #queue-req: 0
[36m(SGLangEngine pid=60897)[0m [2026-08-06 06:26:36] Decode batch, #running-req: 21, #full token: 51215, full token usage: 0.06, mamba num: 67, mamba usage: 0.15, cuda graph: True, gen throughput (token/s): 3816.08, #queue-req: 0
[36m(SGLangEngine pid=60897)[0m [2026-08-06 06:26:36] INFO:     172.25.0.2:39478 - "POST /generate HTTP/1.1" 200 OK
[36m(SGLangEngine pid=60897)[0m [2026-08-06 06:26:36] Decode batch, #running-req: 20, #full token: 49142, full token usage: 0.06, mamba num: 64, mamba usage: 0.14, cuda graph: True, gen throughput (token/s): 3785.41, #queue-req: 0
[36m(SGLangEngine pid=60897)[0m [2026-08-06 06:26:36] Decode batch, #running-req: 20, #full token: 49942, full token usage: 0.06, mamba num: 64, mamba usage: 0.14, cuda graph: True, gen throughput (token/s): 4034.14, #queue-req: 0
[36m(SGLangEngine pid=60897)[0m [2026-08-06 06:26:37] INFO:     172.25.0.2:39458 - "POST /generate HTTP/1.1" 200 OK
[36m(SGLangEngine pid=60897)[0m [2026-08-06 06:26:37] Decode batch, #running-req: 19, #full token: 47458, full token usage: 0.06, mamba num: 61, mamba usage: 0.13, cuda graph: True, gen throughput (token/s): 3830.80, #queue-req: 0
[36m(SGLangEngine pid=60897)[0m [2026-08-06 06:26:37] Decode batch, #running-req: 19, #full token: 48218, full token usage: 0.06, mamba num: 61, mamba usage: 0.13, cuda graph: True, gen throughput (token/s): 3767.48, #queue-req: 0
[36m(SGLangEngine pid=60897)[0m [2026-08-06 06:26:37] Decode batch, #running-req: 19, #full token: 48978, full token usage: 0.06, mamba num: 61, mamba usage: 0.13, cuda graph: True, gen throughput (token/s): 3576.08, #queue-req: 0
[36m(SGLangEngine pid=60897)[0m [2026-08-06 06:26:37] Decode batch, #running-req: 19, #full token: 49738, full token usage: 0.06, mamba num: 61, mamba usage: 0.13, cuda graph: True, gen throughput (token/s): 3736.20, #queue-req: 0
[36m(SGLangEngine pid=60897)[0m [2026-08-06 06:26:37] Decode batch, #running-req: 19, #full token: 50498, full token usage: 0.06, mamba num: 61, mamba usage: 0.13, cuda graph: True, gen throughput (token/s): 3691.83, #queue-req: 0
[36m(SGLangEngine pid=60897)[0m [2026-08-06 06:26:38] Decode batch, #running-req: 19, #full token: 51258, full token usage: 0.06, mamba num: 61, mamba usage: 0.13, cuda graph: True, gen throughput (token/s): 3650.74, #queue-req: 0
[36m(SGLangEngine pid=60897)[0m [2026-08-06 06:26:38] Decode batch, #running-req: 19, #full token: 52018, full token usage: 0.06, mamba num: 61, mamba usage: 0.13, cuda graph: True, gen throughput (token/s): 3810.23, #queue-req: 0
[36m(SGLangEngine pid=60897)[0m [2026-08-06 06:26:38] Decode batch, #running-req: 19, #full token: 52778, full token usage: 0.07, mamba num: 61, mamba usage: 0.13, cuda graph: True, gen throughput (token/s): 3776.61, #queue-req: 0
[36m(SGLangEngine pid=60897)[0m [2026-08-06 06:26:38] INFO:     172.25.0.2:39460 - "POST /generate HTTP/1.1" 200 OK
[36m(SGLangEngine pid=60897)[0m [2026-08-06 06:26:38] Decode batch, #running-req: 18, #full token: 49956, full token usage: 0.06, mamba num: 58, mamba usage: 0.13, cuda graph: True, gen throughput (token/s): 3722.27, #queue-req: 0
[36m(SGLangEngine pid=60897)[0m [2026-08-06 06:26:38] INFO:     172.25.0.2:39534 - "POST /generate HTTP/1.1" 200 OK
[36m(SGLangEngine pid=60897)[0m [2026-08-06 06:26:39] Decode batch, #running-req: 17, #full token: 47801, full token usage: 0.06, mamba num: 55, mamba usage: 0.12, cuda graph: True, gen throughput (token/s): 3332.75, #queue-req: 0
[36m(SGLangEngine pid=60897)[0m [2026-08-06 06:26:39] Decode batch, #running-req: 17, #full token: 48481, full token usage: 0.06, mamba num: 55, mamba usage: 0.12, cuda graph: True, gen throughput (token/s): 3230.81, #queue-req: 0
[36m(SGLangEngine pid=60897)[0m [2026-08-06 06:26:39] Decode batch, #running-req: 17, #full token: 49161, full token usage: 0.06, mamba num: 55, mamba usage: 0.12, cuda graph: True, gen throughput (token/s): 3291.91, #queue-req: 0
[36m(SGLangEngine pid=60897)[0m [2026-08-06 06:26:39] Decode batch, #running-req: 17, #full token: 49841, full token usage: 0.06, mamba num: 55, mamba usage: 0.12, cuda graph: True, gen throughput (token/s): 3436.70, #queue-req: 0
[36m(SGLangEngine pid=60897)[0m [2026-08-06 06:26:39] Decode batch, #running-req: 17, #full token: 50521, full token usage: 0.06, mamba num: 55, mamba usage: 0.12, cuda graph: True, gen throughput (token/s): 3277.73, #queue-req: 0
[36m(SGLangEngine pid=60897)[0m [2026-08-06 06:26:40] Decode batch, #running-req: 17, #full token: 51201, full token usage: 0.06, mamba num: 55, mamba usage: 0.12, cuda graph: True, gen throughput (token/s): 3349.16, #queue-req: 0
[36m(SGLangEngine pid=60897)[0m [2026-08-06 06:26:40] Decode batch, #running-req: 17, #full token: 51881, full token usage: 0.06, mamba num: 55, mamba usage: 0.12, cuda graph: True, gen throughput (token/s): 3185.74, #queue-req: 0
[36m(SGLangEngine pid=60897)[0m [2026-08-06 06:26:40] Decode batch, #running-req: 17, #full token: 52561, full token usage: 0.06, mamba num: 55, mamba usage: 0.12, cuda graph: True, gen throughput (token/s): 3259.20, #queue-req: 0
[36m(SGLangEngine pid=60897)[0m [2026-08-06 06:26:40] INFO:     172.25.0.2:39438 - "POST /generate HTTP/1.1" 200 OK
[36m(SGLangEngine pid=60897)[0m [2026-08-06 06:26:40] Decode batch, #running-req: 17, #full token: 53241, full token usage: 0.07, mamba num: 55, mamba usage: 0.12, cuda graph: True, gen throughput (token/s): 3199.34, #queue-req: 0
[36m(SGLangEngine pid=60897)[0m [2026-08-06 06:26:40] Decode batch, #running-req: 16, #full token: 49735, full token usage: 0.06, mamba num: 51, mamba usage: 0.11, cuda graph: True, gen throughput (token/s): 3310.14, #queue-req: 0
[36m(SGLangEngine pid=60897)[0m [2026-08-06 06:26:41] Decode batch, #running-req: 16, #full token: 50375, full token usage: 0.06, mamba num: 51, mamba usage: 0.11, cuda graph: True, gen throughput (token/s): 3299.13, #queue-req: 0
[36m(SGLangEngine pid=60897)[0m [2026-08-06 06:26:41] Decode batch, #running-req: 16, #full token: 51015, full token usage: 0.06, mamba num: 51, mamba usage: 0.11, cuda graph: True, gen throughput (token/s): 3160.39, #queue-req: 0
[36m(SGLangEngine pid=60897)[0m [2026-08-06 06:26:41] Decode batch, #running-req: 16, #full token: 51655, full token usage: 0.06, mamba num: 51, mamba usage: 0.11, cuda graph: True, gen throughput (token/s): 3215.13, #queue-req: 0
[36m(SGLangEngine pid=60897)[0m [2026-08-06 06:26:41] INFO:     172.25.0.2:39612 - "POST /generate HTTP/1.1" 200 OK
[36m(SGLangEngine pid=60897)[0m [2026-08-06 06:26:41] Decode batch, #running-req: 15, #full token: 49214, full token usage: 0.06, mamba num: 48, mamba usage: 0.10, cuda graph: True, gen throughput (token/s): 2982.29, #queue-req: 0
[36m(SGLangEngine pid=60897)[0m [2026-08-06 06:26:41] Decode batch, #running-req: 15, #full token: 49814, full token usage: 0.06, mamba num: 48, mamba usage: 0.10, cuda graph: True, gen throughput (token/s): 3098.17, #queue-req: 0
[36m(SGLangEngine pid=60897)[0m [2026-08-06 06:26:42] Decode batch, #running-req: 15, #full token: 50414, full token usage: 0.06, mamba num: 48, mamba usage: 0.10, cuda graph: True, gen throughput (token/s): 3050.68, #queue-req: 0
[36m(SGLangEngine pid=60897)[0m [2026-08-06 06:26:42] INFO:     172.25.0.2:39592 - "POST /generate HTTP/1.1" 200 OK
[36m(SGLangEngine pid=60897)[0m [2026-08-06 06:26:42] Decode batch, #running-req: 14, #full token: 47813, full token usage: 0.06, mamba num: 45, mamba usage: 0.10, cuda graph: True, gen throughput (token/s): 3063.43, #queue-req: 0
[36m(SGLangEngine pid=60897)[0m [2026-08-06 06:26:42] Decode batch, #running-req: 14, #full token: 48373, full token usage: 0.06, mamba num: 45, mamba usage: 0.10, cuda graph: True, gen throughput (token/s): 2843.26, #queue-req: 0
[36m(SGLangEngine pid=60897)[0m [2026-08-06 06:26:42] Decode batch, #running-req: 14, #full token: 48933, full token usage: 0.06, mamba num: 45, mamba usage: 0.10, cuda graph: True, gen throughput (token/s): 2928.11, #queue-req: 0
[36m(SGLangEngine pid=60897)[0m [2026-08-06 06:26:42] Decode batch, #running-req: 14, #full token: 49493, full token usage: 0.06, mamba num: 45, mamba usage: 0.10, cuda graph: True, gen throughput (token/s): 2737.10, #queue-req: 0
[36m(SGLangEngine pid=60897)[0m [2026-08-06 06:26:43] Decode batch, #running-req: 14, #full token: 50053, full token usage: 0.06, mamba num: 45, mamba usage: 0.10, cuda graph: True, gen throughput (token/s): 2790.18, #queue-req: 0
[36m(SGLangEngine pid=60897)[0m [2026-08-06 06:26:43] INFO:     172.25.0.2:39504 - "POST /generate HTTP/1.1" 200 OK
[36m(SGLangEngine pid=60897)[0m [2026-08-06 06:26:43] Decode batch, #running-req: 14, #full token: 50613, full token usage: 0.06, mamba num: 45, mamba usage: 0.10, cuda graph: True, gen throughput (token/s): 2740.23, #queue-req: 0
[36m(SGLangEngine pid=60897)[0m [2026-08-06 06:26:43] INFO:     172.25.0.2:39518 - "POST /generate HTTP/1.1" 200 OK
[36m(SGLangEngine pid=60897)[0m [2026-08-06 06:26:43] Decode batch, #running-req: 13, #full token: 43373, full token usage: 0.05, mamba num: 39, mamba usage: 0.08, cuda graph: True, gen throughput (token/s): 2755.45, #queue-req: 0
[36m(SGLangEngine pid=60897)[0m [2026-08-06 06:26:43] INFO:     172.25.0.2:39578 - "POST /generate HTTP/1.1" 200 OK
[36m(SGLangEngine pid=60897)[0m [2026-08-06 06:26:43] Decode batch, #running-req: 11, #full token: 40342, full token usage: 0.05, mamba num: 36, mamba usage: 0.08, cuda graph: True, gen throughput (token/s): 2450.81, #queue-req: 0
[36m(SGLangEngine pid=60897)[0m [2026-08-06 06:26:43] INFO:     172.25.0.2:39492 - "POST /generate HTTP/1.1" 200 OK
[36m(SGLangEngine pid=60897)[0m [2026-08-06 06:26:43] Decode batch, #running-req: 10, #full token: 36594, full token usage: 0.05, mamba num: 32, mamba usage: 0.07, cuda graph: True, gen throughput (token/s): 2360.72, #queue-req: 0
[36m(SGLangEngine pid=60897)[0m [2026-08-06 06:26:43] Decode batch, #running-req: 10, #full token: 36994, full token usage: 0.05, mamba num: 32, mamba usage: 0.07, cuda graph: True, gen throughput (token/s): 2220.32, #queue-req: 0
[36m(SGLangEngine pid=60897)[0m [2026-08-06 06:26:44] INFO:     172.25.0.2:39630 - "POST /generate HTTP/1.1" 200 OK
[36m(SGLangEngine pid=60897)[0m [2026-08-06 06:26:44] Decode batch, #running-req: 10, #full token: 37394, full token usage: 0.05, mamba num: 32, mamba usage: 0.07, cuda graph: True, gen throughput (token/s): 2221.89, #queue-req: 0
[36m(SGLangEngine pid=60897)[0m [2026-08-06 06:26:44] Decode batch, #running-req: 9, #full token: 34153, full token usage: 0.04, mamba num: 29, mamba usage: 0.06, cuda graph: True, gen throughput (token/s): 2059.59, #queue-req: 0
[36m(SGLangEngine pid=60897)[0m [2026-08-06 06:26:44] INFO:     172.25.0.2:39554 - "POST /generate HTTP/1.1" 200 OK
[36m(SGLangEngine pid=60897)[0m [2026-08-06 06:26:44] Decode batch, #running-req: 8, #full token: 30676, full token usage: 0.04, mamba num: 26, mamba usage: 0.06, cuda graph: True, gen throughput (token/s): 1890.78, #queue-req: 0
[36m(SGLangEngine pid=60897)[0m [2026-08-06 06:26:44] Decode batch, #running-req: 8, #full token: 30996, full token usage: 0.04, mamba num: 26, mamba usage: 0.06, cuda graph: True, gen throughput (token/s): 1921.55, #queue-req: 0
[36m(SGLangEngine pid=60897)[0m [2026-08-06 06:26:44] Decode batch, #running-req: 8, #full token: 31316, full token usage: 0.04, mamba num: 26, mamba usage: 0.06, cuda graph: True, gen throughput (token/s): 1875.55, #queue-req: 0
[36m(SGLangEngine pid=60897)[0m [2026-08-06 06:26:45] INFO:     172.25.0.2:39520 - "POST /generate HTTP/1.1" 200 OK
[36m(SGLangEngine pid=60897)[0m [2026-08-06 06:26:45] INFO:     172.25.0.2:39634 - "POST /generate HTTP/1.1" 200 OK
[36m(SGLangEngine pid=60897)[0m [2026-08-06 06:26:45] Decode batch, #running-req: 7, #full token: 27521, full token usage: 0.03, mamba num: 23, mamba usage: 0.05, cuda graph: True, gen throughput (token/s): 1913.86, #queue-req: 0
[36m(SGLangEngine pid=60897)[0m [2026-08-06 06:26:45] Decode batch, #running-req: 6, #full token: 23960, full token usage: 0.03, mamba num: 20, mamba usage: 0.04, cuda graph: True, gen throughput (token/s): 1540.43, #queue-req: 0
[36m(SGLangEngine pid=60897)[0m [2026-08-06 06:26:45] INFO:     172.25.0.2:39546 - "POST /generate HTTP/1.1" 200 OK
[36m(SGLangEngine pid=60897)[0m [2026-08-06 06:26:45] Decode batch, #running-req: 5, #full token: 20061, full token usage: 0.02, mamba num: 17, mamba usage: 0.04, cuda graph: True, gen throughput (token/s): 1339.01, #queue-req: 0
[36m(SGLangEngine pid=60897)[0m [2026-08-06 06:26:45] Decode batch, #running-req: 5, #full token: 20261, full token usage: 0.03, mamba num: 17, mamba usage: 0.04, cuda graph: True, gen throughput (token/s): 1235.64, #queue-req: 0
[36m(SGLangEngine pid=60897)[0m [2026-08-06 06:26:45] Decode batch, #running-req: 5, #full token: 20461, full token usage: 0.03, mamba num: 17, mamba usage: 0.04, cuda graph: True, gen throughput (token/s): 1250.70, #queue-req: 0
[36m(SGLangEngine pid=60897)[0m [2026-08-06 06:26:45] INFO:     172.25.0.2:39564 - "POST /generate HTTP/1.1" 200 OK
[36m(SGLangEngine pid=60897)[0m [2026-08-06 06:26:45] Decode batch, #running-req: 5, #full token: 20661, full token usage: 0.03, mamba num: 17, mamba usage: 0.04, cuda graph: True, gen throughput (token/s): 1218.14, #queue-req: 0
[36m(SGLangEngine pid=60897)[0m [2026-08-06 06:26:45] Decode batch, #running-req: 4, #full token: 16718, full token usage: 0.02, mamba num: 14, mamba usage: 0.03, cuda graph: True, gen throughput (token/s): 1095.14, #queue-req: 0
[36m(SGLangEngine pid=60897)[0m [2026-08-06 06:26:46] INFO:     172.25.0.2:39604 - "POST /generate HTTP/1.1" 200 OK
[36m(SGLangEngine pid=60897)[0m [2026-08-06 06:26:46] Decode batch, #running-req: 4, #full token: 16878, full token usage: 0.02, mamba num: 14, mamba usage: 0.03, cuda graph: True, gen throughput (token/s): 1045.74, #queue-req: 0
[36m(SGLangEngine pid=60897)[0m [2026-08-06 06:26:46] INFO:     172.25.0.2:39608 - "POST /generate HTTP/1.1" 200 OK
[36m(SGLangEngine pid=60897)[0m [2026-08-06 06:26:46] INFO:     172.25.0.2:39626 - "POST /generate HTTP/1.1" 200 OK
[36m(SGLangEngine pid=60897)[0m [2026-08-06 06:26:46] INFO:     172.25.0.2:39646 - "POST /generate HTTP/1.1" 200 OK
[36m(RolloutManager pid=60685)[0m [2026-08-06 06:26:46.356 rollout_manager] rmct_rollout.py:412 - RMCT step 5: 18 grad samples, parse_rate=0.406, gap=0.5159, cache_hit=0.32
[36m(RolloutManager pid=60685)[0m [2026-08-06 06:26:46.374 rollout_manager] metrics.py:89 - perf 4: {'rmct/parse_rate': 0.40625, 'rmct/p_ref_mean': 0.05555555555555555, 'rmct/p_hat_mean': 0.5714285714285715, 'rmct/gap_mean': 0.5158730158730159, 'rmct/has_signal': 1.0, 'rmct/n_grad_samples': 18.0, 'rmct/completion_len_p50': 4096.0, 'rmct/completion_len_p99': 4096.0, 'rmct/truncated_frac': 0.59375, 'rmct/prefix_cache_hit_rate': 0.31526854928017717, 'rollout/response_len/mean': 3406.277777777778, 'rollout/response_len/median': 3528.5, 'rollout/response_len/max': 4092, 'rollout/response_len/min': 2029, 'rollout/zero_std/count_0.0': 2, 'rollout/zero_std/all_zero_percentage': 0.6666666666666666, 'rollout/zero_std/all_one_percentage': 0.0, 'rollout/prefix_cache_hit_rate': 0.0, 'rollout/avg_cached_tokens_per_sample': 0.0, 'rollout/repetition_frac': 0.0, 'rollout/truncated_ratio': 0.0, 'perf/rollout_time': 59.85155463218689, 'perf/tokens_per_gpu_per_sec': 1024.4178347044501, 'perf/longest_sample_tokens_per_sec': 68.36915139710355, 'perf/effective_tokens_per_gpu_per_sec': 1024.4178347044501, 'perf/longest_effective_sample_tokens_per_sec': 68.36915139710355}
[36m(RolloutManager pid=60685)[0m [2026-08-06 06:26:46.374 rollout_manager] train_data_conversion.py:262 - Rollout-side DP schedule: num_samples=18, num_rollouts=[1], num_microbatches=[9]
[36m(SGLangEngine pid=60897)[0m [2026-08-06 06:26:46] INFO:     172.25.0.2:60626 - "GET /flush_cache HTTP/1.1" 200 OK
[36m(SGLangEngine pid=60897)[0m [2026-08-06 06:26:46] Reset HybridReqToTokenPool
[36m(SGLangEngine pid=60897)[0m [2026-08-06 06:26:46] Cache flushed successfully!
[36m(SGLangEngine pid=60897)[0m [2026-08-06 06:26:46] Reset HybridReqToTokenPool
[36m(SGLangEngine pid=60897)[0m [2026-08-06 06:26:46] Cache flushed successfully!
[36m(SGLangEngine pid=60897)[0m [2026-08-06 06:26:46] INFO:     172.25.0.2:60636 - "POST /release_memory_occupation HTTP/1.1" 200 OK
[36m(MegatronTrainRayActor pid=61275)[0m [2026-08-06 06:26:46.472 actor_cell0_rank0] structured_log.py:23 - ft cls=MegatronTrainRayActor fn=train phase=start
[36m(MegatronTrainRayActor pid=61275)[0m [2026-08-06 06:26:46.472 actor_cell0_rank0] structured_log.py:23 - ft cls=MegatronTrainRayActor fn=wake_up phase=start
[36m(MegatronTrainRayActor pid=61275)[0m [2026-08-06 06:26:46.472 actor_cell0_rank0] timer.py:31 - Timer wake_up start
[36m(MegatronTrainRayActor pid=61275)[0m [2026-08-06 06:26:46.473 actor_cell0_rank0] memory_utils.py:41 - [Rank 0] Memory-Usage before wake_up model: {'gpu': '0', 'total_GB': 139.81, 'free_GB': 134.42, 'used_GB': 5.39, 'allocated_GB': 71.99, 'reserved_GB': 73.47}
[36m(MegatronTrainRayActor pid=61275)[0m [2026-08-06 06:26:53.432 actor_cell0_rank0] reloadable_process_group.py:151 - Reloading 0 process groups in pid 61275
[36m(MegatronTrainRayActor pid=61275)[0m [2026-08-06 06:26:53.432 actor_cell0_rank0] memory_utils.py:41 - [Rank 0] Memory-Usage after wake_up model: {'gpu': '0', 'total_GB': 139.81, 'free_GB': 61.04, 'used_GB': 78.77, 'allocated_GB': 71.99, 'reserved_GB': 73.47}
[36m(MegatronTrainRayActor pid=61275)[0m [2026-08-06 06:26:53.432 actor_cell0_rank0] timer.py:42 - Timer wake_up end (elapsed: 7.0s)
[36m(MegatronTrainRayActor pid=61275)[0m [2026-08-06 06:26:53.432 actor_cell0_rank0] structured_log.py:27 - ft cls=MegatronTrainRayActor fn=wake_up phase=end ok=true elapsed_s=7.0
[36m(MegatronTrainRayActor pid=61275)[0m [2026-08-06 06:26:53.432 actor_cell0_rank0] timer.py:31 - Timer data_preprocess start
[36m(MegatronTrainRayActor pid=61275)[0m [2026-08-06 06:26:53.447 actor_cell0_rank0] timer.py:42 - Timer data_preprocess end (elapsed: 0.0s)
[36m(MegatronTrainRayActor pid=61275)[0m [2026-08-06 06:26:53.448 actor_cell0_rank0] structured_log.py:23 - ft cls=MegatronTrainRayActor fn=train_actor phase=start
[36m(MegatronTrainRayActor pid=61275)[0m [2026-08-06 06:26:53.448 actor_cell0_rank0] timer.py:42 - Timer train_wait end (elapsed: 86.7s)
[36m(MegatronTrainRayActor pid=61275)[0m [2026-08-06 06:26:53.448 actor_cell0_rank0] timer.py:31 - Timer train start
[36m(MegatronTrainRayActor pid=61275)[0m [2026-08-06 06:26:53.601 actor_cell0_rank0] structured_log.py:23 - ft cls=MegatronTrainRayActor fn=compute_log_prob phase=start
[36m(MegatronTrainRayActor pid=61275)[0m [2026-08-06 06:26:53.601 actor_cell0_rank0] timer.py:31 - Timer ref_log_probs start
[36m(SGLangEngine pid=60897)[0m [2026-08-06 06:26:54] INFO:     172.25.0.2:43530 - "GET /health HTTP/1.1" 200 OK
[36m(MegatronTrainRayActor pid=61275)[0m [2026-08-06 06:26:55.077 actor_cell0_rank0] timer.py:42 - Timer ref_log_probs end (elapsed: 1.5s)
[36m(MegatronTrainRayActor pid=61275)[0m [2026-08-06 06:26:55.077 actor_cell0_rank0] structured_log.py:27 - ft cls=MegatronTrainRayActor fn=compute_log_prob phase=end ok=true elapsed_s=1.5
[36m(MegatronTrainRayActor pid=61275)[0m [2026-08-06 06:26:55.250 actor_cell0_rank0] structured_log.py:23 - ft cls=MegatronTrainRayActor fn=compute_log_prob phase=start
[36m(MegatronTrainRayActor pid=61275)[0m [2026-08-06 06:26:55.250 actor_cell0_rank0] timer.py:31 - Timer log_probs start
[36m(MegatronTrainRayActor pid=61275)[0m [2026-08-06 06:26:56.628 actor_cell0_rank0] timer.py:42 - Timer log_probs end (elapsed: 1.4s)
[36m(MegatronTrainRayActor pid=61275)[0m [2026-08-06 06:26:56.629 actor_cell0_rank0] structured_log.py:27 - ft cls=MegatronTrainRayActor fn=compute_log_prob phase=end ok=true elapsed_s=1.4
[36m(MegatronTrainRayActor pid=61275)[0m [2026-08-06 06:26:56.649 actor_cell0_rank0] rmct_advantage.py:104 - rmct/kl_policy_base=0.000436 (kl_coef=0.050)
[36m(MegatronTrainRayActor pid=61275)[0m [2026-08-06 06:26:56.652 actor_cell0_rank0] log_utils.py:55 - ft op=cross_cell phase=start kind=log_gather rank=0
[36m(MegatronTrainRayActor pid=61275)[0m [2026-08-06 06:26:56.653 actor_cell0_rank0] log_utils.py:61 - ft op=cross_cell phase=end kind=log_gather rank=0 success=true
[36m(MegatronTrainRayActor pid=61275)[0m [2026-08-06 06:26:56.653 actor_cell0_rank0] log_utils.py:78 - rollout 4: {'rollout/response_lengths': 3406.277777777778, 'rollout/rewards': 1.2335811384723961e-17, 'rollout/truncated': 0.0, 'rollout/rollout_log_probs': -0.5647512674331665, 'rollout/raw_reward': 1.2335811384723961e-17, 'rollout/total_lengths': 3596.5555555555557, 'rollout/ref_log_probs': -0.5651870965957642, 'rollout/log_probs': -0.5651870965957642, 'rollout/advantages': 0.012440130114555359, 'rollout/returns': 0.012440130114555359}
[36m(MegatronTrainRayActor pid=61275)[0m [2026-08-06 06:26:56.653 actor_cell0_rank0] timer.py:31 - Timer actor_train start
[36m(MegatronTrainRayActor pid=61275)[0m /root/miles/miles/backends/training_utils/loss.py:187: UserWarning: To copy construct from a tensor, it is recommended to use sourceTensor.detach().clone() or sourceTensor.detach().clone().requires_grad_(True), rather than torch.tensor(sourceTensor).
[36m(MegatronTrainRayActor pid=61275)[0m   torch.tensor(num_tokens if args.calculate_per_token_loss else 1, device=logits.device),
[36m(MegatronTrainRayActor pid=61275)[0m [2026-08-06 06:27:02.049 actor_cell0_rank0] model.py:635 - ft op=train_step rollout=4 step=0 attempt=0 outcome=NORMAL valid_step=true
[36m(MegatronTrainRayActor pid=61275)[0m [2026-08-06 06:27:02.089 actor_cell0_rank0] log_utils.py:493 - step 4: {'train/loss': -0.012440134120975568, 'train/pg_loss': -0.012440134120975568, 'train/entropy_loss': 0.0, 'train/pg_clipfrac': 0.0, 'train/ppo_kl': 0.0, 'train/ess_ratio': 1.0, 'train/train_rollout_logprob_abs_diff': 0.010669258486870137, 'train/train_rollout_kl': 0.00038359530054163675, 'train/kl_loss': 0.0, 'train/grad_norm': 0.8903883569442006, 'train/lr-pg_0': 1e-05, 'train/lr-pg_1': 1e-05, 'train/step': 4}
[36m(MegatronTrainRayActor pid=61275)[0m [2026-08-06 06:27:02.089 actor_cell0_rank0] model.py:854 - step 4: {'train/loss': -0.012440134120975568, 'train/pg_loss': -0.012440134120975568, 'train/entropy_loss': 0.0, 'train/pg_clipfrac': 0.0, 'train/ppo_kl': 0.0, 'train/ess_ratio': 1.0, 'train/train_rollout_logprob_abs_diff': 0.010669258486870137, 'train/train_rollout_kl': 0.00038359530054163675, 'train/kl_loss': 0.0, 'train/grad_norm': 0.8903883569442006, 'train/lr-pg_0': 1e-05, 'train/lr-pg_1': 1e-05, 'train/step': 4}
[36m(MegatronTrainRayActor pid=61275)[0m [2026-08-06 06:27:02.089 actor_cell0_rank0] timer.py:42 - Timer actor_train end (elapsed: 5.4s)
[36m(MegatronTrainRayActor pid=61275)[0m [2026-08-06 06:27:02.089 actor_cell0_rank0] timer.py:42 - Timer train end (elapsed: 8.6s)
[36m(MegatronTrainRayActor pid=61275)[0m [2026-08-06 06:27:02.089 actor_cell0_rank0] timer.py:31 - Timer train_wait start
[36m(MegatronTrainRayActor pid=61275)[0m [2026-08-06 06:27:02.247731] saving checkpoint at iteration       4 to /root/runs/fp16r/checkpoints in torch_dist format
[36m(MegatronTrainRayActor pid=61275)[0m Storing distributed optimizer sharded state of type dp_reshardable
[36m(MegatronTrainRayActor pid=61275)[0m [2026-08-06 06:27:02.243 actor_cell0_rank0] train_metric_utils.py:50 - perf 4: {'perf/sleep_time': 19.139373302459717, 'perf/update_weights_time': 0.4171714782714844, 'perf/wake_up_time': 6.95964241027832, 'perf/data_preprocess_time': 0.015195608139038086, 'perf/train_wait_time': 86.69815158843994, 'perf/ref_log_probs_time': 1.4761111736297607, 'perf/log_probs_time': 1.3787078857421875, 'perf/actor_train_time': 5.436586380004883, 'perf/train_time': 8.641695976257324, 'perf/log_probs_tflops': 353.0821958490292, 'perf/ref_log_probs_tflops': 329.7835667317581, 'perf/actor_train_tflops': 268.62290435921676, 'perf/actor_train_tok_per_s': 11907.839860339322, 'perf/step_time': 95.33984756469727, 'perf/wait_time_ratio': 0.9093590330067068}
[36m(MegatronTrainRayActor pid=61275)[0m [2026-08-06 06:27:02.243 actor_cell0_rank0] structured_log.py:27 - ft cls=MegatronTrainRayActor fn=train_actor phase=end ok=true elapsed_s=8.8
[36m(MegatronTrainRayActor pid=61275)[0m [2026-08-06 06:27:02.244 actor_cell0_rank0] structured_log.py:27 - ft cls=MegatronTrainRayActor fn=train phase=end ok=true elapsed_s=15.8
[36m(MegatronTrainRayActor pid=61275)[0m [2026-08-06 06:27:02.246 actor_cell0_rank0] timer.py:31 - Timer save_model start
[36m(MegatronTrainRayActor pid=61275)[0m [2026-08-06 06:27:02.248 actor_cell0_rank0] utils.py:972 - make_tp_sharded_tensor_for_checkpoint received extra kwargs: ['allow_shape_mismatch']
[33m(raylet)[0m [2026-08-06 06:27:44,255 E 58956 58980] (raylet) file_system_monitor.cc:116: /tmp/ray/session_2026-08-06_06-16-04_929338_58257 is over 95% full, available space: 0.85704 GB; capacity: 100 GB. Object creation will fail if spilling is required.
Traceback (most recent call last):
  File "/root/miles/train.py", line 156, in <module>
    asyncio.run(train(args))
  File "/usr/lib/python3.12/asyncio/runners.py", line 194, in run
    return runner.run(main)
           ^^^^^^^^^^^^^^^^
  File "/usr/lib/python3.12/asyncio/runners.py", line 118, in run
    return self._loop.run_until_complete(task)
           ^^^^^^^^^^^^^^^^^^^^^^^^^^^^^^^^^^^
  File "/usr/lib/python3.12/asyncio/base_events.py", line 687, in run_until_complete
    return future.result()
           ^^^^^^^^^^^^^^^
  File "/root/miles/train.py", line 125, in train
    await save(rollout_id, force_sync=external_save)
  File "/root/miles/train.py", line 88, in save
    await save_training_model(actor_model)
  File "/root/miles/train.py", line 83, in save_training_model
    await model.save_model(rollout_id, force_sync=force_sync)
  File "/root/miles/miles/ray/actor_group.py", line 113, in save_model
    await self._broadcast("save_model", rollout_id, force_sync=force_sync)
  File "/root/miles/miles/ray/actor_group.py", line 152, in _broadcast
    return await asyncio.gather(*refs)
           ^^^^^^^^^^^^^^^^^^^^^^^^^^^
  File "/usr/lib/python3.12/asyncio/tasks.py", line 684, in _wrap_awaitable
    return await awaitable
           ^^^^^^^^^^^^^^^
ray.exceptions.RayTaskError(CheckpointException): [36mray::MegatronTrainRayActor.save_model()[39m (pid=61275, ip=172.25.0.2, actor_id=8f9f5d830314d38b8972d8ce02000000, repr=<miles.backends.megatron_utils.actor.MegatronTrainRayActor object at 0x76eafad42720>)
           ^^^^^^^^^^^^^^^^^^^^^^^^^^^^^^^^^^^^
           ^^^^^^^^^^^^^^^^^^^^^^^^^^^^^^^
  File "/root/miles/miles/utils/timer.py", line 88, in wrapper
    return func(*args, **kwargs)
           ^^^^^^^^^^^^^^^^^^^^^
  File "/root/miles/miles/backends/megatron_utils/actor.py", line 670, in save_model
    save(rollout_id, self.model, self.optimizer, self.opt_param_scheduler)
  File "/root/miles/miles/backends/megatron_utils/model.py", line 902, in save
    save_checkpoint(
  File "/root/Megatron-LM/megatron/training/checkpointing.py", line 650, in save_checkpoint
    async_save_request = dist_checkpointing.save(state_dict, checkpoint_name, save_strategy,
                         ^^^^^^^^^^^^^^^^^^^^^^^^^^^^^^^^^^^^^^^^^^^^^^^^^^^^^^^^^^^^^^^^^^^
  File "/root/Megatron-LM/megatron/core/dist_checkpointing/serialization.py", line 429, in save
    sharded_strategy.save(sharded_state_dict, checkpoint_dir)
  File "/root/Megatron-LM/megatron/core/dist_checkpointing/strategies/fully_parallel.py", line 98, in save
    return self.base_strategy.save(sharded_state_dict, checkpoint_dir)
           ^^^^^^^^^^^^^^^^^^^^^^^^^^^^^^^^^^^^^^^^^^^^^^^^^^^^^^^^^^^
  File "/root/Megatron-LM/megatron/core/dist_checkpointing/strategies/base.py", line 215, in save
    async_request.execute_sync()
  File "/root/Megatron-LM/megatron/core/dist_checkpointing/strategies/async_utils.py", line 103, in execute_sync
    finalize_fn()
  File "/root/Megatron-LM/megatron/core/dist_checkpointing/strategies/torch.py", line 748, in finalize_fn
    save_state_dict_async_finalize(*save_state_dict_ret)
  File "/root/Megatron-LM/megatron/core/dist_checkpointing/strategies/state_dict_saver.py", line 258, in save_state_dict_async_finalize
    raise CheckpointException("write", node_failures)
torch.distributed.checkpoint.api.CheckpointException: CheckpointException ranks:dict_keys([0])
[36mray::MegatronTrainRayActor.save_model()[39m (pid=61275, ip=172.25.0.2, actor_id=8f9f5d830314d38b8972d8ce02000000, repr=<miles.backends.megatron_utils.actor.MegatronTrainRayActor object at 0x76eafad42720>)
  File "/root/Megatron-LM/megatron/core/dist_checkpointing/strategies/filesystem_async.py", line 445, in retrieve_write_results
    raise RuntimeError(
RuntimeError: Worker failure: [enforce fail at inline_container.cc:672] . unexpected pos 704 vs 598
[36m(MegatronTrainRayActor pid=61275)[0m [2026-08-06 06:27:46.902 actor_cell0_rank0] filesystem_async.py:326 - Local process 0 encountered an error: [enforce fail at inline_container.cc:672] . unexpected pos 704 vs 598
[36m(MegatronTrainRayActor pid=61275)[0m /usr/local/lib/python3.12/dist-packages/torch/distributed/c10d_logger.py:83: UserWarning: barrier(): using the device under current context. You can specify `device_id` in `init_process_group` to mute this warning.
[36m(MegatronTrainRayActor pid=61275)[0m   return func(*args, **kwargs)
[36m(MegatronTrainRayActor pid=61275)[0m [2026-08-06 06:27:46.908 actor_cell0_rank0] timer.py:42 - Timer save_model end (elapsed: 44.7s)
2026-08-06 06:27:53,628	INFO sdk.py:519 -- WebSocket closed for job raysubmit_sAJSyrk6nvWbnPwV with close code 1000

[31m---------------------------------------[39m
[31mJob 'raysubmit_sAJSyrk6nvWbnPwV' failed[39m
[31m---------------------------------------[39m

Status message: Job entrypoint command failed with exit code 1, last available logs (truncated to 20,000 chars):
    raise CheckpointException("write", node_failures)
torch.distributed.checkpoint.api.CheckpointException: CheckpointException ranks:dict_keys([0])
[36mray::MegatronTrainRayActor.save_model()[39m (pid=61275, ip=172.25.0.2, actor_id=8f9f5d830314d38b8972d8ce02000000, repr=<miles.backends.megatron_utils.actor.MegatronTrainRayActor object at 0x76eafad42720>)
  File "/root/Megatron-LM/megatron/core/dist_checkpointing/strategies/filesystem_async.py", line 445, in retrieve_write_results
    raise RuntimeError(
RuntimeError: Worker failure: [enforce fail at inline_container.cc:672] . unexpected pos 704 vs 598
[36m(MegatronTrainRayActor pid=61275)[0m [2026-08-06 06:27:46.902 actor_cell0_rank0] filesystem_async.py:326 - Local process 0 encountered an error: [enforce fail at inline_container.cc:672] . unexpected pos 704 vs 598
[36m(MegatronTrainRayActor pid=61275)[0m /usr/local/lib/python3.12/dist-packages/torch/distributed/c10d_logger.py:83: UserWarning: barrier(): using the device under current context. You can specify `device_id` in `init_process_group` to mute this warning.
[36m(MegatronTrainRayActor pid=61275)[0m   return func(*args, **kwargs)
[36m(MegatronTrainRayActor pid=61275)[0m [2026-08-06 06:27:46.908 actor_cell0_rank0] timer.py:42 - Timer save_model end (elapsed: 44.7s)

RUN_EXIT=1
