===RUN_A_BF16===
+ export PYTHONUNBUFFERED=1
+ PYTHONUNBUFFERED=1
+ RMCT_DIR=/workspace/rmct
+ MODEL_NAME=Qwen3.5-9B
+ MODEL_DIR=/root/models/Qwen3.5-9B
+ RUN_DIR=/workspace/runs/shakeout_bf16
+ export RMCT_CONFIG=/workspace/rmct/configs/shakeout_bf16.json
+ RMCT_CONFIG=/workspace/rmct/configs/shakeout_bf16.json
+ PHASE=full
+ NUM_GPUS=4
+ NUM_ROLLOUT=2
+ '[' -z 2 ']'
+ '[' -z '' ']'
+ for candidate in /root/miles /opt/miles /root/slime
+ '[' -f /root/miles/train.py ']'
+ SLIME_DIR=/root/miles
+ break
+ SLIME_DIR=/root/miles
+ pkill -9 sglang
+ true
+ sleep 2
+ ray stop --force
Did not find any active Ray processes.
+ sleep 2
++ echo Qwen3.5-9B
++ sed 's/^Q/q/'
+ SHIPPED_ARGS=/root/miles/scripts/models/qwen3.5-9B.sh
+ '[' -f /root/miles/scripts/models/qwen3.5-9B.sh ']'
+ source /root/miles/scripts/models/qwen3.5-9B.sh
++ MODEL_ARGS=(--spec "miles_plugins.models.qwen3_5" "get_qwen3_5_spec" --disable-bias-linear --qk-layernorm --group-query-attention --num-attention-heads 16 --num-query-groups 4 --kv-channels 256 --num-layers 32 --hidden-size 4096 --ffn-hidden-size 12288 --normalization RMSNorm --apply-layernorm-1p --position-embedding-type rope --norm-epsilon 1e-6 --rotary-percent 0.25 --swiglu --untie-embeddings-and-output-weights --vocab-size 248320 --rotary-base 10000000 --attention-output-gate)
+ '[' -f /workspace/runs/shakeout_bf16/checkpoints/latest_checkpointed_iteration.txt ']'
+ LOAD_DIR=/root/models/Qwen3.5-9B_torch_dist
+ START_ARGS=(--start-rollout-id 0)
+ CKPT_ARGS=(--hf-checkpoint "${MODEL_DIR}" --ref-load "${MODEL_DIR}_torch_dist" --load "${LOAD_DIR}" "${START_ARGS[@]}" --save "${RUN_DIR}/checkpoints" --save-interval "${SAVE_INTERVAL:-8}")
+ LORA_ARGS=()
+ '[' 0 = 1 ']'
+ RMCT_ARGS=(--rollout-function-path slime_port.rmct_rollout.generate_rollout --custom-megatron-init-path slime_port.miles_init.megatron_init --advantage-estimator grpo --disable-rewards-normalization --loss-type policy_loss --eps-clip 0.2 --calculate-per-token-loss --kl-coef 0.0 --use-kl-loss --kl-loss-coef 0.0)
+ ROLLOUT_ARGS=(--prompt-data "${PROMPT_DATA:-${RMCT_DIR}/data/run_9b/wrong-argument-pairs-64.jsonl}" --input-key unbiased_messages --apply-chat-template --num-rollout "${NUM_ROLLOUT}" --rollout-batch-size "${ROLLOUT_BATCH:-4}" --n-samples-per-prompt "${N_SAMPLES:-128}" --rollout-max-response-len "${MAX_RESPONSE_LEN:-20480}" --rollout-temperature 1.0 --global-batch-size "$(( ${ROLLOUT_BATCH:-4} * ${N_SAMPLES:-128} ))")
+ PERF_ARGS=(--tensor-model-parallel-size "${TP}" --pipeline-model-parallel-size 1 --recompute-granularity full --recompute-method uniform --recompute-num-layers 1)
+ '[' 0 = 1 ']'
+ '[' 0 = 1 ']'
+ PERF_ARGS+=(--use-dynamic-batch-size --max-tokens-per-gpu "${MAX_TOKENS_PER_GPU:-24576}")
+ OPTIMIZER_ARGS=(--optimizer adam --lr "${LR:-1e-5}" --lr-decay-style constant --weight-decay 0.1 --adam-beta1 0.9 --adam-beta2 0.95 --use-distributed-optimizer)
+ SGLANG_ARGS=(--rollout-num-gpus-per-engine 1 --sglang-mem-fraction-static "${SGLANG_MEM_FRACTION:-0.5}" --sglang-mamba-radix-cache-strategy extra_buffer)
+ MISC_ARGS=(--attention-dropout 0.0 --hidden-dropout 0.0 --accumulate-allreduce-grads-in-fp32 --attention-softmax-in-fp32 --attention-backend flash --colocate)
+ read -r -a EXTRA
+ case "${PHASE}" in
+ DEBUG_ARGS=()
+ export MASTER_ADDR=127.0.0.1
+ MASTER_ADDR=127.0.0.1
+ ray start --head --node-ip-address 127.0.0.1 --num-gpus 4 --disable-usage-stats
Usage stats collection is disabled.

[37mLocal node IP[39m: [1m172.21.0.2[22m
2026-08-06 12:06:24,777	WARNING utils.py:469 -- Detecting docker specified CPUs. In previous versions of Ray, CPU detection in containers was incorrect. Please ensure that Ray has enough CPUs allocated. As a temporary workaround to revert to the prior behavior, set `RAY_USE_MULTIPROCESSING_CPU_COUNT=1` as an env var before starting Ray. Set the env var: `RAY_DISABLE_DOCKER_CPU_WARNING=1` to mute this warning.
2026-08-06 12:06:24,777	WARNING utils.py:481 -- Ray currently does not support initializing Ray with fractional cpus. Your num_cpus will be truncated from 40.8 to 40.

[32m--------------------[39m
[32mRay runtime started.[39m
[32m--------------------[39m

[36mNext steps[39m
  [2mNote: The following commands are intended for use on[22m
  [2mthe head node or within the cluster network.[22m
  
  To add another node to this Ray cluster, run
  [1m  ray start --address='172.21.0.2:6379'[22m
  
  To connect to this Ray cluster:
    [35mimport[39m[26m ray
    ray[35m.[39m[26minit(_node_ip_address[35m=[39m[26m[33m'172.21.0.2'[39m[26m)
  
  To submit a Ray job using the Ray Jobs CLI:
  [1m  RAY_API_SERVER_ADDRESS='http://127.0.0.1:8265' ray job submit --working-dir . -- python my_script.py[22m
  
  See https://docs.ray.io/en/latest/cluster/running-applications/job-submission/index.html 
  for more information on submitting Ray jobs to the Ray cluster.
  
  To terminate the Ray runtime, run
  [1m  ray stop[22m
  
  To view the status of the cluster, use
    [1mray status[22m[26m
  
  To monitor and debug Ray, view the dashboard at 
    [1m127.0.0.1:8265[22m[26m
  
  [4mIf connection to the dashboard fails, check your firewall settings and network configuration.[24m
+ MEGATRON_DIR=/root/Megatron-LM
+ RUNTIME_ENV_JSON='{
  "env_vars": {
    "PYTHONPATH": "/root/Megatron-LM/:/workspace/rmct",
    "RMCT_CONFIG": "/workspace/rmct/configs/shakeout_bf16.json",
    "CUDA_DEVICE_MAX_CONNECTIONS": "1"
  }
}'
+ ray job submit --address=http://127.0.0.1:8265 '--runtime-env-json={
  "env_vars": {
    "PYTHONPATH": "/root/Megatron-LM/:/workspace/rmct",
    "RMCT_CONFIG": "/workspace/rmct/configs/shakeout_bf16.json",
    "CUDA_DEVICE_MAX_CONNECTIONS": "1"
  }
}' -- python3 /root/miles/train.py --actor-num-nodes 1 --actor-num-gpus-per-node 4 --rollout-num-gpus 4 --spec miles_plugins.models.qwen3_5 get_qwen3_5_spec --disable-bias-linear --qk-layernorm --group-query-attention --num-attention-heads 16 --num-query-groups 4 --kv-channels 256 --num-layers 32 --hidden-size 4096 --ffn-hidden-size 12288 --normalization RMSNorm --apply-layernorm-1p --position-embedding-type rope --norm-epsilon 1e-6 --rotary-percent 0.25 --swiglu --untie-embeddings-and-output-weights --vocab-size 248320 --rotary-base 10000000 --attention-output-gate --hf-checkpoint /root/models/Qwen3.5-9B --ref-load /root/models/Qwen3.5-9B_torch_dist --load /root/models/Qwen3.5-9B_torch_dist --start-rollout-id 0 --save /workspace/runs/shakeout_bf16/checkpoints --save-interval 100 --rollout-function-path slime_port.rmct_rollout.generate_rollout --custom-megatron-init-path slime_port.miles_init.megatron_init --advantage-estimator grpo --disable-rewards-normalization --loss-type policy_loss --eps-clip 0.2 --calculate-per-token-loss --kl-coef 0.0 --use-kl-loss --kl-loss-coef 0.0 --prompt-data /workspace/rmct/data/run_9b/wrong-argument-pairs-64.jsonl --input-key unbiased_messages --apply-chat-template --num-rollout 2 --rollout-batch-size 4 --n-samples-per-prompt 128 --rollout-max-response-len 20480 --rollout-temperature 1.0 --global-batch-size 512 --tensor-model-parallel-size 2 --pipeline-model-parallel-size 1 --recompute-granularity full --recompute-method uniform --recompute-num-layers 1 --use-dynamic-batch-size --max-tokens-per-gpu 16384 --optimizer adam --lr 1e-5 --lr-decay-style constant --weight-decay 0.1 --adam-beta1 0.9 --adam-beta2 0.95 --use-distributed-optimizer --rollout-num-gpus-per-engine 1 --sglang-mem-fraction-static 0.5 --sglang-mamba-radix-cache-strategy extra_buffer --attention-dropout 0.0 --hidden-dropout 0.0 --accumulate-allreduce-grads-in-fp32 --attention-softmax-in-fp32 --attention-backend flash --colocate
[37mJob submission server address[39m: [1mhttp://127.0.0.1:8265[22m

[32m-------------------------------------------------------[39m
[32mJob 'raysubmit_supN6zNfXXwFPHFU' submitted successfully[39m
[32m-------------------------------------------------------[39m

[36mNext steps[39m
  Query the logs of the job:
    [1mray job logs raysubmit_supN6zNfXXwFPHFU[22m
  Query the status of the job:
    [1mray job status raysubmit_supN6zNfXXwFPHFU[22m
  Request the job to be stopped:
    [1mray job stop raysubmit_supN6zNfXXwFPHFU[22m

Tailing logs until the job exits (disable with --no-wait):
2026-08-06 12:06:27,863	INFO job_manager.py:583 -- Runtime env is setting up.
Running entrypoint for job raysubmit_supN6zNfXXwFPHFU: python3 /root/miles/train.py --actor-num-nodes 1 --actor-num-gpus-per-node 4 --rollout-num-gpus 4 --spec miles_plugins.models.qwen3_5 get_qwen3_5_spec --disable-bias-linear --qk-layernorm --group-query-attention --num-attention-heads 16 --num-query-groups 4 --kv-channels 256 --num-layers 32 --hidden-size 4096 --ffn-hidden-size 12288 --normalization RMSNorm --apply-layernorm-1p --position-embedding-type rope --norm-epsilon 1e-6 --rotary-percent 0.25 --swiglu --untie-embeddings-and-output-weights --vocab-size 248320 --rotary-base 10000000 --attention-output-gate --hf-checkpoint /root/models/Qwen3.5-9B --ref-load /root/models/Qwen3.5-9B_torch_dist --load /root/models/Qwen3.5-9B_torch_dist --start-rollout-id 0 --save /workspace/runs/shakeout_bf16/checkpoints --save-interval 100 --rollout-function-path slime_port.rmct_rollout.generate_rollout --custom-megatron-init-path slime_port.miles_init.megatron_init --advantage-estimator grpo --disable-rewards-normalization --loss-type policy_loss --eps-clip 0.2 --calculate-per-token-loss --kl-coef 0.0 --use-kl-loss --kl-loss-coef 0.0 --prompt-data /workspace/rmct/data/run_9b/wrong-argument-pairs-64.jsonl --input-key unbiased_messages --apply-chat-template --num-rollout 2 --rollout-batch-size 4 --n-samples-per-prompt 128 --rollout-max-response-len 20480 --rollout-temperature 1.0 --global-batch-size 512 --tensor-model-parallel-size 2 --pipeline-model-parallel-size 1 --recompute-granularity full --recompute-method uniform --recompute-num-layers 1 --use-dynamic-batch-size --max-tokens-per-gpu 16384 --optimizer adam --lr 1e-5 --lr-decay-style constant --weight-decay 0.1 --adam-beta1 0.9 --adam-beta2 0.95 --use-distributed-optimizer --rollout-num-gpus-per-engine 1 --sglang-mem-fraction-static 0.5 --sglang-mamba-radix-cache-strategy extra_buffer --attention-dropout 0.0 --hidden-dropout 0.0 --accumulate-allreduce-grads-in-fp32 --attention-softmax-in-fp32 --attention-backend flash --colocate
Unable to import `torchao` Tensor objects. This may affect loading checkpoints serialized with `torchao`
/usr/local/lib/python3.12/dist-packages/modelopt/torch/__init__.py:51: UserWarning: transformers 5.12.1 is not tested with current version of modelopt and may cause issues. Please install recommended version with `pip install -U nvidia-modelopt[hf]` if working with HF models.
  _warnings.warn(
[ERROR] `cache_position` is part of Qwen3ASRThinkerTextModel.forward's signature, but not documented. Make sure to add it to the docstring of the function in /usr/local/lib/python3.12/dist-packages/megatron/bridge/models/qwen3_asr/hf_qwen3_asr/modeling_qwen3_asr.py.
[ERROR] `cache_position` is part of Qwen3ASRThinkerForConditionalGeneration.forward's signature, but not documented. Make sure to add it to the docstring of the function in /usr/local/lib/python3.12/dist-packages/megatron/bridge/models/qwen3_asr/hf_qwen3_asr/modeling_qwen3_asr.py.
<frozen importlib._bootstrap_external>:1297: FutureWarning: The cuda.cudart module is deprecated and will be removed in a future release, please switch to use the cuda.bindings.runtime module instead.
<frozen importlib._bootstrap_external>:1297: FutureWarning: The cuda.nvrtc module is deprecated and will be removed in a future release, please switch to use the cuda.bindings.nvrtc module instead.
LANG_RL Log directory: None
 > padded vocab (size: 248320) with 0 dummy tokens (new size: 248320)
[2026-08-06 12:06:44.907 main] arguments.py:38 - --tokenizer-model not set, use --hf-checkpoint as tokenizer model.
[2026-08-06 12:06:44.908 main] arguments.py:3150 - Colocate mode: defaulting --sglang-cuda-graph-backend-prefill=disabled to avoid NVLS OOM. Set --sglang-cuda-graph-backend-prefill explicitly to override.
[2026-08-06 12:06:44.908 main] arguments.py:3336 - args.eval_max_context_len is not set. Use args.rollout_max_context_len None as default value.
using world size: 4, data-parallel size: 2, context-parallel size: 1, hierarchical context-parallel sizes: None, tensor-model-parallel size: 2, pipeline-model-parallel size: 1
Number of virtual stages per pipeline stage: None
using torch.bfloat16 for parameters ...
------------------------ arguments ------------------------
  account_for_embedding_in_pipeline_split ......... False
  account_for_loss_in_pipeline_split .............. False
  accumulate_allreduce_grads_in_fp32 .............. True
  activation_func_clamp_shared_expert ............. True
  activation_func_clamp_value ..................... None
  actor_num_gpus_per_node ......................... 4
  actor_num_nodes ................................. 1
  adam_beta1 ...................................... 0.9
  adam_beta2 ...................................... 0.95
  adam_eps ........................................ 1e-08
  add_bias_linear ................................. False
  add_position_embedding .......................... True
  add_qkv_bias .................................... False
  adlr_autoresume ................................. False
  adlr_autoresume_interval ........................ 1000
  advantage_estimator ............................. grpo
  align_grad_reduce ............................... True
  align_param_gather .............................. False
  allgather_cp .................................... False
  allow_ambiguous_pad_tokens ...................... False
  allow_partial_train_step ........................ False
  app_tag_run_name ................................ None
  app_tag_run_version ............................. 0.0.0
  apply_chat_template ............................. True
  apply_chat_template_kwargs ...................... {}
  apply_query_key_layer_scaling ................... False
  apply_residual_connection_post_layernorm ........ False
  apply_rope_fusion ............................... True
  apply_wd_to_qk_layernorm ........................ False
  async_max_concurrent_samples .................... None
  async_save ...................................... False
  async_tensor_model_parallel_allreduce ........... True
  attention_backend ............................... AttnBackend.flash
  attention_dropout ............................... 0.0
  attention_output_gate ........................... True
  attention_softmax_in_fp32 ....................... True
  auto_detect_ckpt_format ......................... False
  balance_by_flops ................................ False
  balance_data .................................... False
  barrier_with_L1_time ............................ True
  batch_invariant_mode ............................ False
  bert_binary_head ................................ True
  bert_embedder_type .............................. megatron
  bert_load ....................................... None
  beta_fast ....................................... 32
  beta_slow ....................................... 1
  bf16 ............................................ True
  bias_dropout_fusion ............................. True
  bias_gelu_fusion ................................ False
  bias_swiglu_fusion .............................. True
  biencoder_projection_dim ........................ 0
  biencoder_shared_query_context_model ............ False
  block_data_path ................................. None
  buffer_filter_path .............................. None
  cache_mla_latents ............................... False
  calc_ft_timeouts ................................ False
  calculate_per_token_loss ........................ True
  chat_template_path .............................. None
  check_for_large_grads ........................... False
  check_for_nan_in_loss_and_grad .................. True
  check_for_spiky_loss ............................ False
  check_lora_weight_equal ......................... False
  check_weight_hash_across_dp_replicas_interval ... None
  check_weight_update_allow_quant_error ........... False
  check_weight_update_equal ....................... False
  check_weight_update_selector .................... all
  check_weight_update_skip_list ................... None
  ci_check_model_hash ............................. False
  ci_disable_kl_checker ........................... False
  ci_disable_logprobs_checker ..................... False
  ci_disable_weight_update_checker ................ False
  ci_enable_metrics_capture ....................... False
  ci_ft_test_actions .............................. None
  ci_inject_rollout_data_min_match_ratio .......... 0.9
  ci_inject_rollout_data_path ..................... None
  ci_inject_rollout_data_start_rollout_id ......... None
  ci_load_grad_norm ............................... None
  ci_metric_checker_key ........................... None
  ci_metric_checker_threshold ..................... None
  ci_save_grad_norm ............................... None
  ci_save_model_hash .............................. False
  ci_test ......................................... False
  ckpt_assume_constant_structure .................. False
  ckpt_convert_format ............................. None
  ckpt_convert_save ............................... None
  ckpt_convert_update_legacy_dist_opt_format ...... False
  ckpt_format ..................................... torch_dist
  ckpt_fully_parallel_load ........................ False
  ckpt_fully_parallel_save ........................ True
  ckpt_fully_parallel_save_deprecated ............. False
  ckpt_step ....................................... None
  classes_fraction ................................ 1.0
  clip_grad ....................................... 1.0
  clone_scatter_output_in_embedding ............... True
  colocate ........................................ True
  compress_ratios ................................. None
  compute_advantages_and_returns .................. True
  config_logger_dir ............................... 
  consumed_train_samples .......................... 0
  consumed_valid_samples .......................... 0
  context_parallel_size ........................... 1
  control_server_port ............................. 0
  cp_comm_type .................................... ['p2p']
  cpu_offloading_num_layers ....................... 0
  create_all_gather_group ......................... False
  create_attention_mask_in_dataloader ............. True
  critic_load ..................................... /root/models/Qwen3.5-9B_torch_dist
  critic_lr ....................................... 1e-05
  critic_lr_warmup_iters .......................... 0
  critic_num_gpus_per_node ........................ None
  critic_num_nodes ................................ None
  critic_save ..................................... None
  cross_entropy_fusion_impl ....................... native
  cross_entropy_loss_fusion ....................... False
  cuda_graph_impl ................................. none
  cuda_graph_scope ................................ []
  cuda_graph_warmup_steps ......................... 3
  custom_config_path .............................. None
  custom_convert_samples_to_train_data_path ....... None
  custom_eval_rollout_log_function_path ........... None
  custom_generate_function_path ................... None
  custom_loss_function_path ....................... None
  custom_megatron_before_log_prob_hook_path ....... None
  custom_megatron_before_train_step_hook_path ..... None
  custom_megatron_init_path ....................... slime_port.miles_init.megatron_init
  custom_megatron_post_save_hook_path ............. None
  custom_model_provider_path ...................... None
  custom_pg_loss_reducer_function_path ............ None
  custom_reward_post_process_path ................. None
  custom_rm_path .................................. None
  custom_rollout_log_function_path ................ None
  custom_tis_function_path ........................ None
  custom_update_weight_post_write_path ............ None
  dashboard_flush_interval ........................ 5.0
  dashboard_forward_prometheus .................... False
  dashboard_gpu_sample_interval ................... 1.0
  dashboard_sglang_metrics ........................ None
  dashboard_sglang_scrape_interval ................ 2.0
  dashboard_sglang_scrape_mode .................... auto
  data_args_path .................................. None
  data_cache_path ................................. None
  data_pad_size_multiplier ........................ 128
  data_parallel_random_init ....................... False
  data_parallel_sharding_strategy ................. no_shard
  data_parallel_size .............................. 2
  data_path ....................................... None
  data_per_class_fraction ......................... 1.0
  data_sharding ................................... True
  data_source_path ................................ miles.rollout.data_source.RolloutDataSourceWithBuffer
  dataloader_defer_npy_index_mmap ................. False
  dataloader_fast_cache_load ...................... False
  dataloader_type ................................. single
  ddp_average_in_collective ....................... False
  ddp_bucket_size ................................. None
  ddp_num_buckets ................................. None
  ddp_pad_buckets_for_high_nccl_busbw ............. False
  ddp_reduce_scatter_with_fp32_accumulation ....... False
  debug_deterministic_collective .................. False
  debug_disable_optimizer ......................... False
  debug_exit_after_rollout ........................ None
  debug_rollout_only .............................. False
  debug_skip_weight_update ........................ False
  debug_train_only ................................ False
  decode_only_cuda_graphs ......................... False
  decoder_first_pipeline_num_layers ............... None
  decoder_last_pipeline_num_layers ................ None
  decoder_num_layers .............................. None
  decoder_seq_length .............................. None
  decoupled_lr .................................... None
  decoupled_min_lr ................................ None
  decrease_batch_size_if_needed ................... False
  defer_embedding_wgrad_compute ................... False
  delay_split_train_data_by_dp .................... False
  delay_wgrad_compute ............................. False
  deprecated_use_mcore_models ..................... False
  deterministic_mode .............................. False
  dino_bottleneck_size ............................ 256
  dino_freeze_last_layer .......................... 1
  dino_head_hidden_size ........................... 2048
  dino_local_crops_number ......................... 10
  dino_local_img_size ............................. 96
  dino_norm_last_layer ............................ False
  dino_teacher_temp ............................... 0.07
  dino_warmup_teacher_temp ........................ 0.04
  dino_warmup_teacher_temp_epochs ................. 30
  disable_bf16_reduced_precision_matmul ........... False
  disable_chunked_prefill ......................... True
  disable_grad_buffers_cpu_backup ................. True
  disable_jit_fuser ............................... False
  disable_param_buffers_cpu_backup ................ True
  disable_rollout_trim_samples .................... False
  disable_straggler_on_startup .................... False
  disable_symmetric_registration .................. False
  dist_ckpt_format_deprecated ..................... None
  dist_ckpt_optim_fully_reshardable ............... False
  dist_ckpt_save_pre_mcore_014 .................... False
  dist_ckpt_strictness ............................ assume_ok_unexpected
  distrib_optim_fully_reshardable_mem_efficient ... False
  distribute_saved_activations .................... False
  distributed_backend ............................. nccl
  distributed_timeout_minutes ..................... 10
  distributed_timeout_seconds_after_init .......... None
  dsa_attention_backend ........................... tilelang
  dsa_indexer_head_dim ............................ None
  dsa_indexer_loss_coeff .......................... None
  dsa_indexer_n_heads ............................. None
  dsa_indexer_topk ................................ None
  dsa_indexer_use_sparse_loss ..................... False
  dsv4_compress_ratios ............................ None
  dsv4_compress_rope_theta ........................ 40000.0
  dsv4_hc_eps ..................................... 1e-06
  dsv4_hc_mult .................................... None
  dsv4_hc_sinkhorn_iters .......................... 20
  dsv4_mode ....................................... False
  dsv4_n_hash_layers .............................. 0
  dsv4_o_groups ................................... None
  dsv4_o_lora_rank ................................ None
  dsv4_window_size ................................ 4096
  dump_details .................................... None
  dump_param_to_param_group_map ................... None
  dumper_dir ...................................... /tmp/dumper
  dumper_enable ................................... False
  dumper_fwd_bwd .................................. None
  dumper_fwd_only ................................. None
  dumper_inference ................................ None
  dumper_source_patcher_config_inference .......... None
  dumper_source_patcher_config_train .............. None
  dynamic_sampling_filter_path .................... None
  embedding_init_method_std ....................... None
  embedding_path .................................. None
  empty_unused_memory_level ....................... 0
  enable_cuda_graph ............................... False
  enable_event_analyzer ........................... False
  enable_experimental ............................. False
  enable_ft_package ............................... False
  enable_full_sharding_in_hsdp .................... False
  enable_gloo_process_groups ...................... True
  enable_msc ...................................... True
  enable_mtp_training ............................. False
  enable_one_logger ............................... True
  enable_weights_backuper ......................... True
  enable_witness .................................. False
  encoder_num_layers .............................. 32
  encoder_seq_length .............................. 4096
  end_weight_decay ................................ 0.1
  entropy_coef .................................... 0.0
  env_report ...................................... 
  eod_mask_loss ................................... False
  ep_overlap_early_attn_memory_release ............ False
  eps_clip ........................................ 0.2
  eps_clip_c ...................................... None
  eps_clip_high ................................... 0.2
  error_injection_rate ............................ 0
  error_injection_type ............................ transient_error
  eval_config ..................................... None
  eval_datasets ................................... []
  eval_function_path .............................. slime_port.rmct_rollout.generate_rollout
  eval_hf_dir ..................................... None
  eval_input_key .................................. None
  eval_interval ................................... None
  eval_iters ...................................... 100
  eval_keep_snapshots ............................. 2
  eval_label_key .................................. None
  eval_max_context_len ............................ None
  eval_max_in_flight .............................. 2
  eval_max_prompt_len ............................. None
  eval_max_response_len ........................... None
  eval_min_new_tokens ............................. None
  eval_num_gpus ................................... 0
  eval_num_gpus_per_engine ........................ 1
  eval_overflow_policy ............................ backpressure
  eval_prompt_data ................................ None
  eval_reward_key ................................. None
  eval_temperature ................................ None
  eval_tool_key ................................... None
  eval_top_k ...................................... None
  eval_top_p ...................................... None
  eval_uses_snapshots ............................. False
  evidence_data_path .............................. None
  exclude_modules ................................. None
  exit_duration_in_mins ........................... None
  exit_interval ................................... None
  exit_on_missing_checkpoint ...................... False
  exit_signal ..................................... 15
  exit_signal_handler ............................. False
  exit_signal_handler_for_dataloader .............. False
  exp_avg_dtype ................................... torch.float32
  exp_avg_sq_dtype ................................ torch.float32
  experimental_attention_variant .................. None
  expert_model_parallel_size ...................... 1
  expert_tensor_parallel_size ..................... 2
  experts_shared_outer_loras ...................... False
  external_cuda_graph ............................. False
  extra_high_precision_layers_hf .................. ()
  extra_high_precision_layers_megatron ............ ()
  fake_process_group .............................. False
  fallback_to_eager_attn .......................... False
  fetch_trajectory_retry_times .................... -1
  ffn_hidden_size ................................. 12288
  fim_data ........................................ False
  fim_eod_token ................................... <|endoftext|>
  fim_fragment_rate ............................... None
  fim_middle_token ................................ <fim_middle>
  fim_no_prefix ................................... None
  fim_pad_token ................................... <fim_pad>
  fim_prefix_token ................................ <fim_prefix>
  fim_rate ........................................ 0.5
  fim_split_sample ................................ None
  fim_spm_rate .................................... 0.5
  fim_suffix_token ................................ <fim_suffix>
  fine_grained_activation_offloading .............. False
  finetune ........................................ False
  first_last_layers_bf16 .......................... False
  flash_decode .................................... False
  fp16 ............................................ False
  fp16_lm_cross_entropy ........................... False
  fp32_residual_connection ........................ False
  fp4 ............................................. None
  fp4_param ....................................... False
  fp4_quantizer_factory ........................... None
  fp4_recipe ...................................... nvfp4
  fp8 ............................................. None
  fp8_amax_compute_algo ........................... most_recent
  fp8_amax_history_len ............................ 1
  fp8_interval .................................... 1
  fp8_margin ...................................... 0
  fp8_param_gather ................................ False
  fp8_quantizer_factory ........................... None
  fp8_recipe ...................................... delayed
  fp8_wgrad ....................................... True
  freeze_e_score_correction_bias .................. False
  freeze_indexer .................................. False
  fsdp_double_buffer .............................. False
  fsdp_manual_registration ........................ False
  ft_components ................................... []
  ft_num_warmup_iters ............................. 5
  full_validation ................................. False
  fully_async ..................................... False
  gamma ........................................... 1.0
  get_mismatch_metrics ............................ False
  global_batch_size ............................... 512
  glu_linear_offset ............................... 0.0
  grad_reduce_in_bf16 ............................. False
  gradient_accumulation_fusion .................... True
  gradient_reduce_div_fusion ...................... True
  group_query_attention ........................... True
  group_rm ........................................ False
  grpo_clamp_eps_lower ............................ 0.01
  grpo_clamp_eps_upper ............................ 0.01
  grpo_entropy_term_weight ........................ 0.0
  grpo_filter_groups_with_same_reward ............. False
  grpo_group_size ................................. 2
  grpo_iterations ................................. 2
  grpo_kl_beta .................................... 0.001
  grpo_prompts_per_step ........................... 32
  grpo_std_normalization .......................... True
  head_lr_mult .................................... 1.0
  heterogeneous_layers_config_encoded_json ........ None
  heterogeneous_layers_config_path ................ None
  hf_checkpoint ................................... /root/models/Qwen3.5-9B
  hidden_dropout .................................. 0.0
  hidden_size ..................................... 4096
  hierarchical_context_parallel_sizes ............. None
  high_priority_stream_groups ..................... []
  http_proxy ...................................... None
  hybrid_attention_ratio .......................... 0.0
  hybrid_context_parallel ......................... False
  hybrid_mlp_ratio ................................ 0.0
  hybrid_override_pattern ......................... None
  hysteresis ...................................... 2
  ict_head_size ................................... None
  ict_load ........................................ None
  img_h ........................................... 224
  img_w ........................................... 224
  indep_dp ........................................ False
  indexer_batch_size .............................. 128
  indexer_log_interval ............................ 1000
  inference_batch_times_seqlen_threshold .......... -1
  inference_coordinator_port ...................... 12346
  inference_dynamic_batching ...................... False
  inference_dynamic_batching_block_size ........... 256
  inference_dynamic_batching_buffer_size_gb ....... 40.0
  inference_dynamic_batching_cuda_graph_max_tokens  16384
  inference_dynamic_batching_cuda_graph_mixed_prefill_count  16
  inference_dynamic_batching_max_requests ......... None
  inference_dynamic_batching_max_tokens ........... None
  inference_dynamic_batching_num_cuda_graphs ...... 16
  inference_dynamic_batching_paused_buffer_size_gb  None
  inference_dynamic_batching_track_paused_request_events  False
  inference_dynamic_batching_unified_memory_level . 0
  inference_fuse_tp_communication ................. False
  inference_logging_step_interval ................. 0
  inference_max_batch_size ........................ 8
  inference_max_seq_length ........................ 2560
  inference_rng_tracker ........................... False
  inference_wandb_logging ......................... False
  init_method_std ................................. 0.02
  init_method_xavier_uniform ...................... False
  init_model_with_meta_device ..................... False
  initial_loss_scale .............................. 4294967296
  inprocess_active_world_size ..................... 1
  inprocess_barrier_timeout ....................... 120
  inprocess_completion_timeout .................... 120
  inprocess_empty_cuda_cache ...................... False
  inprocess_granularity ........................... node
  inprocess_hard_timeout .......................... 90
  inprocess_heartbeat_interval .................... 30
  inprocess_heartbeat_timeout ..................... 60
  inprocess_last_call_wait ........................ 1
  inprocess_max_iterations ........................ None
  inprocess_monitor_process_interval .............. 1.0
  inprocess_monitor_thread_interval ............... 1.0
  inprocess_progress_watchdog_interval ............ 1.0
  inprocess_restart ............................... False
  inprocess_soft_timeout .......................... 60
  inprocess_termination_grace_time ................ 1
  input_key ....................................... unbiased_messages
  is_hybrid_model ................................. False
  iter_per_epoch .................................. 1250
  iterations_to_skip .............................. []
  keep_fp8_transpose_cache ........................ False
  keep_old_actor .................................. False
  kitchen_attention_backend ....................... sdpa
  kl_coef ......................................... 0.0
  kl_loss_coef .................................... 0.0
  kl_loss_type .................................... k1
  kv_channels ..................................... 256
  kv_lora_rank .................................... 32
  label_key ....................................... None
  lambd ........................................... 1.0
  langrl_env_config ............................... None
  langrl_external_server .......................... False
  langrl_inference_server_conversation_template ... None
  langrl_inference_server_type .................... inplace_megatron
  layernorm_epsilon ............................... 1e-06
  layernorm_zero_centered_gamma ................... True
  lazy_mpu_init ................................... None
  legacy_tokenizer ................................ False
  linear_attention_backend ........................ fla
  linear_attention_freq ........................... None
  linear_attention_type ........................... None
  linear_conv_kernel_dim .......................... 4
  linear_key_head_dim ............................. 128
  linear_num_key_heads ............................ 16
  linear_num_value_heads .......................... 32
  linear_value_head_dim ........................... 128
  load ............................................ /root/models/Qwen3.5-9B_torch_dist
  load_debug_rollout_data ......................... None
  load_debug_rollout_data_subsample ............... None
  load_main_params_from_ckpt ...................... False
  local_rank ...................................... 0
  log_correct_samples ............................. False
  log_device_memory_used .......................... False
  log_energy ...................................... False
  log_interval .................................... 100
  log_loss_scale_to_tensorboard ................... True
  log_max_attention_logit ......................... False
  log_memory_interval ............................. None
  log_memory_to_tensorboard ....................... False
  log_multi_turn .................................. False
  log_num_zeros_in_grad ........................... False
  log_params_norm ................................. False
  log_passrate .................................... False
  log_probs_chunk_size ............................ -1
  log_probs_max_tokens_per_gpu .................... 16384
  log_progress .................................... False
  log_reward_category ............................. None
  log_straggler ................................... False
  log_throughput .................................. False
  log_timers_to_tensorboard ....................... False
  log_validation_ppl_to_tensorboard ............... False
  log_world_size_to_tensorboard ................... False
  logging_level ................................... None
  lora_adapter_path ............................... None
  lora_alpha ...................................... 16
  lora_base_cpu_backup ............................ False
  lora_dropout .................................... 0.0
  lora_rank ....................................... 0
  lora_sync_from_tensor ........................... False
  lora_train_only ................................. False
  lora_type ....................................... lora
  loss_mask_type .................................. qwen
  loss_scale ...................................... None
  loss_scale_window ............................... 1000
  loss_type ....................................... policy_loss
  low_memory_resume ............................... False
  lr .............................................. 1e-05
  lr_decay_iters .................................. None
  lr_decay_samples ................................ None
  lr_decay_style .................................. constant
  lr_warmup_fraction .............................. None
  lr_warmup_init .................................. 0.0
  lr_warmup_iters ................................. 0
  lr_warmup_samples ............................... 0
  lr_wsd_decay_iters .............................. None
  lr_wsd_decay_samples ............................ None
  lr_wsd_decay_style .............................. exponential
  main_grads_dtype ................................ torch.float32
  main_params_dtype ............................... torch.float32
  make_vocab_size_divisible_by .................... 128
  mamba_head_dim .................................. 64
  mamba_num_groups ................................ 8
  mamba_num_heads ................................. None
  mamba_state_dim ................................. 128
  manual_gc ....................................... False
  manual_gc_eval .................................. True
  manual_gc_interval .............................. 0
  mask_factor ..................................... 1.0
  mask_offpolicy_in_partial_rollout ............... False
  mask_prob ....................................... 0.15
  mask_type ....................................... random
  masked_softmax_fusion ........................... True
  max_position_embeddings ......................... 4096
  max_seqlen_per_dp_cp_rank ....................... None
  max_tokens_per_gpu .............................. 16384
  max_tokens_to_oom ............................... 12000
  max_weight_staleness ............................ None
  megatron_to_hf_mode ............................. raw
  memory_recorder ................................. torch
  memory_snapshot_dir ............................. .
  memory_snapshot_num_steps ....................... None
  memory_snapshot_path ............................ snapshot.pickle
  merge_file ...................................... None
  metadata_key .................................... metadata
  micro_batch_size ................................ 1
  microbatch_group_size_per_vp_stage .............. None
  mid_level_dataset_surplus ....................... 0.005
  miles_dsa_topk_backend .......................... torch
  miles_router_health_check_failure_threshold ..... 3
  miles_router_max_connections .................... None
  miles_router_timeout ............................ None
  min_batch_collection_ratio ...................... 1
  min_loss_scale .................................. 1.0
  min_lr .......................................... 0.0
  min_offloaded_tensor_size ....................... 1048576
  mini_ft_controller_enable ....................... False
  mini_ft_controller_poll_interval ................ 10.0
  mini_ft_controller_resume_delay ................. 10.0
  mlflow_experiment_name .......................... miles
  mlflow_run_id ................................... None
  mlflow_run_name ................................. None
  mlflow_tracking_uri ............................. None
  mlp_chunks_for_prefill .......................... 1
  mmap_bin_files .................................. True
  mock_data ....................................... False
  model_name ...................................... None
  moe_activation_in_fp32 .......................... False
  moe_apply_probs_on_input ........................ False
  moe_aux_loss_coeff .............................. 0.0
  moe_combine_in_fp32 ............................. False
  moe_deepep_num_sms .............................. 20
  moe_enable_deepep ............................... False
  moe_enable_routing_replay ....................... False
  moe_expert_capacity_factor ...................... None
  moe_extended_tp ................................. False
  moe_ffn_hidden_size ............................. None
  moe_flex_dispatcher_backend ..................... deepep
  moe_grouped_gemm ................................ False
  moe_hybridep_num_sms ............................ 16
  moe_input_jitter_eps ............................ None
  moe_latent_size ................................. None
  moe_layer_freq .................................. 1
  moe_layer_recompute ............................. False
  moe_pad_expert_input_to_capacity ................ False
  moe_pad_experts_for_cuda_graph_inference ........ False
  moe_per_layer_logging ........................... False
  moe_permute_fusion .............................. False
  moe_router_bias_update_rate ..................... 0.001
  moe_router_dtype ................................ None
  moe_router_enable_expert_bias ................... False
  moe_router_force_biased ......................... None
  moe_router_force_load_balancing ................. False
  moe_router_freeze_gate .......................... False
  moe_router_fusion ............................... False
  moe_router_group_topk ........................... None
  moe_router_load_balancing_type .................. aux_loss
  moe_router_num_groups ........................... None
  moe_router_padding_for_fp8 ...................... False
  moe_router_padding_for_quantization ............. False
  moe_router_pre_softmax .......................... False
  moe_router_score_function ....................... softmax
  moe_router_topk ................................. 2
  moe_router_topk_scaling_factor .................. None
  moe_shared_expert_gate .......................... False
  moe_shared_expert_intermediate_size ............. None
  moe_shared_expert_overlap ....................... False
  moe_token_dispatcher_type ....................... allgather
  moe_token_drop_policy ........................... probs
  moe_upcycling_granularity ....................... 1
  moe_use_legacy_grouped_gemm ..................... False
  moe_use_upcycling ............................... False
  moe_z_loss_coeff ................................ None
  mooncake_replica_num ............................ 1
  mooncake_store_init_kwargs ...................... None
  mrope_section ................................... None
  mscale .......................................... 1.0
  mscale_all_dim .................................. 0.0
  mtp_hybrid_override_pattern ..................... None
  mtp_loss_scaling_factor ......................... 0.2
  mtp_num_layers .................................. None
  mtp_standalone .................................. False
  mtp_use_repeated_layer .......................... False
  multi_latent_attention .......................... False
  multi_lora ...................................... False
  multi_lora_adapters ............................. []
  multi_lora_api_port ............................. 8068
  multi_lora_backend_path ......................... None
  multi_lora_http_server_path ..................... None
  multi_lora_idle_poll_s .......................... 5.0
  multi_lora_max_adapter_global_batch_size ........ None
  multi_lora_max_coalesce_wait_s .................. 0.5
  multi_lora_max_empty_wait_s ..................... 30.0
  multi_lora_n_adapters ........................... 0
  multi_lora_service_mode ......................... True
  multimodal_keys ................................. None
  multiple_validation_sets ........................ False
  muon_extra_scale_factor ......................... 1.0
  muon_fp32_matmul_prec ........................... medium
  muon_momentum ................................... 0.9
  muon_num_ns_steps ............................... 5
  muon_scale_mode ................................. spectral
  muon_split_qkv .................................. True
  muon_tp_mode .................................... blockwise
  muon_use_nesterov ............................... False
  n_samples_per_eval_prompt ....................... 1
  n_samples_per_prompt ............................ 128
  nccl_all_reduce_for_prefill ..................... False
  nccl_communicator_config_path ................... None
  nccl_ub ......................................... False
  no_load_optim ................................... None
  no_load_rng ..................................... None
  no_persist_layer_norm ........................... False
  no_rope_freq .................................... None
  no_save_optim ................................... False
  no_save_rng ..................................... None
  no_weight_decay_cond_type ....................... None
  non_persistent_ckpt_type ........................ None
  non_persistent_global_ckpt_dir .................. None
  non_persistent_local_ckpt_algo .................. fully_parallel
  non_persistent_local_ckpt_dir ................... None
  non_persistent_save_interval .................... None
  normalization ................................... RMSNorm
  normalize_advantages ............................ False
  num_attention_heads ............................. 16
  num_channels .................................... 3
  num_classes ..................................... 1000
  num_critic_only_steps ........................... 0
  num_dataset_builder_threads ..................... 1
  num_distributed_optimizer_instances ............. 1
  num_epoch ....................................... None
  num_experts ..................................... None
  num_gpus_per_node ............................... 8
  num_layers ...................................... 32
  num_layers_at_end_in_bf16 ....................... 1
  num_layers_at_start_in_bf16 ..................... 1
  num_layers_per_virtual_pipeline_stage ........... None
  num_query_groups ................................ 4
  num_rollout ..................................... 2
  num_steps_per_rollout ........................... None
  num_virtual_stages_per_pipeline_rank ............ None
  num_workers ..................................... 2
  object_storage_cache_path ....................... None
  object_store_backend ............................ ray
  observe_training_entropy ........................ False
  offload_modules ................................. []
  offload_optimizer_states ........................ False
  offload_rollout ................................. True
  offload_rollout_level ........................... ['kv_cache', 'weight']
  offload_train ................................... True
  offload_train_disk_chunk_mb ..................... 256
  offload_train_disk_dir .......................... None
  offload_train_target ............................ cpu
  one_logger_async ................................ False
  one_logger_project .............................. megatron-lm
  one_logger_run_name ............................. None
  onnx_safe ....................................... None
  opd_kl_coef ..................................... 1.0
  opd_log_prob_top_k .............................. 0
  opd_reward_weight_mode .......................... student_p
  opd_teacher_ckpt_step ........................... None
  opd_teacher_key ................................. opd_teacher
  opd_teacher_load ................................ None
  opd_teacher_urls ................................ None
  opd_top_k_strategy .............................. only-student
  opd_topk_per_position ........................... False
  opd_type ........................................ None
  openai_gelu ..................................... False
  opsm_delta ...................................... 0.0001
  optimizer ....................................... adam
  optimizer_cpu_offload ........................... False
  optimizer_offload_fraction ...................... 1.0
  original_max_position_embeddings ................ 4096
  outer_dp_sharding_strategy ...................... no_shard
  output_bert_embeddings .......................... False
  over_sampling_batch_size ........................ 4
  overlap_cpu_optimizer_d2h_h2d ................... False
  overlap_grad_reduce ............................. False
  overlap_moe_expert_parallel_comm ................ False
  overlap_p2p_comm ................................ False
  overlap_p2p_comm_warmup_flush ................... False
  overlap_param_gather ............................ False
  overlap_param_gather_with_optimizer_step ........ False
  override_opt_param_scheduler .................... False
  p2p_transfer_num_workers ........................ 4
  p2p_transfer_timeout ............................ 30.0
  padded_vocab_size ............................... 248320
  params_dtype .................................... torch.bfloat16
  partial_rollout ................................. False
  patch_dim ....................................... 16
  pause_generation_mode ........................... retract
  per_dataset_sequences_path ...................... None
  per_split_data_args_path ........................ None
  perform_initialization .......................... True
  perform_rl_step ................................. False
  phase_transition_iterations ..................... None
  pin_cpu_grads ................................... True
  pin_cpu_params .................................. True
  pin_rollout_manager_to_head ..................... False
  pipeline_model_parallel_comm_backend ............ None
  pipeline_model_parallel_layout .................. None
  pipeline_model_parallel_size .................... 1
  position_embedding_type ......................... rope
  post_mlp_layernorm .............................. False
  post_self_attn_layernorm ........................ False
  prefill_num_servers ............................. None
  pretrained_checkpoint ........................... None
  profile ......................................... False
  profile_ranks ................................... [0]
  profile_step_end ................................ 12
  profile_step_start .............................. 10
  profile_target .................................. ['train_overall']
  prometheus_port ................................. 9090
  prometheus_run_name ............................. None
  prompt_data ..................................... /workspace/rmct/data/run_9b/wrong-argument-pairs-64.jsonl
  q_lora_rank ..................................... None
  qk_clip ......................................... False
  qk_clip_alpha ................................... 0.5
  qk_clip_threshold ............................... 100
  qk_head_dim ..................................... 128
  qk_l2_norm ...................................... False
  qk_layernorm .................................... True
  qk_pos_emb_head_dim ............................. 64
  qkv_format ...................................... thd
  query_in_block_prob ............................. 0.1
  quick_geglu ..................................... False
  rampup_batch_size ............................... None
  rank ............................................ 0
  recompute_granularity ........................... full
  recompute_logprobs_via_prefill .................. False
  recompute_loss_function ......................... False
  recompute_method ................................ uniform
  recompute_modules ............................... None
  recompute_num_layers ............................ 1
  record_memory_history ........................... False
  ref_ckpt_step ................................... None
  ref_load ........................................ /root/models/Qwen3.5-9B_torch_dist
  ref_update_interval ............................. None
  refit_method .................................... gloo
  relative_attention_max_distance ................. 128
  relative_attention_num_buckets .................. 32
  replication ..................................... False
  replication_factor .............................. 2
  replication_jump ................................ None
  rerun_mode ...................................... validate_results
  reset_attention_mask ............................ False
  reset_optimizer_states .......................... False
  reset_position_ids .............................. False
  result_rejected_tracker_filename ................ None
  retriever_report_topk_accuracies ................ []
  retriever_score_scaling ......................... False
  reuse_grad_buf_for_mxfp8_param_ag ............... False
  reward_key ...................................... None
  rewards_normalization ........................... False
  rl_calculate_intra_group_similarity ............. False
  rl_default_temperature .......................... 1.0
  rl_default_top_k ................................ -1
  rl_default_top_p ................................ 0
  rl_importance_sampling_truncation_coef .......... None
  rl_inference_expert_model_parallel_size ......... None
  rl_inference_expert_tensor_model_parallel_size .. None
  rl_inference_logprobs_is_correction ............. False
  rl_inference_model_unified_memory_level ......... 0
  rl_inference_pipeline_model_parallel_size ....... None
  rl_inference_tensor_model_parallel_size ......... None
  rl_offload_inference_model_weights_when_idle .... False
  rl_offload_kv_cache_during_training ............. False
  rl_offload_optimizer_during_inference ........... False
  rl_parallel_generation_tasks .................... 512
  rl_partial_rollouts ............................. False
  rl_prompts_per_eval ............................. 32
  rl_remove_kv_cache_during_training .............. False
  rl_reset_cuda_graphs ............................ False
  rl_sequence_packing_algo ........................ fifo
  rl_sequence_packing_max_sequences_per_bin ....... 50
  rl_skip_bos_token ............................... False
  rl_training_cuda_graphs ......................... False
  rl_use_sequence_packing ......................... False
  rl_verify_model_weights_swap .................... False
  rm_type ......................................... None
  rm_url .......................................... None
  rollout_all_samples_process_path ................ None
  rollout_batch_size .............................. 4
  rollout_buffer_url .............................. None
  rollout_data_postprocess_path ................... None
  rollout_external ................................ False
  rollout_external_engine_addrs ................... None
  rollout_function_path ........................... slime_port.rmct_rollout.generate_rollout
  rollout_global_dataset .......................... True
  rollout_health_check_first_wait ................. 0
  rollout_health_check_interval ................... 30.0
  rollout_health_check_timeout .................... 30.0
  rollout_max_context_len ......................... None
  rollout_max_prompt_len .......................... None
  rollout_max_response_len ........................ 20480
  rollout_num_gpus ................................ 4
  rollout_num_gpus_per_engine ..................... 1
  rollout_sample_filter_path ...................... None
  rollout_seed .................................... 42
  rollout_shuffle ................................. False
  rollout_skip_special_tokens ..................... False
  rollout_stop .................................... None
  rollout_stop_token_ids .......................... None
  rollout_submission_granularity .................. None
  rollout_task_type ............................... math
  rollout_temperature ............................. 1.0
  rollout_top_k ................................... -1
  rollout_top_p ................................... 1.0
  rope_scaling_factor ............................. 8.0
  rope_type ....................................... rope
  rotary_base ..................................... 10000000
  rotary_interleaved .............................. False
  rotary_percent .................................. 0.25
  rotary_scaling_factor ........................... 1.0
  rotary_seq_len_interpolation_factor ............. None
  router_api_key .................................. None
  router_assignment_mode .......................... random
  router_backend .................................. sglang
  router_balance_abs_threshold .................... 64
  router_balance_rel_threshold .................... 1.5
  router_bucket_adjust_interval_secs .............. 5
  router_ca_cert_paths ............................ []
  router_cache_threshold .......................... 0.3
  router_cb_failure_threshold ..................... 10
  router_cb_success_threshold ..................... 3
  router_cb_timeout_duration_secs ................. 60
  router_cb_window_duration_secs .................. 120
  router_chat_template ............................ None
  router_client_cert_path ......................... None
  router_client_key_path .......................... None
  router_control_plane_api_keys ................... []
  router_control_plane_audit_enabled .............. False
  router_cors_allowed_origins ..................... []
  router_decode ................................... None
  router_decode_policy ............................ None
  router_decode_selector .......................... {}
  router_disable_circuit_breaker .................. False
  router_disable_health_check ..................... False
  router_disable_retries .......................... False
  router_dp_aware ................................. False
  router_enable_igw ............................... False
  router_enable_trace ............................. False
  router_eviction_interval_secs ................... 60
  router_health_check_endpoint .................... /health
  router_health_check_interval_secs ............... 60
  router_health_check_timeout_secs ................ 5
  router_health_failure_threshold ................. 3
  router_health_success_threshold ................. 2
  router_history_backend .......................... memory
  router_json_log ................................. False
  router_jwt_audience ............................. None
  router_jwt_issuer ............................... None
  router_jwt_jwks_uri ............................. None
  router_jwt_role_mapping ......................... []
  router_log_dir .................................. None
  router_log_level ................................ info
  router_max_concurrent_requests .................. -1
  router_max_idle_secs ............................ 14400
  router_max_payload_size ......................... 536870912
  router_max_tree_size ............................ 67108864
  router_mcp_config_path .......................... None
  router_mini_lb .................................. False
  router_model_path ............................... None
  router_oracle_connect_descriptor ................ None
  router_oracle_password .......................... None
  router_oracle_pool_max .......................... 16
  router_oracle_pool_min .......................... 1
  router_oracle_pool_timeout_secs ................. 30
  router_oracle_tns_alias ......................... None
  router_oracle_username .......................... None
  router_oracle_wallet_path ....................... None
  router_otlp_traces_endpoint ..................... localhost:4317
  router_pd_disaggregation ........................ False
  router_policy ................................... cache_aware
  router_postgres_db_url .......................... None
  router_postgres_pool_max ........................ 16
  router_prefill .................................. None
  router_prefill_policy ........................... None
  router_prefill_selector ......................... {}
  router_prometheus_duration_buckets .............. None
  router_prometheus_host .......................... 0.0.0.0
  router_prometheus_port .......................... 29000
  router_queue_size ............................... 100
  router_queue_timeout_secs ....................... 60
  router_rate_limit_tokens_per_second ............. None
  router_reasoning_parser ......................... None
  router_redis_pool_max ........................... 16
  router_redis_retention_days ..................... 30
  router_redis_url ................................ None
  router_request_id_headers ....................... None
  router_request_timeout_secs ..................... 1800
  router_retry_backoff_multiplier ................. 1.5
  router_retry_initial_backoff_ms ................. 50
  router_retry_jitter_factor ...................... 0.2
  router_retry_max_backoff_ms ..................... 30000
  router_retry_max_retries ........................ 5
  router_selector ................................. {}
  router_service_discovery ........................ False
  router_service_discovery_namespace .............. None
  router_service_discovery_port ................... 80
  router_shutdown_grace_period_secs ............... 180
  router_test_external_dp_routing ................. False
  router_tls_cert_path ............................ None
  router_tls_key_path ............................. None
  router_tokenizer_cache_enable_l0 ................ False
  router_tokenizer_cache_enable_l1 ................ False
  router_tokenizer_cache_l0_max_entries ........... 10000
  router_tokenizer_cache_l1_max_memory ............ 52428800
  router_tokenizer_path ........................... None
  router_tool_call_parser ......................... None
  router_worker_startup_check_interval ............ 30
  router_worker_startup_timeout_secs .............. 1800
  run_workload_inspector_server ................... False
  sample_rate ..................................... 1.0
  save ............................................ /workspace/runs/shakeout_bf16/checkpoints
  save_debug_event_data ........................... None
  save_debug_rollout_data ......................... None
  save_debug_train_data ........................... None
  save_debug_trajectory_data ...................... None
  save_dgrads_interval ............................ None
  save_hf ......................................... None
  save_interval ................................... 100
  save_local_weight_checksum ...................... False
  save_retain_interval ............................ None
  save_trigger_sentinel ........................... None
  save_wgrads_interval ............................ None
  scatter_gather_tensors_in_pipeline .............. True
  seed ............................................ 1234
  seq_length ...................................... 4096
  sequence_parallel ............................... False
  session_sample_picker_path ...................... miles.rollout.session.v2.picker_hub.drop_retries
  session_sample_postprocessor_path ............... miles.rollout.session.v2.postprocessor_hub.default_postprocess
  session_server_ip ............................... None
  session_server_port ............................. None
  sft ............................................. False
  sft_tokenizer_prompt_format ..................... nemotron-h-aligned
  sgd_momentum .................................... 0.9
  sglang_abort_on_priority_when_disabled .......... False
  sglang_admin_api_key ............................ None
  sglang_allow_auto_truncate ...................... False
  sglang_api_key .................................. None
  sglang_asr_max_buffer_seconds ................... 60
  sglang_asr_max_concurrent_sessions .............. 32
  sglang_attention_backend ........................ None
  sglang_attn_cp_size ............................. 1
  sglang_batch_notify_size ........................ 16
  sglang_bf16_gemm_backend ........................ auto
  sglang_bucket_e2e_request_latency ............... None
  sglang_bucket_inter_token_latency ............... None
  sglang_bucket_time_to_first_token ............... None
  sglang_chat_template ............................ None
  sglang_checkpoint_engine_wait_weights_before_ready  False
  sglang_chunked_prefill_size ..................... None
  sglang_collect_tokens_histogram ................. None
  sglang_completion_template ...................... None
  sglang_config ................................... None
  sglang_constrained_json_disable_any_whitespace .. False
  sglang_constrained_json_whitespace_pattern ...... None
  sglang_context_length ........................... None
  sglang_cp_strategy .............................. None
  sglang_cpu_offload_gb ........................... 0
  sglang_crash_dump_folder ........................ None
  sglang_cuda_graph_backend_decode ................ None
  sglang_cuda_graph_backend_prefill ............... disabled
  sglang_cuda_graph_bs_decode ..................... None
  sglang_cuda_graph_bs_prefill .................... None
  sglang_cuda_graph_config ........................ None
  sglang_cuda_graph_max_bs_decode ................. None
  sglang_cuda_graph_max_bs_prefill ................ None
  sglang_cuda_graph_tc_compiler ................... None
  sglang_custom_pull_weights_pre_read_hook ........ None
  sglang_custom_weight_loader ..................... None
  sglang_dcp_size ................................. 1
  sglang_debug_cuda_graph ......................... False
  sglang_debug_tensor_dump_input_file ............. None
  sglang_debug_tensor_dump_layers ................. None
  sglang_debug_tensor_dump_output_folder .......... None
  sglang_decode_attention_backend ................. None
  sglang_decode_log_interval ...................... 40
  sglang_decoupled_spec_bind_endpoint ............. None
  sglang_decoupled_spec_connect_endpoints ......... None
  sglang_decoupled_spec_rank ...................... None
  sglang_decoupled_spec_role ...................... null
  sglang_decrypted_config_file .................... None
  sglang_decrypted_draft_config_file .............. None
  sglang_deepep_config ............................ None
  sglang_deepep_dispatcher_output_dtype ........... auto
  sglang_deepep_mode .............................. auto
  sglang_default_chat_template_kwargs ............. None
  sglang_default_priority_value ................... None
  sglang_delete_ckpt_after_loading ................ False
  sglang_detokenizer_worker_num ................... 1
  sglang_device ................................... None
  sglang_disable_attn_tp_gather ................... False
  sglang_disable_chunked_prefix_cache ............. False
  sglang_disable_cuda_graph ....................... False
  sglang_disable_cuda_graph_padding ............... False
  sglang_disable_custom_all_reduce ................ False
  sglang_disable_decode_cuda_graph ................ False
  sglang_disable_draft_cuda_graph ................. False
  sglang_disable_fast_image_processor ............. False
  sglang_disable_flashinfer_autotune .............. False
  sglang_disable_flashinfer_cutlass_moe_fp4_allgather  False
  sglang_disable_hybrid_swa_memory ................ False
  sglang_disable_outlines_disk_cache .............. False
  sglang_disable_overlap_schedule ................. False
  sglang_disable_prefill_cuda_graph ............... False
  sglang_disable_priority_preemption .............. False
  sglang_disable_radix_cache ...................... False
  sglang_disable_shared_experts_fusion ............ False
  sglang_disable_tokenizer_batch_decode ........... False
  sglang_disaggregation_bootstrap_port ............ 8998
  sglang_disaggregation_decode_enable_offload_kvcache  False
  sglang_disaggregation_decode_enable_radix_cache . False
  sglang_disaggregation_decode_extra_slots ........ None
  sglang_disaggregation_decode_polling_interval ... 1
  sglang_disaggregation_ib_device ................. None
  sglang_disaggregation_mode ...................... null
  sglang_disaggregation_transfer_backend .......... mooncake
  sglang_dist_timeout ............................. None
  sglang_dllm_algorithm ........................... None
  sglang_dllm_algorithm_config .................... None
  sglang_dllm_fdfo ................................ True
  sglang_download_dir ............................. None
  sglang_dp_size .................................. 1
  sglang_dsa_decode_backend ....................... None
  sglang_dsa_paged_mqa_logits_backend ............. auto
  sglang_dsa_prefill_backend ...................... None
  sglang_dsa_prefill_cp_mode ...................... round-robin-split
  sglang_dsa_topk_backend ......................... sgl-kernel
  sglang_dtype .................................... auto
  sglang_dynamic_batch_tokenizer_batch_size ....... 32
  sglang_dynamic_batch_tokenizer_batch_timeout .... 0.002
  sglang_elastic_ep_backend ....................... None
  sglang_elastic_ep_initial_size .................. None
  sglang_elastic_ep_rejoin ........................ False
  sglang_elastic_ep_scale_timeout ................. 600
  sglang_enable_adaptive_dispatch_to_encoder ...... False
  sglang_enable_aiter_allreduce_fusion ............ False
  sglang_enable_attn_tp_input_scattered ........... False
  sglang_enable_broadcast_mm_inputs_process ....... False
  sglang_enable_cache_report ...................... False
  sglang_enable_cudagraph_gc ...................... False
  sglang_enable_custom_logit_processor ............ False
  sglang_enable_deepseek_v4_fp4_indexer ........... False
  sglang_enable_deterministic_inference ........... False
  sglang_enable_dp_attention ...................... False
  sglang_enable_dp_attention_local_control_broadcast  False
  sglang_enable_dp_lm_head ........................ False
  sglang_enable_draft_weights_cpu_backup .......... False
  sglang_enable_dsa_cache_layer_split ............. False
  sglang_enable_dsa_prefill_context_parallel ...... False
  sglang_enable_dynamic_batch_tokenizer ........... False
  sglang_enable_dynamic_chunking .................. False
  sglang_enable_elastic_expert_backup ............. False
  sglang_enable_eplb .............................. False
  sglang_enable_expert_distribution_metrics ....... False
  sglang_enable_flashinfer_allreduce_fusion ....... False
  sglang_enable_flexkv ............................ False
  sglang_enable_forward_pass_metrics .............. False
  sglang_enable_fp32_lm_head ...................... False
  sglang_enable_fused_moe_sum_all_reduce .......... False
  sglang_enable_fused_qk_norm_rope ................ False
  sglang_enable_gdn_replayssm_spec ................ False
  sglang_enable_hierarchical_cache ................ False
  sglang_enable_hisparse .......................... False
  sglang_enable_http2 ............................. False
  sglang_enable_int8_mamba_checkpoint ............. False
  sglang_enable_layerwise_nvtx_marker ............. False
  sglang_enable_linear_replayssm .................. False
  sglang_enable_lmcache ........................... False
  sglang_enable_lora .............................. None
  sglang_enable_lora_overlap_loading .............. None
  sglang_enable_mamba_cache_stochastic_rounding ... False
  sglang_enable_metrics ........................... False
  sglang_enable_metrics_for_all_schedulers ........ False
  sglang_enable_mfu_metrics ....................... False
  sglang_enable_mis ............................... False
  sglang_enable_mixed_chunk ....................... False
  sglang_enable_mm_global_cache ................... False
  sglang_enable_mscclpp ........................... False
  sglang_enable_multi_layer_eagle ................. False
  sglang_enable_multimodal ........................ None
  sglang_enable_nccl_nvls ......................... False
  sglang_enable_p2p_check ......................... False
  sglang_enable_page_major_kv_layout .............. False
  sglang_enable_pdmux ............................. False
  sglang_enable_precise_embedding_interpolation ... False
  sglang_enable_prefill_context_parallel .......... False
  sglang_enable_prefill_cp ........................ False
  sglang_enable_prefill_delayer ................... False
  sglang_enable_prefill_only_deterministic_inference  False
  sglang_enable_prefix_mm_cache ................... False
  sglang_enable_priority_scheduling ............... False
  sglang_enable_profile_cuda_graph ................ False
  sglang_enable_quant_communications .............. False
  sglang_enable_request_time_stats_logging ........ False
  sglang_enable_return_hidden_states .............. False
  sglang_enable_scattered_sconv ................... False
  sglang_enable_session_radix_cache ............... False
  sglang_enable_single_batch_overlap .............. False
  sglang_enable_ssl_refresh ....................... False
  sglang_enable_streaming_session ................. False
  sglang_enable_strict_thinking ................... False
  sglang_enable_symm_mem .......................... False
  sglang_enable_tf32_matmul ....................... False
  sglang_enable_tokenizer_batch_encode ............ False
  sglang_enable_torch_compile ..................... False
  sglang_enable_torch_compile_debug_mode .......... False
  sglang_enable_torch_symm_mem .................... False
  sglang_enable_trace ............................. False
  sglang_enable_two_batch_overlap ................. False
  sglang_enable_unified_memory .................... False
  sglang_enable_waterfill ......................... False
  sglang_enable_weights_cpu_backup ................ False
  sglang_encoder_bootstrap_port ................... 8997
  sglang_encoder_only ............................. False
  sglang_encoder_register_urls .................... []
  sglang_encoder_transfer_backend ................. zmq_to_scheduler
  sglang_encoder_urls ............................. []
  sglang_enforce_disable_flashinfer_allreduce_fusion  False
  sglang_enforce_shared_experts_fusion ............ False
  sglang_engine_info_bootstrap_port ............... 6789
  sglang_ep_dispatch_algorithm .................... None
  sglang_ep_join_mode ............................. None
  sglang_ep_join_rank_offset ...................... 0
  sglang_ep_num_redundant_experts ................. 0
  sglang_ep_size .................................. 1
  sglang_eplb_algorithm ........................... auto
  sglang_eplb_min_rebalancing_utilization_threshold  1.0
  sglang_eplb_rebalance_layers_per_chunk .......... None
  sglang_eplb_rebalance_num_iterations ............ 1000
  sglang_expert_distribution_recorder_buffer_size . None
  sglang_expert_distribution_recorder_mode ........ None
  sglang_experts_shared_outer_loras ............... None
  sglang_export_metrics_to_file ................... False
  sglang_export_metrics_to_file_dir ............... None
  sglang_extra_metric_labels ...................... None
  sglang_fastapi_root_path ........................ 
  sglang_file_storage_path ........................ sglang_storage
  sglang_flashinfer_allreduce_fusion_backend ...... None
  sglang_flashinfer_mla_disable_ragged ............ False
  sglang_flashinfer_mxfp4_moe_precision ........... default
  sglang_flexkv_config_file ....................... None
  sglang_forward_hooks ............................ None
  sglang_forward_pass_metrics_ipc_name ............ None
  sglang_forward_pass_metrics_worker_id ........... 
  sglang_fp4_gemm_runner_backend .................. auto
  sglang_fp8_gemm_runner_backend .................. auto
  sglang_fuseep_mode .............................. 2
  sglang_gc_threshold ............................. None
  sglang_gc_warning_threshold_secs ................ 0.0
  sglang_generation_tokens_buckets ................ None
  sglang_grammar_backend .......................... None
  sglang_grpc_mode ................................ False
  sglang_grpc_port ................................ None
  sglang_hf_chat_template_name .................... None
  sglang_hicache_io_backend ....................... kernel
  sglang_hicache_mem_layout ....................... page_first
  sglang_hicache_ratio ............................ 2.0
  sglang_hicache_size ............................. 0
  sglang_hicache_storage_backend .................. None
  sglang_hicache_storage_backend_extra_config ..... None
  sglang_hicache_storage_prefetch_policy .......... timeout
  sglang_hicache_write_policy ..................... write_through
  sglang_hisparse_config .......................... None
  sglang_host ..................................... 127.0.0.1
  sglang_incremental_streaming_output ............. False
  sglang_init_expert_location ..................... trivial
  sglang_int8_mamba_ckpt_size ..................... None
  sglang_is_embedding ............................. False
  sglang_json_model_override_args ................. {}
  sglang_keep_mm_feature_on_device ................ False
  sglang_kt_cpuinfer .............................. None
  sglang_kt_max_deferred_experts_per_token ........ None
  sglang_kt_method ................................ AMXINT4
  sglang_kt_num_gpu_experts ....................... None
  sglang_kt_threadpool_count ...................... 2
  sglang_kt_weight_path ........................... None
  sglang_kv_cache_dtype ........................... auto
  sglang_kv_canary ................................ none
  sglang_kv_canary_real_data ...................... none
  sglang_kv_canary_sweep_interval ................. 0
  sglang_kv_events_config ......................... None
  sglang_language_only ............................ False
  sglang_limit_mm_data_per_request ................ None
  sglang_linear_attn_backend ...................... triton
  sglang_linear_attn_decode_backend ............... None
  sglang_linear_attn_prefill_backend .............. None
  sglang_linear_replayssm_cache_len ............... 16
  sglang_lmcache_config_file ...................... None
  sglang_load_balance_method ...................... auto
  sglang_load_format .............................. auto
  sglang_load_snapshot_publish_interval ........... 15
  sglang_log_level ................................ info
  sglang_log_level_http ........................... None
  sglang_log_requests ............................. False
  sglang_log_requests_format ...................... text
  sglang_log_requests_level ....................... 2
  sglang_log_requests_target ...................... None
  sglang_lora_backend ............................. csgmv
  sglang_lora_drain_wait_threshold ................ 0.0
  sglang_lora_eviction_policy ..................... lru
  sglang_lora_paths ............................... None
  sglang_lora_strict_loading ...................... False
  sglang_lora_target_modules ...................... None
  sglang_lora_use_virtual_experts ................. True
  sglang_mamba_backend ............................ triton
  sglang_mamba_cache_philox_rounds ................ 0
  sglang_mamba_full_memory_ratio .................. 0.9
  sglang_mamba_radix_cache_strategy ............... extra_buffer
  sglang_mamba_ssm_dtype .......................... None
  sglang_mamba_track_interval ..................... 256
  sglang_max_ep_size .............................. None
  sglang_max_loaded_loras ......................... None
  sglang_max_lora_chunk_size ...................... 16
  sglang_max_lora_rank ............................ None
  sglang_max_loras_per_batch ...................... 8
  sglang_max_mamba_cache_size ..................... None
  sglang_max_prefill_tokens ....................... 16384
  sglang_max_queued_requests ...................... None
  sglang_max_running_requests ..................... None
  sglang_max_total_tokens ......................... None
  sglang_mem_fraction_static ...................... 0.5
  sglang_min_free_slots_delay ..................... None
  sglang_mm_attention_backend ..................... None
  sglang_mm_enable_dp_encoder ..................... False
  sglang_mm_feature_transport ..................... None
  sglang_mm_process_config ........................ None
  sglang_model_checksum ........................... None
  sglang_model_config_parser ...................... auto
  sglang_model_impl ............................... auto
  sglang_model_loader_extra_config ................ {}
  sglang_modelexpress_config ...................... None
  sglang_modelopt_checkpoint_restore_path ......... None
  sglang_modelopt_checkpoint_save_path ............ None
  sglang_modelopt_export_path ..................... None
  sglang_modelopt_quant ........................... None
  sglang_moe_a2a_backend .......................... none
  sglang_moe_dense_tp_size ........................ None
  sglang_moe_dp_size .............................. 1
  sglang_moe_runner_backend ....................... auto
  sglang_mooncake_ib_device ....................... None
  sglang_msprobe_dump_config ...................... None
  sglang_num_continuous_decode_steps .............. 1
  sglang_num_reserved_decode_tokens ............... 512
  sglang_numa_node ................................ None
  sglang_offload_group_size ....................... -1
  sglang_offload_mode ............................. cpu
  sglang_offload_num_in_group ..................... 1
  sglang_offload_prefetch_step .................... 1
  sglang_optimistic_prefill_attempts .............. 0
  sglang_otlp_traces_endpoint ..................... localhost:4317
  sglang_page_size ................................ None
  sglang_pdmux_config_path ........................ None
  sglang_pp_async_batch_depth ..................... 0
  sglang_pp_max_micro_batch_size .................. None
  sglang_pp_size .................................. 1
  sglang_pre_warm_nccl ............................ False
  sglang_preferred_sampling_params ................ None
  sglang_prefill_attention_backend ................ None
  sglang_prefill_cp_mode .......................... in-seq-split
  sglang_prefill_delayer_forward_passes_buckets ... None
  sglang_prefill_delayer_max_delay_ms ............. None
  sglang_prefill_delayer_max_delay_passes ......... 30
  sglang_prefill_delayer_queue_min_ratio .......... None
  sglang_prefill_delayer_token_usage_low_watermark  None
  sglang_prefill_delayer_wait_seconds_buckets ..... None
  sglang_prefill_max_requests ..................... None
  sglang_prefill_only_disable_kv_cache ............ False
  sglang_prefill_round_robin_balance .............. None
  sglang_priority_scheduling_preemption_threshold . 10
  sglang_prompt_tokens_buckets .................... None
  sglang_quantization ............................. None
  sglang_quantization_param_path .................. None
  sglang_quantize_and_serve ....................... False
  sglang_radix_cache_backend ...................... None
  sglang_radix_eviction_policy .................... lru
  sglang_reasoning_parser ......................... None
  sglang_remote_instance_weight_loader_backend .... nccl
  sglang_remote_instance_weight_loader_seed_instance_ip  None
  sglang_remote_instance_weight_loader_seed_instance_service_port  None
  sglang_remote_instance_weight_loader_send_weights_group_ports  None
  sglang_remote_instance_weight_loader_start_seed_via_transfer_engine  False
  sglang_retraction_policy ........................ length
  sglang_revision ................................. None
  sglang_rl_on_policy_target ...................... None
  sglang_rl_quant_profile ......................... None
  sglang_router_ip ................................ None
  sglang_router_policy ............................ None
  sglang_router_port .............................. None
  sglang_router_request_timeout_secs .............. 14400
  sglang_sampling_backend ......................... None
  sglang_sampling_defaults ........................ model
  sglang_schedule_conservativeness ................ 1.0
  sglang_schedule_low_priority_values_first ....... False
  sglang_schedule_policy .......................... fcfs
  sglang_scheduler_recv_interval .................. 1
  sglang_served_model_name ........................ None
  sglang_server_concurrency ....................... 512
  sglang_show_time_cost ........................... False
  sglang_sidecar .................................. None
  sglang_sidecar_args ............................. None
  sglang_skip_tokenizer_init ...................... False
  sglang_sleep_on_idle ............................ False
  sglang_sm_group_num ............................. 8
  sglang_smg_grpc_mode ............................ False
  sglang_smg_http_sidecar_port .................... None
  sglang_soft_watchdog_timeout .................... None
  sglang_spec_trace_dir ........................... None
  sglang_speculative_accept_threshold_acc ......... 1.0
  sglang_speculative_accept_threshold_single ...... 1.0
  sglang_speculative_adaptive ..................... False
  sglang_speculative_adaptive_config .............. None
  sglang_speculative_algorithm .................... None
  sglang_speculative_attention_mode ............... prefill
  sglang_speculative_dflash_block_size ............ None
  sglang_speculative_draft_attention_backend ...... None
  sglang_speculative_draft_load_format ............ None
  sglang_speculative_draft_model_path ............. None
  sglang_speculative_draft_model_quantization ..... None
  sglang_speculative_draft_model_revision ......... None
  sglang_speculative_draft_window_size ............ None
  sglang_speculative_dspark_align_verify_tokens_to_graph_tier  False
  sglang_speculative_dspark_block_size ............ None
  sglang_speculative_dspark_confidence_sts_path ... None
  sglang_speculative_dspark_sps_table_path ........ None
  sglang_speculative_eagle_topk ................... None
  sglang_speculative_moe_a2a_backend .............. None
  sglang_speculative_moe_runner_backend ........... None
  sglang_speculative_ngram_capacity ............... 10000000
  sglang_speculative_ngram_external_corpus_max_tokens  10000000
  sglang_speculative_ngram_external_corpus_path ... None
  sglang_speculative_ngram_external_sam_budget .... 0
  sglang_speculative_ngram_match_type ............. BFS
  sglang_speculative_ngram_max_bfs_breadth ........ 10
  sglang_speculative_ngram_max_trie_depth ......... 18
  sglang_speculative_ngram_min_bfs_breadth ........ 1
  sglang_speculative_num_draft_tokens ............. None
  sglang_speculative_num_steps .................... None
  sglang_speculative_skip_dp_mlp_sync ............. False
  sglang_speculative_token_map .................... None
  sglang_speculative_use_rejection_sampling ....... False
  sglang_ssl_ca_certs ............................. None
  sglang_ssl_certfile ............................. None
  sglang_ssl_keyfile .............................. None
  sglang_ssl_keyfile_password ..................... None
  sglang_stream_interval .......................... 1
  sglang_stream_response_default_include_usage .... False
  sglang_strip_thinking_cache ..................... False
  sglang_swa_full_tokens_ratio .................... 0.8
  sglang_tbo_token_distribution_threshold ......... 0.48
  sglang_tokenizer_backend ........................ huggingface
  sglang_tokenizer_metrics_allowed_custom_labels .. None
  sglang_tokenizer_metrics_custom_labels_header ... x-custom-labels
  sglang_tokenizer_mode ........................... auto
  sglang_tokenizer_path ........................... None
  sglang_tokenizer_worker_num ..................... 1
  sglang_tool_call_parser ......................... None
  sglang_tool_server .............................. None
  sglang_torch_compile_max_bs ..................... 32
  sglang_torchao_config ........................... 
  sglang_tp_size .................................. 1
  sglang_trace_modules ............................ request
  sglang_triton_attention_num_kv_splits ........... 8
  sglang_triton_attention_reduce_in_fp32 .......... False
  sglang_triton_attention_split_tile_size ......... None
  sglang_true_on_policy_contract .................. None
  sglang_use_ray .................................. False
  sglang_uvicorn_access_log_exclude_prefixes ...... []
  sglang_warmups .................................. None
  sglang_watchdog_timeout ......................... 300
  sglang_weight_loader_disable_mmap ............... False
  sglang_weight_loader_drop_cache_after_load ...... False
  sglang_weight_loader_prefetch_checkpoints ....... False
  sglang_weight_loader_prefetch_num_threads ....... 4
  sglang_weight_version ........................... default
  sharp_enabled_group ............................. None
  short_seq_prob .................................. 0.1
  skip_eval_before_train .......................... False
  skip_train ...................................... False
  skipped_train_samples ........................... 0
  softmax_type .................................... vanilla
  spec ............................................ ['miles_plugins.models.qwen3_5', 'get_qwen3_5_spec']
  split ........................................... None
  squared_relu .................................... False
  start_rollout_id ................................ 0
  start_weight_decay .............................. 0.1
  straggler_ctrlr_port ............................ 65535
  straggler_minmax_count .......................... 1
  stream_optimizer_state_moment_dtype ............. fp32
  stream_optimizer_state_to_disk .................. False
  strict_fsdp_dtensor_load ........................ True
  suggested_communication_unit_size ............... None
  swiglu .......................................... True
  swin_backbone_type .............................. tiny
  symmetric_ar_type ............................... None
  target_modules .................................. None
  tb_experiment_name .............................. None
  tb_project_name ................................. None
  te_precision_config_file ........................ None
  te_rng_tracker .................................. False
  tensor_model_parallel_size ...................... 2
  tensorboard_dir ................................. None
  tensorboard_log_interval ........................ 1
  tensorboard_queue_size .......................... 1000
  test_data_path .................................. None
  test_mode ....................................... False
  tiktoken_num_special_tokens ..................... 1000
  tiktoken_pattern ................................ None
  tiktoken_special_tokens ......................... None
  timing_log_level ................................ 0
  timing_log_option ............................... minmax
  tis_clip ........................................ 2.0
  tis_clip_low .................................... 0
  titles_data_path ................................ None
  tito_model ...................................... default
  tokenizer_hf_include_special_tokens ............. False
  tokenizer_hf_use_fast ........................... False
  tokenizer_metadata .............................. None
  tokenizer_model ................................. /root/models/Qwen3.5-9B
  tokenizer_sentencepiece_legacy .................. False
  tokenizer_special_tokens ........................ None
  tokenizer_type .................................. HuggingFaceTokenizer
  tool_key ........................................ tools
  torch_fsdp2_reshard_after_forward ............... True
  tp_comm_bootstrap_backend ....................... nccl
  tp_comm_bulk_dgrad .............................. True
  tp_comm_bulk_wgrad .............................. True
  tp_comm_overlap ................................. False
  tp_comm_overlap_ag .............................. True
  tp_comm_overlap_cfg ............................. None
  tp_comm_overlap_rs .............................. True
  tp_comm_overlap_rs_dgrad ........................ False
  tp_comm_split_ag ................................ True
  tp_comm_split_rs ................................ True
  train_backend ................................... megatron
  train_data_path ................................. None
  train_env_vars .................................. {}
  train_iters ..................................... None
  train_memory_margin_bytes ....................... 1073741824
  train_samples ................................... None
  train_sync_interval ............................. None
  trainer_heartbeat_checker_failure_threshold ..... 3
  trainer_heartbeat_checker_first_wait ............ 300.0
  trainer_heartbeat_checker_interval .............. 10.0
  trainer_heartbeat_checker_timeout ............... 10.0
  transformer_impl ................................ transformer_engine
  transformer_pipeline_model_parallel_size ........ 1
  true_on_policy_contract ......................... None
  true_on_policy_mode ............................. False
  true_on_policy_vocab_size ....................... None
  trust_remote_code ............................... False
  untie_embeddings_and_output_weights ............. True
  update_weight_buffer_size ....................... 536870912
  update_weight_delta_checksum .................... xxh3-128
  update_weight_delta_encoding .................... xor
  update_weight_disk_dir .......................... None
  update_weight_local_checkpoint_dir .............. None
  update_weight_transfer_mode ..................... broadcast
  update_weights_interval ......................... 1
  use_checkpoint_args ............................. False
  use_checkpoint_opt_param_scheduler .............. False
  use_cpu_initialization .......................... None
  use_critic ...................................... False
  use_dist_ckpt ................................... True
  use_dist_ckpt_deprecated ........................ False
  use_distributed_optimizer ....................... True
  use_distributed_post ............................ False
  use_dynamic_batch_size .......................... True
  use_dynamic_global_batch_size ................... False
  use_fault_tolerance ............................. False
  use_flash_attn .................................. False
  use_fused_weighted_squared_relu ................. False
  use_indexer_replay .............................. False
  use_kitchen_attention ........................... False
  use_kl_loss ..................................... True
  use_legacy_models ............................... False
  use_legacy_static_engine ........................ False
  use_mamba_mem_eff_path .......................... True
  use_megatron_fsdp ............................... False
  use_miles_dashboard ............................. False
  use_miles_router ................................ False
  use_mlflow ...................................... False
  use_mp_args_from_checkpoint_args ................ False
  use_one_sent_docs ............................... False
  use_opd ......................................... False
  use_opsm ........................................ False
  use_persistent_ckpt_worker ...................... False
  use_precision_aware_optimizer ................... False
  use_prometheus .................................. False
  use_pytorch_profiler ............................ False
  use_ring_exchange_p2p ........................... False
  use_rollout_entropy ............................. False
  use_rollout_indexer_replay ...................... False
  use_rollout_logprobs ............................ False
  use_rollout_routing_replay ...................... False
  use_rope_scaling ................................ False
  use_rotary_position_embeddings .................. False
  use_routing_replay .............................. False
  use_session_server .............................. False
  use_sharp ....................................... False
  use_te_activation_func .......................... False
  use_tensorboard ................................. False
  use_tis ......................................... False
  use_tokenizer_model_from_checkpoint_args ........ True
  use_torch_fsdp2 ................................. False
  use_torch_optimizer_for_cpu_offload ............. False
  use_tp_pp_dp_mapping ............................ False
  use_unbiased_kl ................................. False
  use_wandb ....................................... False
  v_head_dim ...................................... 128
  valid_data_path ................................. None
  value_clip ...................................... 0.2
  variable_seq_lengths ............................ False
  virtual_pipeline_model_parallel_size ............ None
  vision_backbone_type ............................ vit
  vision_pretraining .............................. False
  vision_pretraining_type ......................... classify
  vocab_extra_ids ................................. 0
  vocab_file ...................................... None
  vocab_size ...................................... 248320
  wandb_always_use_train_step ..................... False
  wandb_dir ....................................... None
  wandb_entity .................................... None
  wandb_exp_name .................................. None
  wandb_group ..................................... None
  wandb_host ...................................... None
  wandb_key ....................................... None
  wandb_mode ...................................... None
  wandb_project ................................... None
  wandb_random_suffix ............................. True
  wandb_run_id .................................... None
  wandb_save_dir .................................. None
  wandb_team ...................................... None
  weight_decay .................................... 0.1
  weight_decay_incr_style ......................... constant
  wgrad_deferral_limit ............................ 0
  window_attn_skip_freq ........................... None
  window_size ..................................... None
  witness_buffer_size ............................. 1048576
  worker_urls ..................................... []
  world_size ...................................... 4
  yaml_cfg ........................................ None
-------------------- end of arguments ---------------------
[2026-08-06 12:06:44.932 main] arguments.py:2620 - --moe-token-dispatcher-type allgather does not support variable sequence length, please use alltoall dispatcher instead.
[2026-08-06 12:06:44.932 main] placement_group.py:113 - Creating placement group with 4 GPUs...
2026-08-06 12:06:44,932	INFO worker.py:1683 -- Using address 172.21.0.2:6379 set in the environment variable RAY_ADDRESS
2026-08-06 12:06:44,939	INFO worker.py:1833 -- Connecting to existing Ray cluster at address: 172.21.0.2:6379...
2026-08-06 12:06:44,968	INFO worker.py:2015 -- Connected to Ray cluster. View the dashboard at [1m[32mhttp://127.0.0.1:8265 [39m[22m
[2026-08-06 12:06:45.825 main] placement_group.py:84 -   bundle    0, actual_bundle_index:    0, node: 172.21.0.2, gpu: 0
[2026-08-06 12:06:45.825 main] placement_group.py:84 -   bundle    1, actual_bundle_index:    1, node: 172.21.0.2, gpu: 1
[2026-08-06 12:06:45.825 main] placement_group.py:84 -   bundle    2, actual_bundle_index:    2, node: 172.21.0.2, gpu: 2
[2026-08-06 12:06:45.825 main] placement_group.py:84 -   bundle    3, actual_bundle_index:    3, node: 172.21.0.2, gpu: 3
[36m(pid=18345)[0m Unable to import `torchao` Tensor objects. This may affect loading checkpoints serialized with `torchao`
[36m(pid=18345)[0m /usr/local/lib/python3.12/dist-packages/modelopt/torch/__init__.py:51: UserWarning: transformers 5.12.1 is not tested with current version of modelopt and may cause issues. Please install recommended version with `pip install -U nvidia-modelopt[hf]` if working with HF models.
[36m(pid=18345)[0m   _warnings.warn(
[36m(pid=18345)[0m [ERROR] `cache_position` is part of Qwen3ASRThinkerTextModel.forward's signature, but not documented. Make sure to add it to the docstring of the function in /usr/local/lib/python3.12/dist-packages/megatron/bridge/models/qwen3_asr/hf_qwen3_asr/modeling_qwen3_asr.py.
[36m(pid=18345)[0m [ERROR] `cache_position` is part of Qwen3ASRThinkerForConditionalGeneration.forward's signature, but not documented. Make sure to add it to the docstring of the function in /usr/local/lib/python3.12/dist-packages/megatron/bridge/models/qwen3_asr/hf_qwen3_asr/modeling_qwen3_asr.py.
[36m(pid=18345)[0m <frozen importlib._bootstrap_external>:1297: FutureWarning: The cuda.cudart module is deprecated and will be removed in a future release, please switch to use the cuda.bindings.runtime module instead.
[36m(pid=18345)[0m <frozen importlib._bootstrap_external>:1297: FutureWarning: The cuda.nvrtc module is deprecated and will be removed in a future release, please switch to use the cuda.bindings.nvrtc module instead.
[36m(RolloutManager pid=18345)[0m [2026-08-06 12:07:01.093 rollout_manager] rollout_manager.py:89 - import slime_port.rmct_rollout.generate_rollout as generate_rollout function.
[36m(RolloutManager pid=18345)[0m [2026-08-06 12:07:01.093 rollout_manager] rollout_manager.py:90 - import slime_port.rmct_rollout.generate_rollout as eval_generate_rollout function.
[36m(RolloutManager pid=18345)[0m [2026-08-06 12:07:01.110 rollout_manager] router_manager.py:58 - Launch router with args: RouterArgs(worker_urls=[], host='172.21.0.2', port=3807, mini_lb=False, test_external_dp_routing=False, pd_disaggregation=False, prefill_urls=[], decode_urls=[], policy='cache_aware', prefill_policy=None, decode_policy=None, worker_startup_timeout_secs=1800, worker_startup_check_interval=30, cache_threshold=0.3, balance_abs_threshold=64, balance_rel_threshold=1.5, eviction_interval_secs=60, max_tree_size=67108864, max_idle_secs=14400, assignment_mode='random', max_payload_size=536870912, bucket_adjust_interval_secs=5, dp_aware=False, enable_igw=False, api_key=None, log_dir=None, log_level='warn', json_log=False, service_discovery=False, selector={}, service_discovery_port=80, service_discovery_namespace=None, prefill_selector={}, decode_selector={}, bootstrap_port_annotation='sglang.ai/bootstrap-port', prometheus_port=4715, prometheus_host='0.0.0.0', prometheus_duration_buckets=None, request_id_headers=None, request_timeout_secs=14400, shutdown_grace_period_secs=180, max_concurrent_requests=-1, queue_size=100, queue_timeout_secs=60, rate_limit_tokens_per_second=None, cors_allowed_origins=[], retry_max_retries=5, retry_initial_backoff_ms=50, retry_max_backoff_ms=30000, retry_backoff_multiplier=1.5, retry_jitter_factor=0.2, disable_retries=False, health_failure_threshold=3, health_success_threshold=2, health_check_timeout_secs=5, health_check_interval_secs=60, health_check_endpoint='/health', disable_health_check=False, cb_failure_threshold=10, cb_success_threshold=3, cb_timeout_duration_secs=60, cb_window_duration_secs=120, disable_circuit_breaker=False, model_path=None, tokenizer_path=None, chat_template=None, tokenizer_cache_enable_l0=False, tokenizer_cache_l0_max_entries=10000, tokenizer_cache_enable_l1=False, tokenizer_cache_l1_max_memory=52428800, reasoning_parser=None, tool_call_parser=None, mcp_config_path=None, backend='sglang', history_backend='memory', oracle_wallet_path=None, oracle_tns_alias=None, oracle_connect_descriptor=None, oracle_username=None, oracle_password=None, oracle_pool_min=1, oracle_pool_max=16, oracle_pool_timeout_secs=30, postgres_db_url=None, postgres_pool_max=16, redis_url=None, redis_pool_max=16, redis_retention_days=30, client_cert_path=None, client_key_path=None, ca_cert_paths=[], server_cert_path=None, server_key_path=None, enable_trace=False, otlp_traces_endpoint='localhost:4317', control_plane_api_keys=[], control_plane_audit_enabled=False, jwt_issuer=None, jwt_audience=None, jwt_jwks_uri=None, jwt_role_mapping={})
[36m(RolloutManager pid=18345)[0m Unable to import `torchao` Tensor objects. This may affect loading checkpoints serialized with `torchao`
[36m(RolloutManager pid=18345)[0m /usr/local/lib/python3.12/dist-packages/modelopt/torch/__init__.py:51: UserWarning: transformers 5.12.1 is not tested with current version of modelopt and may cause issues. Please install recommended version with `pip install -U nvidia-modelopt[hf]` if working with HF models.
[36m(RolloutManager pid=18345)[0m   _warnings.warn(
[36m(RolloutManager pid=18345)[0m [ERROR] `cache_position` is part of Qwen3ASRThinkerTextModel.forward's signature, but not documented. Make sure to add it to the docstring of the function in /usr/local/lib/python3.12/dist-packages/megatron/bridge/models/qwen3_asr/hf_qwen3_asr/modeling_qwen3_asr.py.
[36m(RolloutManager pid=18345)[0m [ERROR] `cache_position` is part of Qwen3ASRThinkerForConditionalGeneration.forward's signature, but not documented. Make sure to add it to the docstring of the function in /usr/local/lib/python3.12/dist-packages/megatron/bridge/models/qwen3_asr/hf_qwen3_asr/modeling_qwen3_asr.py.
[36m(RolloutManager pid=18345)[0m [2026-08-06 12:07:14.118 rollout_manager] router_manager.py:76 - Router launched at 172.21.0.2:3807
[36m(RolloutManager pid=18345)[0m [2026-08-06 12:07:14.118 rollout_manager] rollout_server.py:56 - Engine group 'regular' gpu_offset=0 (abs=0): needs_offload=True
[36m(RolloutManager pid=18345)[0m [2026-08-06 12:07:14.205 rollout_manager] server_engine.py:56 - mark_allocated start old=
[36m(RolloutManager pid=18345)[0m [2026-08-06 12:07:14.205 rollout_manager] server_engine.py:59 - mark_allocated end new=actor_handle=Actor(SGLangEngine, 3e3acadeaaa32be8be5ce1b002000000)
[36m(RolloutManager pid=18345)[0m [2026-08-06 12:07:14.206 rollout_manager] server_engine.py:56 - mark_allocated start old=
[36m(RolloutManager pid=18345)[0m [2026-08-06 12:07:14.206 rollout_manager] server_engine.py:59 - mark_allocated end new=actor_handle=Actor(SGLangEngine, 4db85c9eb981e984bc70cc7c02000000)
[36m(RolloutManager pid=18345)[0m [2026-08-06 12:07:14.208 rollout_manager] server_engine.py:56 - mark_allocated start old=
[36m(RolloutManager pid=18345)[0m [2026-08-06 12:07:14.208 rollout_manager] server_engine.py:59 - mark_allocated end new=actor_handle=Actor(SGLangEngine, 827e6f1ecd55e5f1cc6452ce02000000)
[36m(RolloutManager pid=18345)[0m [2026-08-06 12:07:14.209 rollout_manager] server_engine.py:56 - mark_allocated start old=
[36m(RolloutManager pid=18345)[0m [2026-08-06 12:07:14.209 rollout_manager] server_engine.py:59 - mark_allocated end new=actor_handle=Actor(SGLangEngine, d5cf680a59f88fcc4223de6602000000)
[36m(RolloutManager pid=18345)[0m Using blocking ray.get inside async actor. This blocks the event loop. Please use `await` on object ref with asyncio.gather if you want to yield execution to the event loop instead.
[36m(pid=18628)[0m Unable to import `torchao` Tensor objects. This may affect loading checkpoints serialized with `torchao`
[36m(pid=18625)[0m Unable to import `torchao` Tensor objects. This may affect loading checkpoints serialized with `torchao`
[36m(pid=18628)[0m /usr/local/lib/python3.12/dist-packages/modelopt/torch/__init__.py:51: UserWarning: transformers 5.12.1 is not tested with current version of modelopt and may cause issues. Please install recommended version with `pip install -U nvidia-modelopt[hf]` if working with HF models.
[36m(pid=18628)[0m   _warnings.warn(
[36m(pid=18628)[0m [ERROR] `cache_position` is part of Qwen3ASRThinkerTextModel.forward's signature, but not documented. Make sure to add it to the docstring of the function in /usr/local/lib/python3.12/dist-packages/megatron/bridge/models/qwen3_asr/hf_qwen3_asr/modeling_qwen3_asr.py.
[36m(pid=18628)[0m [ERROR] `cache_position` is part of Qwen3ASRThinkerForConditionalGeneration.forward's signature, but not documented. Make sure to add it to the docstring of the function in /usr/local/lib/python3.12/dist-packages/megatron/bridge/models/qwen3_asr/hf_qwen3_asr/modeling_qwen3_asr.py.
[36m(RolloutManager pid=18345)[0m [2026-08-06 12:07:29.051 rollout_manager] addr_allocator.py:110 - Ports for engine 0: {'host': '172.21.0.2', 'port': 15000, 'nccl_port': 15001, 'engine_info_bootstrap_port': 15002, 'dist_init_addr': '172.21.0.2:15024'}
[36m(RolloutManager pid=18345)[0m [2026-08-06 12:07:29.052 rollout_manager] addr_allocator.py:110 - Ports for engine 1: {'host': '172.21.0.2', 'port': 15003, 'nccl_port': 15004, 'engine_info_bootstrap_port': 15005, 'dist_init_addr': '172.21.0.2:15055'}
[36m(RolloutManager pid=18345)[0m [2026-08-06 12:07:29.052 rollout_manager] addr_allocator.py:110 - Ports for engine 2: {'host': '172.21.0.2', 'port': 15006, 'nccl_port': 15007, 'engine_info_bootstrap_port': 15008, 'dist_init_addr': '172.21.0.2:15086'}
[36m(RolloutManager pid=18345)[0m [2026-08-06 12:07:29.052 rollout_manager] addr_allocator.py:110 - Ports for engine 3: {'host': '172.21.0.2', 'port': 15009, 'nccl_port': 15010, 'engine_info_bootstrap_port': 15011, 'dist_init_addr': '172.21.0.2:15117'}
[36m(SGLangEngine pid=18625)[0m Failed to load generation config for /root/models/Qwen3.5-9B: /root/models/Qwen3.5-9B does not appear to have a file named generation_config.json. Checkout 'https://huggingface.co//root/models/Qwen3.5-9B/tree/main' for available files.. Proceeding without generation config.
[36m(SGLangEngine pid=18625)[0m [2026-08-06 12:07:40] server_args=ServerArgs(model_path='/root/models/Qwen3.5-9B', tokenizer_path='/root/models/Qwen3.5-9B', tokenizer_mode='auto', tokenizer_backend='huggingface', tokenizer_worker_num=1, detokenizer_worker_num=1, skip_tokenizer_init=False, load_format='auto', model_loader_extra_config='{}', trust_remote_code=True, context_length=None, is_embedding=False, enable_multimodal=None, revision=None, model_impl='auto', model_config_parser='auto', json_model_override_args='{}', dtype='auto', quantization=None, quantization_param_path=None, kv_cache_dtype='auto', enable_fp32_lm_head=False, modelopt_quant=None, modelopt_checkpoint_restore_path=None, modelopt_checkpoint_save_path=None, modelopt_export_path=None, quantize_and_serve=False, rl_quant_profile=None, enable_tf32_matmul=False, mem_fraction_static=0.5, max_running_requests=None, max_queued_requests=None, max_total_tokens=None, chunked_prefill_size=8192, enable_dynamic_chunking=False, max_prefill_tokens=16384, prefill_max_requests=None, schedule_policy='fcfs', enable_priority_scheduling=False, disable_priority_preemption=False, default_priority_value=None, abort_on_priority_when_disabled=False, schedule_low_priority_values_first=False, priority_scheduling_preemption_threshold=10, retraction_policy='length', schedule_conservativeness=1.0, page_size=1, swa_full_tokens_ratio=0.8, disable_hybrid_swa_memory=False, radix_eviction_policy='lru', prefill_only_disable_kv_cache=False, disable_radix_cache=False, enable_page_major_kv_layout=False, enable_unified_memory=False, disable_chunked_prefix_cache=False, disable_overlap_schedule=False, num_continuous_decode_steps=1, scheduler_recv_interval=1, enable_mixed_chunk=False, nccl_port=15001, dist_timeout=None, dist_init_addr='172.21.0.2:15024', nnodes=1, node_rank=0, tp_size=1, dcp_size=1, pp_size=1, pp_max_micro_batch_size=None, pp_async_batch_depth=0, dp_size=1, load_balance_method='round_robin', attn_cp_size=1, moe_dp_size=1, enable_prefill_cp=False, cp_strategy=None, enable_dsa_cache_layer_split=False, enable_dsa_prefill_context_parallel=False, dsa_prefill_cp_mode='round-robin-split', enable_prefill_context_parallel=False, prefill_cp_mode='in-seq-split', enable_dp_attention=False, enable_dp_attention_local_control_broadcast=False, enable_dp_lm_head=False, enable_attn_tp_input_scattered=False, disable_attn_tp_gather=False, enable_p2p_check=False, device='cuda', base_gpu_id=0, gpu_id_step=1, random_seed=1234, watchdog_timeout=300, soft_watchdog_timeout=None, sleep_on_idle=False, use_ray=False, custom_sigquit_handler=None, numa_node=None, gc_threshold=None, host='172.21.0.2', port=15000, fastapi_root_path='', smg_grpc_mode=False, grpc_mode=False, grpc_port=None, sidecar=None, sidecar_args=None, skip_server_warmup=True, warmups=None, enable_http2=False, ssl_keyfile=None, ssl_certfile=None, ssl_ca_certs=None, ssl_keyfile_password=None, enable_ssl_refresh=False, api_key=None, admin_api_key=None, served_model_name='/root/models/Qwen3.5-9B', weight_version='default', chat_template=None, hf_chat_template_name=None, completion_template=None, file_storage_path='sglang_storage', enable_cache_report=False, reasoning_parser=None, default_chat_template_kwargs=None, strip_thinking_cache=False, enable_strict_thinking=False, tool_call_parser=None, tool_server=None, sampling_defaults='model', asr_max_buffer_seconds=60, asr_max_concurrent_sessions=32, preferred_sampling_params=None, allow_auto_truncate=False, stream_interval=1, batch_notify_size=16, stream_response_default_include_usage=False, incremental_streaming_output=False, enable_streaming_session=False, enable_session_radix_cache=False, log_level='info', log_level_http=None, log_requests=False, log_requests_level=2, log_requests_format='text', log_requests_target=None, uvicorn_access_log_exclude_prefixes=[], crash_dump_folder=None, show_time_cost=False, enable_metrics=True, smg_http_sidecar_port=None, enable_mfu_metrics=False, enable_metrics_for_all_schedulers=False, load_snapshot_publish_interval=15, tokenizer_metrics_custom_labels_header='x-custom-labels', tokenizer_metrics_allowed_custom_labels=None, extra_metric_labels=None, bucket_time_to_first_token=None, bucket_inter_token_latency=None, bucket_e2e_request_latency=None, prompt_tokens_buckets=None, generation_tokens_buckets=None, gc_warning_threshold_secs=0.0, decode_log_interval=40, enable_request_time_stats_logging=False, kv_events_config=None, enable_forward_pass_metrics=False, forward_pass_metrics_worker_id='', forward_pass_metrics_ipc_name=None, enable_trace=False, trace_modules='request', otlp_traces_endpoint='localhost:4317', export_metrics_to_file=False, export_metrics_to_file_dir=None, stat_loggers=None, constrained_json_whitespace_pattern=None, constrained_json_disable_any_whitespace=False, attention_backend='fa3', decode_attention_backend=None, prefill_attention_backend=None, sampling_backend='flashinfer', grammar_backend='xgrammar', radix_cache_backend=None, mm_attention_backend=None, fp8_gemm_runner_backend='auto', fp4_gemm_runner_backend='auto', bf16_gemm_backend='auto', dsa_prefill_backend=None, dsa_decode_backend=None, dsa_paged_mqa_logits_backend='auto', dsa_topk_backend='sgl-kernel', disable_flashinfer_autotune=False, mamba_backend='triton', cuda_graph_config=CudaGraphConfig(decode=PhaseConfig(backend='full', max_bs=256, bs=[1, 2, 4, 8, 12, 16, 24, 32, 40, 48, 56, 64, 72, 80, 88, 96, 104, 112, 120, 128, 136, 144, 152, 160, 168, 176, 184, 192, 200, 208, 216, 224, 232, 240, 248, 256], tc_compiler='eager', full_prefill_max_req=None), prefill=PhaseConfig(backend='disabled', max_bs=8192, bs=[4, 8, 12, 16, 20, 24, 28, 32, 48, 64, 80, 96, 112, 128, 144, 160, 176, 192, 208, 224, 240, 256, 288, 320, 352, 384, 416, 448, 480, 512, 576, 640, 704, 768, 832, 896, 960, 1024, 1280, 1536, 1792, 2048, 2304, 2560, 2816, 3072, 3328, 3584, 3840, 4096, 4608, 5120, 5632, 6144, 6656, 7168, 7680, 8192], tc_compiler='eager', full_prefill_max_req=None)), cuda_graph_backend_decode=None, cuda_graph_backend_prefill='disabled', cuda_graph_max_bs_decode=None, cuda_graph_max_bs_prefill=None, cuda_graph_bs_decode=None, cuda_graph_bs_prefill=None, cuda_graph_tc_compiler=None, disable_prefill_cuda_graph=False, disable_decode_cuda_graph=False, disable_cuda_graph=False, disable_draft_cuda_graph=False, disable_cuda_graph_padding=False, enable_profile_cuda_graph=False, enable_cudagraph_gc=False, debug_cuda_graph=False, enable_layerwise_nvtx_marker=False, enable_nccl_nvls=False, enable_symm_mem=False, triton_attention_reduce_in_fp32=False, triton_attention_num_kv_splits=8, triton_attention_split_tile_size=None, flashinfer_mla_disable_ragged=False, enable_fused_qk_norm_rope=False, enable_precise_embedding_interpolation=False, enable_fused_moe_sum_all_reduce=False, enable_deepseek_v4_fp4_indexer=False, disable_custom_all_reduce=False, enable_mscclpp=False, enable_torch_symm_mem=False, enable_scattered_sconv=False, pre_warm_nccl=False, enable_quant_communications=False, enable_flashinfer_allreduce_fusion=False, enforce_disable_flashinfer_allreduce_fusion=False, flashinfer_allreduce_fusion_backend=None, enable_aiter_allreduce_fusion=False, enable_torch_compile=False, enable_torch_compile_debug_mode=False, torch_compile_max_bs=32, torchao_config='', speculative_algorithm=None, speculative_draft_model_path=None, speculative_draft_model_revision=None, speculative_draft_load_format=None, speculative_num_steps=None, speculative_eagle_topk=None, speculative_num_draft_tokens=None, speculative_dflash_block_size=None, speculative_dspark_block_size=None, speculative_dspark_sps_table_path=None, speculative_dspark_confidence_sts_path=None, speculative_dspark_align_verify_tokens_to_graph_tier=False, speculative_accept_threshold_single=1.0, speculative_accept_threshold_acc=1.0, speculative_use_rejection_sampling=False, speculative_token_map=None, speculative_attention_mode='prefill', speculative_draft_attention_backend=None, speculative_draft_window_size=None, speculative_moe_runner_backend='auto', speculative_moe_a2a_backend=None, speculative_draft_model_quantization=None, speculative_skip_dp_mlp_sync=False, enable_multi_layer_eagle=False, speculative_adaptive=False, speculative_adaptive_config=None, decoupled_spec_bind_endpoint=None, decoupled_spec_connect_endpoints=None, decoupled_spec_rank=None, decoupled_spec_role='null', spec_trace_dir=None, speculative_ngram_min_bfs_breadth=1, speculative_ngram_max_bfs_breadth=10, speculative_ngram_match_type='BFS', speculative_ngram_max_trie_depth=18, speculative_ngram_capacity=10000000, speculative_ngram_external_corpus_path=None, speculative_ngram_external_sam_budget=0, speculative_ngram_external_corpus_max_tokens=10000000, ep_size=1, moe_a2a_backend='none', moe_runner_backend='auto', flashinfer_mxfp4_moe_precision='default', deepep_mode='auto', fuseep_mode=2, deepep_dispatcher_output_dtype='auto', ep_num_redundant_experts=0, ep_dispatch_algorithm=None, init_expert_location='trivial', enable_eplb=False, eplb_algorithm='auto', eplb_rebalance_num_iterations=1000, eplb_rebalance_layers_per_chunk=None, eplb_min_rebalancing_utilization_threshold=1.0, expert_distribution_recorder_mode=None, expert_distribution_recorder_buffer_size=1000, enable_expert_distribution_metrics=False, deepep_config=None, moe_dense_tp_size=None, elastic_ep_backend=None, enable_elastic_expert_backup=False, mooncake_ib_device=None, enable_waterfill=False, ep_join_mode=None, ep_join_rank_offset=0, elastic_ep_initial_size=None, max_ep_size=None, elastic_ep_scale_timeout=600, elastic_ep_rejoin=False, disable_flashinfer_cutlass_moe_fp4_allgather=False, disable_shared_experts_fusion=False, enforce_shared_experts_fusion=False, max_mamba_cache_size=None, mamba_ssm_dtype=None, enable_mamba_cache_stochastic_rounding=False, mamba_cache_philox_rounds=0, mamba_full_memory_ratio=0.9, mamba_radix_cache_strategy='extra_buffer', uses_mamba_radix_cache=True, mamba_track_interval=256, enable_int8_mamba_checkpoint=False, int8_mamba_ckpt_size=None, linear_attn_backend='triton', linear_attn_decode_backend=None, linear_attn_prefill_backend=None, enable_linear_replayssm=False, linear_replayssm_cache_len=16, enable_gdn_replayssm_spec=False, enable_hierarchical_cache=False, hicache_ratio=2.0, hicache_size=0, hicache_write_policy='write_through', hicache_io_backend='kernel', hicache_mem_layout='page_first', hicache_storage_backend=None, hicache_storage_prefetch_policy='timeout', hicache_storage_backend_extra_config=None, enable_hisparse=False, hisparse_config=None, enable_broadcast_mm_inputs_process=False, enable_prefix_mm_cache=False, mm_enable_dp_encoder=False, mm_process_config={}, limit_mm_data_per_request=None, enable_mm_global_cache=False, disable_fast_image_processor=False, mm_feature_transport='cpu', keep_mm_feature_on_device=False, enable_lora=None, enable_lora_overlap_loading=None, max_lora_rank=None, lora_target_modules=None, lora_paths=None, max_loaded_loras=None, max_loras_per_batch=8, lora_eviction_policy='lru', lora_backend='csgmv', max_lora_chunk_size=16, experts_shared_outer_loras=None, lora_use_virtual_experts=True, lora_strict_loading=False, lora_drain_wait_threshold=0.0, enable_two_batch_overlap=False, enable_single_batch_overlap=False, tbo_token_distribution_threshold=0.48, cpu_offload_gb=0, offload_group_size=-1, offload_num_in_group=1, offload_prefetch_step=1, offload_mode='cpu', enable_lmcache=False, lmcache_config_file=None, enable_flexkv=False, flexkv_config_file=None, kt_weight_path=None, kt_method='AMXINT4', kt_cpuinfer=None, kt_threadpool_count=2, kt_num_gpu_experts=None, kt_max_deferred_experts_per_token=None, dllm_algorithm=None, dllm_algorithm_config=None, dllm_fdfo=True, disaggregation_mode='null', disaggregation_transfer_backend='mooncake', disaggregation_bootstrap_port=8998, disaggregation_ib_device=None, disaggregation_decode_enable_radix_cache=False, disaggregation_decode_enable_offload_kvcache=False, num_reserved_decode_tokens=512, disaggregation_decode_extra_slots=None, disaggregation_decode_polling_interval=1, optimistic_prefill_attempts=0, encoder_only=False, language_only=False, encoder_transfer_backend='zmq_to_scheduler', encoder_urls=[], encoder_bootstrap_port=8997, encoder_register_urls=[], enable_adaptive_dispatch_to_encoder=False, enable_pdmux=False, pdmux_config_path=None, sm_group_num=8, custom_weight_loader=[], custom_pull_weights_pre_read_hook=None, weight_loader_disable_mmap=False, weight_loader_prefetch_checkpoints=False, weight_loader_prefetch_num_threads=4, weight_loader_drop_cache_after_load=False, remote_instance_weight_loader_seed_instance_ip=None, remote_instance_weight_loader_seed_instance_service_port=None, remote_instance_weight_loader_send_weights_group_ports=None, remote_instance_weight_loader_backend='nccl', remote_instance_weight_loader_start_seed_via_transfer_engine=False, engine_info_bootstrap_port=15002, modelexpress_config=None, download_dir=None, model_checksum=None, delete_ckpt_after_loading=False, decrypted_config_file=None, decrypted_draft_config_file=None, checkpoint_engine_wait_weights_before_ready=False, enable_prefill_delayer=False, prefill_delayer_max_delay_passes=30, prefill_delayer_token_usage_low_watermark=None, prefill_delayer_forward_passes_buckets=None, prefill_delayer_wait_seconds_buckets=None, prefill_delayer_queue_min_ratio=None, prefill_delayer_max_delay_ms=None, min_free_slots_delay=None, enable_deterministic_inference=False, enable_prefill_only_deterministic_inference=False, true_on_policy_contract=None, rl_on_policy_target=None, kv_canary='none', kv_canary_real_data='none', kv_canary_sweep_interval=0, enable_dynamic_batch_tokenizer=False, dynamic_batch_tokenizer_batch_size=32, dynamic_batch_tokenizer_batch_timeout=0.002, enable_tokenizer_batch_encode=False, disable_tokenizer_batch_decode=False, debug_tensor_dump_output_folder=None, debug_tensor_dump_layers=None, debug_tensor_dump_input_file=None, enable_memory_saver=True, enable_weights_cpu_backup=False, enable_draft_weights_cpu_backup=True, enable_custom_logit_processor=False, enable_return_hidden_states=False, enable_return_routed_experts=False, enable_return_indexer_topk=False, disable_outlines_disk_cache=False, enable_mis=False, forward_hooks=None, msprobe_dump_config=None)
[36m(SGLangEngine pid=18625)[0m [2026-08-06 12:07:40] User lacks permission to set NUMA affinity, skipping NUMA node configuration for GPU. If using docker, try adding --cap-add SYS_NICE to your docker run command.
[36m(pid=18626)[0m Unable to import `torchao` Tensor objects. This may affect loading checkpoints serialized with `torchao`[32m [repeated 2x across cluster] (Ray deduplicates logs by default. Set RAY_DEDUP_LOGS=0 to disable log deduplication, or see https://docs.ray.io/en/master/ray-observability/user-guides/configure-logging.html#log-deduplication for more options.)[0m
[36m(pid=18626)[0m /usr/local/lib/python3.12/dist-packages/modelopt/torch/__init__.py:51: UserWarning: transformers 5.12.1 is not tested with current version of modelopt and may cause issues. Please install recommended version with `pip install -U nvidia-modelopt[hf]` if working with HF models.[32m [repeated 3x across cluster][0m
[36m(pid=18626)[0m   _warnings.warn([32m [repeated 3x across cluster][0m
[36m(SGLangEngine pid=18625)[0m [2026-08-06 12:07:40] Failed to load generation config for /root/models/Qwen3.5-9B: /root/models/Qwen3.5-9B does not appear to have a file named generation_config.json. Checkout 'https://huggingface.co//root/models/Qwen3.5-9B/tree/main' for available files.. Proceeding without generation config.[32m [repeated 4x across cluster][0m
[36m(SGLangEngine pid=18625)[0m [2026-08-06 12:07:40] Detected Megatron Core, using Megatron-FSDP with Megatron.
[36m(SGLangEngine pid=18625)[0m [2026-08-06 12:07:40] Detected Megatron Core, using Megatron-FSDP with Megatron.
[36m(SGLangEngine pid=18625)[0m [transformers] The `use_fast` parameter is deprecated and will be removed in a future version. Use `backend="torchvision"` instead of `use_fast=True`, or `backend="pil"` instead of `use_fast=False`.
[36m(SGLangEngine pid=18625)[0m [2026-08-06 12:07:43] Using default HuggingFace chat template with detected content format: openai
[36m(SGLangEngine pid=18625)[0m [2026-08-06 12:07:44] Auto-detected template features: reasoning_config=ReasoningToggleConfig(toggle_param='enable_thinking', default_enabled=True, special_case=None, effort_kwarg=None), reasoning_parser=qwen3, tool_call_parser=qwen3_coder
[36m(SGLangEngine pid=18625)[0m <frozen importlib._bootstrap_external>:1297: FutureWarning: The cuda.cudart module is deprecated and will be removed in a future release, please switch to use the cuda.bindings.runtime module instead.
[36m(SGLangEngine pid=18625)[0m <frozen importlib._bootstrap_external>:1297: FutureWarning: The cuda.nvrtc module is deprecated and will be removed in a future release, please switch to use the cuda.bindings.nvrtc module instead.
[36m(SGLangEngine pid=18626)[0m [2026-08-06 12:07:40] server_args=ServerArgs(model_path='/root/models/Qwen3.5-9B', tokenizer_path='/root/models/Qwen3.5-9B', tokenizer_mode='auto', tokenizer_backend='huggingface', tokenizer_worker_num=1, detokenizer_worker_num=1, skip_tokenizer_init=False, load_format='auto', model_loader_extra_config='{}', trust_remote_code=True, context_length=None, is_embedding=False, enable_multimodal=None, revision=None, model_impl='auto', model_config_parser='auto', json_model_override_args='{}', dtype='auto', quantization=None, quantization_param_path=None, kv_cache_dtype='auto', enable_fp32_lm_head=False, modelopt_quant=None, modelopt_checkpoint_restore_path=None, modelopt_checkpoint_save_path=None, modelopt_export_path=None, quantize_and_serve=False, rl_quant_profile=None, enable_tf32_matmul=False, mem_fraction_static=0.5, max_running_requests=None, max_queued_requests=None, max_total_tokens=None, chunked_prefill_size=8192, enable_dynamic_chunking=False, max_prefill_tokens=16384, prefill_max_requests=None, schedule_policy='fcfs', enable_priority_scheduling=False, disable_priority_preemption=False, default_priority_value=None, abort_on_priority_when_disabled=False, schedule_low_priority_values_first=False, priority_scheduling_preemption_threshold=10, retraction_policy='length', schedule_conservativeness=1.0, page_size=1, swa_full_tokens_ratio=0.8, disable_hybrid_swa_memory=False, radix_eviction_policy='lru', prefill_only_disable_kv_cache=False, disable_radix_cache=False, enable_page_major_kv_layout=False, enable_unified_memory=False, disable_chunked_prefix_cache=False, disable_overlap_schedule=False, num_continuous_decode_steps=1, scheduler_recv_interval=1, enable_mixed_chunk=False, nccl_port=15004, dist_timeout=None, dist_init_addr='172.21.0.2:15055', nnodes=1, node_rank=0, tp_size=1, dcp_size=1, pp_size=1, pp_max_micro_batch_size=None, pp_async_batch_depth=0, dp_size=1, load_balance_method='round_robin', attn_cp_size=1, moe_dp_size=1, enable_prefill_cp=False, cp_strategy=None, enable_dsa_cache_layer_split=False, enable_dsa_prefill_context_parallel=False, dsa_prefill_cp_mode='round-robin-split', enable_prefill_context_parallel=False, prefill_cp_mode='in-seq-split', enable_dp_attention=False, enable_dp_attention_local_control_broadcast=False, enable_dp_lm_head=False, enable_attn_tp_input_scattered=False, disable_attn_tp_gather=False, enable_p2p_check=False, device='cuda', base_gpu_id=1, gpu_id_step=1, random_seed=1235, watchdog_timeout=300, soft_watchdog_timeout=None, sleep_on_idle=False, use_ray=False, custom_sigquit_handler=None, numa_node=None, gc_threshold=None, host='172.21.0.2', port=15003, fastapi_root_path='', smg_grpc_mode=False, grpc_mode=False, grpc_port=None, sidecar=None, sidecar_args=None, skip_server_warmup=True, warmups=None, enable_http2=False, ssl_keyfile=None, ssl_certfile=None, ssl_ca_certs=None, ssl_keyfile_password=None, enable_ssl_refresh=False, api_key=None, admin_api_key=None, served_model_name='/root/models/Qwen3.5-9B', weight_version='default', chat_template=None, hf_chat_template_name=None, completion_template=None, file_storage_path='sglang_storage', enable_cache_report=False, reasoning_parser=None, default_chat_template_kwargs=None, strip_thinking_cache=False, enable_strict_thinking=False, tool_call_parser=None, tool_server=None, sampling_defaults='model', asr_max_buffer_seconds=60, asr_max_concurrent_sessions=32, preferred_sampling_params=None, allow_auto_truncate=False, stream_interval=1, batch_notify_size=16, stream_response_default_include_usage=False, incremental_streaming_output=False, enable_streaming_session=False, enable_session_radix_cache=False, log_level='info', log_level_http=None, log_requests=False, log_requests_level=2, log_requests_format='text', log_requests_target=None, uvicorn_access_log_exclude_prefixes=[], crash_dump_folder=None, show_time_cost=False, enable_metrics=True, smg_http_sidecar_port=None, enable_mfu_metrics=False, enable_metrics_for_all_schedulers=False, load_snapshot_publish_interval=15, tokenizer_metrics_custom_labels_header='x-custom-labels', tokenizer_metrics_allowed_custom_labels=None, extra_metric_labels=None, bucket_time_to_first_token=None, bucket_inter_token_latency=None, bucket_e2e_request_latency=None, prompt_tokens_buckets=None, generation_tokens_buckets=None, gc_warning_threshold_secs=0.0, decode_log_interval=40, enable_request_time_stats_logging=False, kv_events_config=None, enable_forward_pass_metrics=False, forward_pass_metrics_worker_id='', forward_pass_metrics_ipc_name=None, enable_trace=False, trace_modules='request', otlp_traces_endpoint='localhost:4317', export_metrics_to_file=False, export_metrics_to_file_dir=None, stat_loggers=None, constrained_json_whitespace_pattern=None, constrained_json_disable_any_whitespace=False, attention_backend='fa3', decode_attention_backend=None, prefill_attention_backend=None, sampling_backend='flashinfer', grammar_backend='xgrammar', radix_cache_backend=None, mm_attention_backend=None, fp8_gemm_runner_backend='auto', fp4_gemm_runner_backend='auto', bf16_gemm_backend='auto', dsa_prefill_backend=None, dsa_decode_backend=None, dsa_paged_mqa_logits_backend='auto', dsa_topk_backend='sgl-kernel', disable_flashinfer_autotune=False, mamba_backend='triton', cuda_graph_config=CudaGraphConfig(decode=PhaseConfig(backend='full', max_bs=256, bs=[1, 2, 4, 8, 12, 16, 24, 32, 40, 48, 56, 64, 72, 80, 88, 96, 104, 112, 120, 128, 136, 144, 152, 160, 168, 176, 184, 192, 200, 208, 216, 224, 232, 240, 248, 256], tc_compiler='eager', full_prefill_max_req=None), prefill=PhaseConfig(backend='disabled', max_bs=8192, bs=[4, 8, 12, 16, 20, 24, 28, 32, 48, 64, 80, 96, 112, 128, 144, 160, 176, 192, 208, 224, 240, 256, 288, 320, 352, 384, 416, 448, 480, 512, 576, 640, 704, 768, 832, 896, 960, 1024, 1280, 1536, 1792, 2048, 2304, 2560, 2816, 3072, 3328, 3584, 3840, 4096, 4608, 5120, 5632, 6144, 6656, 7168, 7680, 8192], tc_compiler='eager', full_prefill_max_req=None)), cuda_graph_backend_decode=None, cuda_graph_backend_prefill='disabled', cuda_graph_max_bs_decode=None, cuda_graph_max_bs_prefill=None, cuda_graph_bs_decode=None, cuda_graph_bs_prefill=None, cuda_graph_tc_compiler=None, disable_prefill_cuda_graph=False, disable_decode_cuda_graph=False, disable_cuda_graph=False, disable_draft_cuda_graph=False, disable_cuda_graph_padding=False, enable_profile_cuda_graph=False, enable_cudagraph_gc=False, debug_cuda_graph=False, enable_layerwise_nvtx_marker=False, enable_nccl_nvls=False, enable_symm_mem=False, triton_attention_reduce_in_fp32=False, triton_attention_num_kv_splits=8, triton_attention_split_tile_size=None, flashinfer_mla_disable_ragged=False, enable_fused_qk_norm_rope=False, enable_precise_embedding_interpolation=False, enable_fused_moe_sum_all_reduce=False, enable_deepseek_v4_fp4_indexer=False, disable_custom_all_reduce=False, enable_mscclpp=False, enable_torch_symm_mem=False, enable_scattered_sconv=False, pre_warm_nccl=False, enable_quant_communications=False, enable_flashinfer_allreduce_fusion=False, enforce_disable_flashinfer_allreduce_fusion=False, flashinfer_allreduce_fusion_backend=None, enable_aiter_allreduce_fusion=False, enable_torch_compile=False, enable_torch_compile_debug_mode=False, torch_compile_max_bs=32, torchao_config='', speculative_algorithm=None, speculative_draft_model_path=None, speculative_draft_model_revision=None, speculative_draft_load_format=None, speculative_num_steps=None, speculative_eagle_topk=None, speculative_num_draft_tokens=None, speculative_dflash_block_size=None, speculative_dspark_block_size=None, speculative_dspark_sps_table_path=None, speculative_dspark_confidence_sts_path=None, speculative_dspark_align_verify_tokens_to_graph_tier=False, speculative_accept_threshold_single=1.0, speculative_accept_threshold_acc=1.0, speculative_use_rejection_sampling=False, speculative_token_map=None, speculative_attention_mode='prefill', speculative_draft_attention_backend=None, speculative_draft_window_size=None, speculative_moe_runner_backend='auto', speculative_moe_a2a_backend=None, speculative_draft_model_quantization=None, speculative_skip_dp_mlp_sync=False, enable_multi_layer_eagle=False, speculative_adaptive=False, speculative_adaptive_config=None, decoupled_spec_bind_endpoint=None, decoupled_spec_connect_endpoints=None, decoupled_spec_rank=None, decoupled_spec_role='null', spec_trace_dir=None, speculative_ngram_min_bfs_breadth=1, speculative_ngram_max_bfs_breadth=10, speculative_ngram_match_type='BFS', speculative_ngram_max_trie_depth=18, speculative_ngram_capacity=10000000, speculative_ngram_external_corpus_path=None, speculative_ngram_external_sam_budget=0, speculative_ngram_external_corpus_max_tokens=10000000, ep_size=1, moe_a2a_backend='none', moe_runner_backend='auto', flashinfer_mxfp4_moe_precision='default', deepep_mode='auto', fuseep_mode=2, deepep_dispatcher_output_dtype='auto', ep_num_redundant_experts=0, ep_dispatch_algorithm=None, init_expert_location='trivial', enable_eplb=False, eplb_algorithm='auto', eplb_rebalance_num_iterations=1000, eplb_rebalance_layers_per_chunk=None, eplb_min_rebalancing_utilization_threshold=1.0, expert_distribution_recorder_mode=None, expert_distribution_recorder_buffer_size=1000, enable_expert_distribution_metrics=False, deepep_config=None, moe_dense_tp_size=None, elastic_ep_backend=None, enable_elastic_expert_backup=False, mooncake_ib_device=None, enable_waterfill=False, ep_join_mode=None, ep_join_rank_offset=0, elastic_ep_initial_size=None, max_ep_size=None, elastic_ep_scale_timeout=600, elastic_ep_rejoin=False, disable_flashinfer_cutlass_moe_fp4_allgather=False, disable_shared_experts_fusion=False, enforce_shared_experts_fusion=False, max_mamba_cache_size=None, mamba_ssm_dtype=None, enable_mamba_cache_stochastic_rounding=False, mamba_cache_philox_rounds=0, mamba_full_memory_ratio=0.9, mamba_radix_cache_strategy='extra_buffer', uses_mamba_radix_cache=True, mamba_track_interval=256, enable_int8_mamba_checkpoint=False, int8_mamba_ckpt_size=None, linear_attn_backend='triton', linear_attn_decode_backend=None, linear_attn_prefill_backend=None, enable_linear_replayssm=False, linear_replayssm_cache_len=16, enable_gdn_replayssm_spec=False, enable_hierarchical_cache=False, hicache_ratio=2.0, hicache_size=0, hicache_write_policy='write_through', hicache_io_backend='kernel', hicache_mem_layout='page_first', hicache_storage_backend=None, hicache_storage_prefetch_policy='timeout', hicache_storage_backend_extra_config=None, enable_hisparse=False, hisparse_config=None, enable_broadcast_mm_inputs_process=False, enable_prefix_mm_cache=False, mm_enable_dp_encoder=False, mm_process_config={}, limit_mm_data_per_request=None, enable_mm_global_cache=False, disable_fast_image_processor=False, mm_feature_transport='cpu', keep_mm_feature_on_device=False, enable_lora=None, enable_lora_overlap_loading=None, max_lora_rank=None, lora_target_modules=None, lora_paths=None, max_loaded_loras=None, max_loras_per_batch=8, lora_eviction_policy='lru', lora_backend='csgmv', max_lora_chunk_size=16, experts_shared_outer_loras=None, lora_use_virtual_experts=True, lora_strict_loading=False, lora_drain_wait_threshold=0.0, enable_two_batch_overlap=False, enable_single_batch_overlap=False, tbo_token_distribution_threshold=0.48, cpu_offload_gb=0, offload_group_size=-1, offload_num_in_group=1, offload_prefetch_step=1, offload_mode='cpu', enable_lmcache=False, lmcache_config_file=None, enable_flexkv=False, flexkv_config_file=None, kt_weight_path=None, kt_method='AMXINT4', kt_cpuinfer=None, kt_threadpool_count=2, kt_num_gpu_experts=None, kt_max_deferred_experts_per_token=None, dllm_algorithm=None, dllm_algorithm_config=None, dllm_fdfo=True, disaggregation_mode='null', disaggregation_transfer_backend='mooncake', disaggregation_bootstrap_port=8998, disaggregation_ib_device=None, disaggregation_decode_enable_radix_cache=False, disaggregation_decode_enable_offload_kvcache=False, num_reserved_decode_tokens=512, disaggregation_decode_extra_slots=None, disaggregation_decode_polling_interval=1, optimistic_prefill_attempts=0, encoder_only=False, language_only=False, encoder_transfer_backend='zmq_to_scheduler', encoder_urls=[], encoder_bootstrap_port=8997, encoder_register_urls=[], enable_adaptive_dispatch_to_encoder=False, enable_pdmux=False, pdmux_config_path=None, sm_group_num=8, custom_weight_loader=[], custom_pull_weights_pre_read_hook=None, weight_loader_disable_mmap=False, weight_loader_prefetch_checkpoints=False, weight_loader_prefetch_num_threads=4, weight_loader_drop_cache_after_load=False, remote_instance_weight_loader_seed_instance_ip=None, remote_instance_weight_loader_seed_instance_service_port=None, remote_instance_weight_loader_send_weights_group_ports=None, remote_instance_weight_loader_backend='nccl', remote_instance_weight_loader_start_seed_via_transfer_engine=False, engine_info_bootstrap_port=15005, modelexpress_config=None, download_dir=None, model_checksum=None, delete_ckpt_after_loading=False, decrypted_config_file=None, decrypted_draft_config_file=None, checkpoint_engine_wait_weights_before_ready=False, enable_prefill_delayer=False, prefill_delayer_max_delay_passes=30, prefill_delayer_token_usage_low_watermark=None, prefill_delayer_forward_passes_buckets=None, prefill_delayer_wait_seconds_buckets=None, prefill_delayer_queue_min_ratio=None, prefill_delayer_max_delay_ms=None, min_free_slots_delay=None, enable_deterministic_inference=False, enable_prefill_only_deterministic_inference=False, true_on_policy_contract=None, rl_on_policy_target=None, kv_canary='none', kv_canary_real_data='none', kv_canary_sweep_interval=0, enable_dynamic_batch_tokenizer=False, dynamic_batch_tokenizer_batch_size=32, dynamic_batch_tokenizer_batch_timeout=0.002, enable_tokenizer_batch_encode=False, disable_tokenizer_batch_decode=False, debug_tensor_dump_output_folder=None, debug_tensor_dump_layers=None, debug_tensor_dump_input_file=None, enable_memory_saver=True, enable_weights_cpu_backup=False, enable_draft_weights_cpu_backup=True, enable_custom_logit_processor=False, enable_return_hidden_states=False, enable_return_routed_experts=False, enable_return_indexer_topk=False, disable_outlines_disk_cache=False, enable_mis=False, forward_hooks=None, msprobe_dump_config=None)[32m [repeated 3x across cluster][0m
[36m(SGLangEngine pid=18626)[0m [2026-08-06 12:07:40] User lacks permission to set NUMA affinity, skipping NUMA node configuration for GPU. If using docker, try adding --cap-add SYS_NICE to your docker run command.[32m [repeated 3x across cluster][0m
[36m(SGLangEngine pid=18626)[0m [2026-08-06 12:07:40] Failed to load generation config for /root/models/Qwen3.5-9B: /root/models/Qwen3.5-9B does not appear to have a file named generation_config.json. Checkout 'https://huggingface.co//root/models/Qwen3.5-9B/tree/main' for available files.. Proceeding without generation config.[32m [repeated 3x across cluster][0m
[36m(SGLangEngine pid=18626)[0m [2026-08-06 12:07:41] Detected Megatron Core, using Megatron-FSDP with Megatron.[32m [repeated 6x across cluster][0m
[36m(SGLangEngine pid=18626)[0m [transformers] The `use_fast` parameter is deprecated and will be removed in a future version. Use `backend="torchvision"` instead of `use_fast=True`, or `backend="pil"` instead of `use_fast=False`.[32m [repeated 3x across cluster][0m
[36m(SGLangEngine pid=18626)[0m [2026-08-06 12:07:44] Using default HuggingFace chat template with detected content format: openai[32m [repeated 3x across cluster][0m
[36m(SGLangEngine pid=18626)[0m [2026-08-06 12:07:44] Auto-detected template features: reasoning_config=ReasoningToggleConfig(toggle_param='enable_thinking', default_enabled=True, special_case=None, effort_kwarg=None), reasoning_parser=qwen3, tool_call_parser=qwen3_coder[32m [repeated 3x across cluster][0m
[36m(SGLangEngine pid=18625)[0m [2026-08-06 12:07:53] Init torch distributed begin.
[36m(SGLangEngine pid=18625)[0m [2026-08-06 12:07:53] Init torch distributed ends. elapsed=0.25 s, mem usage=0.09 GB
[36m(SGLangEngine pid=18625)[0m [2026-08-06 12:07:54] Load weight begin. avail mem=139.10 GB
[36m(SGLangEngine pid=18625)[0m [2026-08-06 12:07:54] Multimodal attention backend not set. Use fa3.
[36m(SGLangEngine pid=18625)[0m [2026-08-06 12:07:54] Using fa3 as multimodal attention backend.
[36m(SGLangEngine pid=18625)[0m [2026-08-06 12:07:54] using attn output gate!
[36m(SGLangEngine pid=18625)[0m 
Multi-thread loading shards:   0% Completed | 0/4 [00:00<?, ?it/s]
[36m(SGLangEngine pid=18628)[0m <frozen importlib._bootstrap_external>:1297: FutureWarning: The cuda.cudart module is deprecated and will be removed in a future release, please switch to use the cuda.bindings.runtime module instead.[32m [repeated 3x across cluster][0m
[36m(SGLangEngine pid=18628)[0m <frozen importlib._bootstrap_external>:1297: FutureWarning: The cuda.nvrtc module is deprecated and will be removed in a future release, please switch to use the cuda.bindings.nvrtc module instead.[32m [repeated 3x across cluster][0m
[36m(SGLangEngine pid=18628)[0m [2026-08-06 12:07:51] Failed to load generation config for /root/models/Qwen3.5-9B: /root/models/Qwen3.5-9B does not appear to have a file named generation_config.json. Checkout 'https://huggingface.co//root/models/Qwen3.5-9B/tree/main' for available files.. Proceeding without generation config.[32m [repeated 4x across cluster][0m
[36m(SGLangEngine pid=18628)[0m [2026-08-06 12:07:52] Detected Megatron Core, using Megatron-FSDP with Megatron.[32m [repeated 8x across cluster][0m
[36m(SGLangEngine pid=18628)[0m [transformers] The `use_fast` parameter is deprecated and will be removed in a future version. Use `backend="torchvision"` instead of `use_fast=True`, or `backend="pil"` instead of `use_fast=False`.[32m [repeated 4x across cluster][0m
[36m(SGLangEngine pid=18625)[0m 
Multi-thread loading shards:  25% Completed | 1/4 [00:00<00:01,  1.60it/s]
[36m(SGLangEngine pid=18625)[0m 
Multi-thread loading shards:  50% Completed | 2/4 [00:01<00:01,  1.42it/s]
[36m(SGLangEngine pid=18625)[0m 
Multi-thread loading shards: 100% Completed | 4/4 [00:02<00:00,  1.45it/s]
Multi-thread loading shards: 100% Completed | 4/4 [00:02<00:00,  1.43it/s]
[36m(SGLangEngine pid=18625)[0m [2026-08-06 12:07:56] Load weight end. elapsed=2.98 s, type=Qwen3_5ForConditionalGeneration, avail mem=121.49 GB, mem usage=17.62 GB.
[36m(SGLangEngine pid=18625)[0m [2026-08-06 12:07:57] Mamba Cache is allocated. max_mamba_cache_size: 511, conv_state size: 0.56GB, ssm_state size: 24.00GB 
[36m(SGLangEngine pid=18625)[0m [2026-08-06 12:07:57] KV Cache is allocated. dtype: torch.bfloat16, #tokens: 893487, K size: 13.63 GB, V size: 13.63 GB
[36m(SGLangEngine pid=18625)[0m [2026-08-06 12:07:57] Memory pool end. avail mem=69.42 GB
[36m(SGLangEngine pid=18625)[0m [2026-08-06 12:07:57] Linear attention kernel backend: decode=triton, prefill=triton
[36m(SGLangEngine pid=18625)[0m [2026-08-06 12:07:57] Using hybrid linear attention backend for hybrid GDN models.
[36m(SGLangEngine pid=18625)[0m [2026-08-06 12:07:57] GDN kernel dispatcher: decode=TritonGDNKernel, extend=TritonGDNKernel, verify=TritonGDNKernel packed_decode=True
[36m(SGLangEngine pid=18625)[0m [2026-08-06 12:07:57] Disable prefill CUDA graph because cuda_graph_config resolved prefill.backend='disabled' (e.g. via --cuda-graph-backend-prefill=disabled or auto-disable rules).
[36m(SGLangEngine pid=18625)[0m [2026-08-06 12:07:57] Capture target decode CUDA graph begin. backend=full, num_tokens_per_req=1, bs=[1, 2, 4, 8, 12, 16, 24, 32, 40, 48, 56, 64, 72, 80, 88, 96, 102], avail mem=69.28 GB
[36m(SGLangEngine pid=18625)[0m 
  0%|          | 0/17 [00:00<?, ?it/s]
Capturing batches (bs=102 avail_mem=69.09 GB):   0%|          | 0/17 [00:00<?, ?it/s]
[36m(SGLangEngine pid=18628)[0m [2026-08-06 12:07:54] Init torch distributed begin.[32m [repeated 3x across cluster][0m
[36m(SGLangEngine pid=18628)[0m [2026-08-06 12:07:55] Init torch distributed ends. elapsed=0.41 s, mem usage=0.09 GB[32m [repeated 3x across cluster][0m
[36m(SGLangEngine pid=18628)[0m [2026-08-06 12:07:55] Load weight begin. avail mem=139.10 GB[32m [repeated 3x across cluster][0m
[36m(SGLangEngine pid=18628)[0m [2026-08-06 12:07:55] Multimodal attention backend not set. Use fa3.[32m [repeated 3x across cluster][0m
[36m(SGLangEngine pid=18628)[0m [2026-08-06 12:07:55] Using fa3 as multimodal attention backend.[32m [repeated 3x across cluster][0m
[36m(SGLangEngine pid=18628)[0m [2026-08-06 12:07:55] using attn output gate![32m [repeated 3x across cluster][0m
[36m(SGLangEngine pid=18628)[0m 
Multi-thread loading shards:   0% Completed | 0/4 [00:00<?, ?it/s][32m [repeated 3x across cluster][0m
[36m(SGLangEngine pid=18625)[0m 
Capturing batches (bs=102 avail_mem=69.09 GB):   6%|▌         | 1/17 [00:01<00:21,  1.36s/it]
Capturing batches (bs=96 avail_mem=68.94 GB):   6%|▌         | 1/17 [00:01<00:21,  1.36s/it] 
[36m(SGLangEngine pid=18625)[0m 
Capturing batches (bs=88 avail_mem=68.93 GB):   6%|▌         | 1/17 [00:01<00:21,  1.36s/it]
[36m(SGLangEngine pid=18625)[0m 
Capturing batches (bs=88 avail_mem=68.93 GB):  18%|█▊        | 3/17 [00:01<00:05,  2.43it/s]
Capturing batches (bs=80 avail_mem=68.93 GB):  18%|█▊        | 3/17 [00:01<00:05,  2.43it/s]
[36m(SGLangEngine pid=18625)[0m 
Capturing batches (bs=72 avail_mem=68.92 GB):  18%|█▊        | 3/17 [00:01<00:05,  2.43it/s]
[36m(SGLangEngine pid=18628)[0m 
Multi-thread loading shards:  75% Completed | 3/4 [00:02<00:00,  1.11it/s][32m [repeated 10x across cluster][0m
[36m(SGLangEngine pid=18625)[0m 
Capturing batches (bs=72 avail_mem=68.92 GB):  29%|██▉       | 5/17 [00:01<00:02,  4.18it/s]
Capturing batches (bs=64 avail_mem=68.92 GB):  29%|██▉       | 5/17 [00:01<00:02,  4.18it/s]
Capturing batches (bs=56 avail_mem=68.91 GB):  29%|██▉       | 5/17 [00:01<00:02,  4.18it/s]
[36m(SGLangEngine pid=18625)[0m 
Capturing batches (bs=56 avail_mem=68.91 GB):  41%|████      | 7/17 [00:01<00:01,  5.80it/s]
Capturing batches (bs=48 avail_mem=68.91 GB):  41%|████      | 7/17 [00:01<00:01,  5.80it/s]
[36m(SGLangEngine pid=18625)[0m 
Capturing batches (bs=40 avail_mem=68.90 GB):  41%|████      | 7/17 [00:01<00:01,  5.80it/s]
Capturing batches (bs=40 avail_mem=68.90 GB):  53%|█████▎    | 9/17 [00:01<00:01,  7.34it/s]
Capturing batches (bs=32 avail_mem=68.90 GB):  53%|█████▎    | 9/17 [00:01<00:01,  7.34it/s]
[36m(SGLangEngine pid=18625)[0m 
Capturing batches (bs=24 avail_mem=68.89 GB):  53%|█████▎    | 9/17 [00:02<00:01,  7.34it/s]
[36m(SGLangEngine pid=18625)[0m 
Capturing batches (bs=24 avail_mem=68.89 GB):  65%|██████▍   | 11/17 [00:02<00:00,  8.55it/s]
Capturing batches (bs=16 avail_mem=68.89 GB):  65%|██████▍   | 11/17 [00:02<00:00,  8.55it/s]
[36m(SGLangEngine pid=18625)[0m 
Capturing batches (bs=12 avail_mem=68.88 GB):  65%|██████▍   | 11/17 [00:02<00:00,  8.55it/s]
[36m(SGLangEngine pid=18625)[0m 
Capturing batches (bs=12 avail_mem=68.88 GB):  76%|███████▋  | 13/17 [00:02<00:00,  9.18it/s]
Capturing batches (bs=8 avail_mem=68.88 GB):  76%|███████▋  | 13/17 [00:02<00:00,  9.18it/s] 
Capturing batches (bs=4 avail_mem=68.87 GB):  76%|███████▋  | 13/17 [00:02<00:00,  9.18it/s]
[36m(SGLangEngine pid=18625)[0m 
Capturing batches (bs=4 avail_mem=68.87 GB):  88%|████████▊ | 15/17 [00:02<00:00, 10.27it/s]
Capturing batches (bs=2 avail_mem=68.87 GB):  88%|████████▊ | 15/17 [00:02<00:00, 10.27it/s]
[36m(SGLangEngine pid=18625)[0m 
Capturing batches (bs=1 avail_mem=68.86 GB):  88%|████████▊ | 15/17 [00:02<00:00, 10.27it/s]
[36m(SGLangEngine pid=18625)[0m 
Capturing batches (bs=1 avail_mem=68.86 GB): 100%|██████████| 17/17 [00:02<00:00, 11.41it/s]
Capturing batches (bs=1 avail_mem=68.86 GB): 100%|██████████| 17/17 [00:02<00:00,  6.50it/s]
[36m(SGLangEngine pid=18625)[0m [2026-08-06 12:08:01] Capture target decode CUDA graph end. elapsed=3.41 s, mem usage=0.42 GB, avail mem=68.86 GB.
[36m(SGLangEngine pid=18625)[0m [2026-08-06 12:08:01] max_total_num_tokens=893487, chunked_prefill_size=8192, max_prefill_tokens=16384, max_running_requests=102, context_len=262144, available_gpu_mem=68.86 GB
[36m(SGLangEngine pid=18625)[0m [2026-08-06 12:08:01] Init Unified RadixTree with components (<ComponentType.FULL: 0>, <ComponentType.MAMBA: 2>)
[36m(SGLangEngine pid=18625)[0m [2026-08-06 12:08:01] Tree cache initialized: source=default impl=UnifiedRadixCache hybrid_swa=False hybrid_ssm=True hierarchical=False streaming_wrapped=False
[36m(SGLangEngine pid=18625)[0m [2026-08-06 12:08:01] INFO:     Started server process [19002]
[36m(SGLangEngine pid=18625)[0m [2026-08-06 12:08:01] INFO:     Waiting for application startup.
[36m(SGLangEngine pid=18627)[0m 
Multi-thread loading shards: 100% Completed | 4/4 [00:03<00:00,  1.08it/s]
Multi-thread loading shards: 100% Completed | 4/4 [00:03<00:00,  1.08it/s][32m [repeated 3x across cluster][0m
[36m(SGLangEngine pid=18627)[0m [2026-08-06 12:07:58] Load weight end. elapsed=4.24 s, type=Qwen3_5ForConditionalGeneration, avail mem=121.49 GB, mem usage=17.62 GB.[32m [repeated 3x across cluster][0m
[36m(SGLangEngine pid=18625)[0m [2026-08-06 12:08:02] The server is fired up and ready to roll!
[36m(SGLangEngine pid=18625)[0m [2026-08-06 12:08:02] INFO:     Application startup complete.
[36m(SGLangEngine pid=18625)[0m [2026-08-06 12:08:02] INFO:     Uvicorn running on http://172.21.0.2:15000 (Press CTRL+C to quit)
[36m(SGLangEngine pid=18627)[0m [2026-08-06 12:07:59] Mamba Cache is allocated. max_mamba_cache_size: 511, conv_state size: 0.56GB, ssm_state size: 24.00GB [32m [repeated 3x across cluster][0m
[36m(SGLangEngine pid=18628)[0m 
Capturing batches (bs=1 avail_mem=68.86 GB):  88%|████████▊ | 15/17 [00:02<00:00, 10.28it/s]
Capturing batches (bs=1 avail_mem=68.86 GB): 100%|██████████| 17/17 [00:02<00:00, 11.38it/s]
Capturing batches (bs=1 avail_mem=68.86 GB): 100%|██████████| 17/17 [00:02<00:00,  6.48it/s]
[36m(SGLangEngine pid=18627)[0m [2026-08-06 12:07:59] KV Cache is allocated. dtype: torch.bfloat16, #tokens: 893487, K size: 13.63 GB, V size: 13.63 GB[32m [repeated 3x across cluster][0m
[36m(SGLangEngine pid=18627)[0m [2026-08-06 12:07:59] Memory pool end. avail mem=69.42 GB[32m [repeated 3x across cluster][0m
[36m(SGLangEngine pid=18627)[0m [2026-08-06 12:07:59] Linear attention kernel backend: decode=triton, prefill=triton[32m [repeated 3x across cluster][0m
[36m(SGLangEngine pid=18627)[0m [2026-08-06 12:07:59] Using hybrid linear attention backend for hybrid GDN models.[32m [repeated 3x across cluster][0m
[36m(SGLangEngine pid=18627)[0m [2026-08-06 12:07:59] GDN kernel dispatcher: decode=TritonGDNKernel, extend=TritonGDNKernel, verify=TritonGDNKernel packed_decode=True[32m [repeated 3x across cluster][0m
[36m(SGLangEngine pid=18627)[0m [2026-08-06 12:07:59] Disable prefill CUDA graph because cuda_graph_config resolved prefill.backend='disabled' (e.g. via --cuda-graph-backend-prefill=disabled or auto-disable rules).[32m [repeated 3x across cluster][0m
[36m(SGLangEngine pid=18627)[0m [2026-08-06 12:07:59] Capture target decode CUDA graph begin. backend=full, num_tokens_per_req=1, bs=[1, 2, 4, 8, 12, 16, 24, 32, 40, 48, 56, 64, 72, 80, 88, 96, 102], avail mem=69.28 GB[32m [repeated 3x across cluster][0m
[36m(SGLangEngine pid=18625)[0m [2026-08-06 12:08:03] Prefill batch, #new-seq: 1, #new-token: 1, #cached-token: 0, full token usage: 0.00, mamba usage: 0.00, #running-req: 0, #queue-req: 0, #pending-token: 0, cuda graph: False, input throughput (token/s): 0.54
[36m(SGLangEngine pid=18627)[0m 
  0%|          | 0/17 [00:00<?, ?it/s]
Capturing batches (bs=102 avail_mem=69.09 GB):   0%|          | 0/17 [00:00<?, ?it/s][32m [repeated 3x across cluster][0m
[36m(SGLangEngine pid=18625)[0m [2026-08-06 12:08:03] INFO:     172.21.0.2:54528 - "GET /health_generate HTTP/1.1" 200 OK
[36m(SGLangEngine pid=18625)[0m [2026-08-06 12:08:03] INFO:     172.21.0.2:54528 - "GET /flush_cache HTTP/1.1" 200 OK
[36m(pid=18626)[0m [ERROR] `cache_position` is part of Qwen3ASRThinkerForConditionalGeneration.forward's signature, but not documented. Make sure to add it to the docstring of the function in /usr/local/lib/python3.12/dist-packages/megatron/bridge/models/qwen3_asr/hf_qwen3_asr/modeling_qwen3_asr.py.[32m [repeated 6x across cluster][0m
[36m(SGLangEngine pid=18625)[0m [2026-08-06 12:08:03] Reset HybridReqToTokenPool
[36m(SGLangEngine pid=18625)[0m [2026-08-06 12:08:03] Cache flushed successfully!
[36m(SGLangEngine pid=18625)[0m [2026-08-06 12:08:03] INFO:     172.21.0.2:54552 - "PRI %2A HTTP/2.0" 404 Not Found
[36m(SGLangEngine pid=18625)[0m [2026-08-06 12:08:03] WARNING:  Invalid HTTP request received.
[36m(SGLangEngine pid=18625)[0m [2026-08-06 12:08:03] INFO:     172.21.0.2:54538 - "GET /health HTTP/1.1" 200 OK
[36m(SGLangEngine pid=18625)[0m [2026-08-06 12:08:03] INFO:     172.21.0.2:54568 - "PRI %2A HTTP/2.0" 404 Not Found
[36m(SGLangEngine pid=18625)[0m [2026-08-06 12:08:03] WARNING:  Invalid HTTP request received.
[36m(SGLangEngine pid=18625)[0m [2026-08-06 12:08:03] INFO:     172.21.0.2:54574 - "GET /server_info HTTP/1.1" 200 OK
[36m(SGLangEngine pid=18625)[0m [2026-08-06 12:08:03] INFO:     172.21.0.2:54574 - "GET /model_info HTTP/1.1" 200 OK
[36m(SGLangEngine pid=18627)[0m 
Capturing batches (bs=4 avail_mem=68.87 GB):  88%|████████▊ | 15/17 [00:02<00:00, 10.32it/s]
Capturing batches (bs=2 avail_mem=68.87 GB):  88%|████████▊ | 15/17 [00:02<00:00, 10.32it/s][32m [repeated 14x across cluster][0m
[36m(SGLangEngine pid=18626)[0m 
Capturing batches (bs=4 avail_mem=68.87 GB):  76%|███████▋  | 13/17 [00:02<00:00,  9.15it/s][32m [repeated 12x across cluster][0m
[36m(SGLangEngine pid=18626)[0m 
Capturing batches (bs=4 avail_mem=68.87 GB):  88%|████████▊ | 15/17 [00:02<00:00, 10.19it/s]
Capturing batches (bs=2 avail_mem=68.87 GB):  88%|████████▊ | 15/17 [00:02<00:00, 10.19it/s]
Capturing batches (bs=1 avail_mem=68.86 GB):  88%|████████▊ | 15/17 [00:02<00:00, 10.19it/s][32m [repeated 10x across cluster][0m
[36m(SGLangEngine pid=18626)[0m 
Capturing batches (bs=1 avail_mem=68.86 GB): 100%|██████████| 17/17 [00:02<00:00, 11.25it/s]
Capturing batches (bs=1 avail_mem=68.86 GB): 100%|██████████| 17/17 [00:02<00:00,  6.47it/s]
[36m(RolloutManager pid=18345)[0m [2026-08-06 12:08:06.084 rollout_manager] server_engine.py:56 - mark_alive start old=actor_handle=Actor(SGLangEngine, 3e3acadeaaa32be8be5ce1b002000000)
[36m(RolloutManager pid=18345)[0m [2026-08-06 12:08:06.084 rollout_manager] server_engine.py:59 - mark_alive end new=actor_handle=Actor(SGLangEngine, 3e3acadeaaa32be8be5ce1b002000000)
[36m(RolloutManager pid=18345)[0m [2026-08-06 12:08:06.084 rollout_manager] server_engine.py:56 - mark_alive start old=actor_handle=Actor(SGLangEngine, 4db85c9eb981e984bc70cc7c02000000)
[36m(RolloutManager pid=18345)[0m [2026-08-06 12:08:06.084 rollout_manager] server_engine.py:59 - mark_alive end new=actor_handle=Actor(SGLangEngine, 4db85c9eb981e984bc70cc7c02000000)
[36m(RolloutManager pid=18345)[0m [2026-08-06 12:08:06.084 rollout_manager] server_engine.py:56 - mark_alive start old=actor_handle=Actor(SGLangEngine, 827e6f1ecd55e5f1cc6452ce02000000)
[36m(RolloutManager pid=18345)[0m [2026-08-06 12:08:06.085 rollout_manager] server_engine.py:59 - mark_alive end new=actor_handle=Actor(SGLangEngine, 827e6f1ecd55e5f1cc6452ce02000000)
[36m(RolloutManager pid=18345)[0m [2026-08-06 12:08:06.085 rollout_manager] server_engine.py:56 - mark_alive start old=actor_handle=Actor(SGLangEngine, d5cf680a59f88fcc4223de6602000000)
[36m(RolloutManager pid=18345)[0m [2026-08-06 12:08:06.085 rollout_manager] server_engine.py:59 - mark_alive end new=actor_handle=Actor(SGLangEngine, d5cf680a59f88fcc4223de6602000000)
[36m(SGLangEngine pid=18628)[0m [2026-08-06 12:08:03] Capture target decode CUDA graph end. elapsed=3.37 s, mem usage=0.42 GB, avail mem=68.86 GB.[32m [repeated 3x across cluster][0m
[36m(SGLangEngine pid=18628)[0m [2026-08-06 12:08:03] max_total_num_tokens=893487, chunked_prefill_size=8192, max_prefill_tokens=16384, max_running_requests=102, context_len=262144, available_gpu_mem=68.86 GB[32m [repeated 3x across cluster][0m
[36m(SGLangEngine pid=18628)[0m [2026-08-06 12:08:03] Init Unified RadixTree with components (<ComponentType.FULL: 0>, <ComponentType.MAMBA: 2>)[32m [repeated 3x across cluster][0m
[36m(SGLangEngine pid=18628)[0m [2026-08-06 12:08:03] Tree cache initialized: source=default impl=UnifiedRadixCache hybrid_swa=False hybrid_ssm=True hierarchical=False streaming_wrapped=False[32m [repeated 3x across cluster][0m
[36m(SGLangEngine pid=18626)[0m [2026-08-06 12:08:06] INFO:     172.21.0.2:42596 - "POST /release_memory_occupation HTTP/1.1" 200 OK
[36m(SGLangEngine pid=18626)[0m [2026-08-06 12:08:06] INFO:     172.21.0.2:42566 - "GET /health_generate HTTP/1.1" 200 OK[32m [repeated 3x across cluster][0m
[36m(SGLangEngine pid=18627)[0m [2026-08-06 12:08:06] INFO:     172.21.0.2:51486 - "GET /flush_cache HTTP/1.1" 200 OK[32m [repeated 7x across cluster][0m
[36m(SGLangEngine pid=18626)[0m [2026-08-06 12:08:06] INFO:     172.21.0.2:42580 - "PRI %2A HTTP/2.0" 404 Not Found[32m [repeated 6x across cluster][0m
[36m(SGLangEngine pid=18626)[0m [2026-08-06 12:08:13] INFO:     172.21.0.2:34566 - "GET /health HTTP/1.1" 200 OK[32m [repeated 4x across cluster][0m
[36m(SGLangEngine pid=18626)[0m [2026-08-06 12:08:06] INFO:     172.21.0.2:42588 - "GET /server_info HTTP/1.1" 200 OK[32m [repeated 3x across cluster][0m
[36m(SGLangEngine pid=18626)[0m [2026-08-06 12:08:06] INFO:     172.21.0.2:42588 - "GET /model_info HTTP/1.1" 200 OK[32m [repeated 3x across cluster][0m
[36m(SGLangEngine pid=18627)[0m [2026-08-06 12:08:06] INFO:     172.21.0.2:51500 - "POST /release_memory_occupation HTTP/1.1" 200 OK[32m [repeated 3x across cluster][0m
[36m(pid=19831)[0m Unable to import `torchao` Tensor objects. This may affect loading checkpoints serialized with `torchao`
[36m(SGLangEngine pid=18626)[0m [2026-08-06 12:08:03] INFO:     Started server process [19004][32m [repeated 3x across cluster][0m
[36m(SGLangEngine pid=18626)[0m [2026-08-06 12:08:03] INFO:     Waiting for application startup.[32m [repeated 3x across cluster][0m
[36m(SGLangEngine pid=18628)[0m [2026-08-06 12:08:04] The server is fired up and ready to roll![32m [repeated 3x across cluster][0m
[36m(SGLangEngine pid=18628)[0m [2026-08-06 12:08:04] INFO:     Application startup complete.[32m [repeated 3x across cluster][0m
[36m(SGLangEngine pid=18628)[0m [2026-08-06 12:08:04] INFO:     Uvicorn running on http://172.21.0.2:15009 (Press CTRL+C to quit)[32m [repeated 3x across cluster][0m
[36m(SGLangEngine pid=18627)[0m 
Capturing batches (bs=1 avail_mem=68.86 GB):  88%|████████▊ | 15/17 [00:02<00:00, 10.32it/s]
Capturing batches (bs=1 avail_mem=68.86 GB): 100%|██████████| 17/17 [00:02<00:00, 11.38it/s]
Capturing batches (bs=1 avail_mem=68.86 GB): 100%|██████████| 17/17 [00:02<00:00,  6.58it/s]
[36m(SGLangEngine pid=18626)[0m [2026-08-06 12:08:05] Prefill batch, #new-seq: 1, #new-token: 1, #cached-token: 0, full token usage: 0.00, mamba usage: 0.00, #running-req: 0, #queue-req: 0, #pending-token: 0, cuda graph: False, input throughput (token/s): 0.48[32m [repeated 3x across cluster][0m
[36m(SGLangEngine pid=18627)[0m [2026-08-06 12:08:06] Reset HybridReqToTokenPool[32m [repeated 11x across cluster][0m
[36m(SGLangEngine pid=18627)[0m [2026-08-06 12:08:06] Cache flushed successfully![32m [repeated 11x across cluster][0m
[36m(SGLangEngine pid=18626)[0m [2026-08-06 12:08:06] WARNING:  Invalid HTTP request received.[32m [repeated 6x across cluster][0m
[36m(pid=19831)[0m /usr/local/lib/python3.12/dist-packages/modelopt/torch/__init__.py:51: UserWarning: transformers 5.12.1 is not tested with current version of modelopt and may cause issues. Please install recommended version with `pip install -U nvidia-modelopt[hf]` if working with HF models.
[36m(pid=19831)[0m   _warnings.warn(
[36m(pid=19831)[0m [ERROR] `cache_position` is part of Qwen3ASRThinkerTextModel.forward's signature, but not documented. Make sure to add it to the docstring of the function in /usr/local/lib/python3.12/dist-packages/megatron/bridge/models/qwen3_asr/hf_qwen3_asr/modeling_qwen3_asr.py.
[36m(pid=19831)[0m [ERROR] `cache_position` is part of Qwen3ASRThinkerForConditionalGeneration.forward's signature, but not documented. Make sure to add it to the docstring of the function in /usr/local/lib/python3.12/dist-packages/megatron/bridge/models/qwen3_asr/hf_qwen3_asr/modeling_qwen3_asr.py.
[36m(SGLangEngine pid=18627)[0m [2026-08-06 12:08:13] INFO:     172.21.0.2:34620 - "GET /health HTTP/1.1" 200 OK[32m [repeated 3x across cluster][0m
[36m(pid=19835)[0m LANG_RL Log directory: None
[36m(pid=19835)[0m <frozen importlib._bootstrap_external>:1297: FutureWarning: The cuda.cudart module is deprecated and will be removed in a future release, please switch to use the cuda.bindings.runtime module instead.
[36m(pid=19835)[0m <frozen importlib._bootstrap_external>:1297: FutureWarning: The cuda.nvrtc module is deprecated and will be removed in a future release, please switch to use the cuda.bindings.nvrtc module instead.
[36m(MegatronTrainRayActor pid=19835)[0m [2026-08-06 12:08:20.683 actor_cell0_rank0] structured_log.py:23 - ft cls=MegatronTrainRayActor fn=init phase=start
[36m(MegatronTrainRayActor pid=19835)[0m [2026-08-06 12:08:20.683 actor_cell0_rank0] reloadable_process_group.py:21 - Applying monkey patch to torch.distributed
[36m(pid=20067)[0m Unable to import `torchao` Tensor objects. This may affect loading checkpoints serialized with `torchao`[32m [repeated 2x across cluster][0m
[36m(pid=19835)[0m /usr/local/lib/python3.12/dist-packages/modelopt/torch/__init__.py:51: UserWarning: transformers 5.12.1 is not tested with current version of modelopt and may cause issues. Please install recommended version with `pip install -U nvidia-modelopt[hf]` if working with HF models.
[36m(pid=19835)[0m   _warnings.warn(
[36m(pid=20067)[0m /usr/local/lib/python3.12/dist-packages/modelopt/torch/__init__.py:51: UserWarning: transformers 5.12.1 is not tested with current version of modelopt and may cause issues. Please install recommended version with `pip install -U nvidia-modelopt[hf]` if working with HF models.
[36m(pid=20067)[0m   _warnings.warn(
[36m(pid=20069)[0m [ERROR] `cache_position` is part of Qwen3ASRThinkerForConditionalGeneration.forward's signature, but not documented. Make sure to add it to the docstring of the function in /usr/local/lib/python3.12/dist-packages/megatron/bridge/models/qwen3_asr/hf_qwen3_asr/modeling_qwen3_asr.py.[32m [repeated 4x across cluster][0m
[36m(pid=20067)[0m LANG_RL Log directory: None
[36m(pid=20069)[0m <frozen importlib._bootstrap_external>:1297: FutureWarning: The cuda.cudart module is deprecated and will be removed in a future release, please switch to use the cuda.bindings.runtime module instead.
[36m(pid=20069)[0m <frozen importlib._bootstrap_external>:1297: FutureWarning: The cuda.nvrtc module is deprecated and will be removed in a future release, please switch to use the cuda.bindings.nvrtc module instead.
[36m(MegatronTrainRayActor pid=20069)[0m [2026-08-06 12:08:34.890 actor_cell0_rank2] structured_log.py:23 - ft cls=MegatronTrainRayActor fn=init phase=start
[36m(MegatronTrainRayActor pid=20069)[0m [2026-08-06 12:08:34.890 actor_cell0_rank2] reloadable_process_group.py:21 - Applying monkey patch to torch.distributed
[36m(MegatronTrainRayActor pid=19835)[0m > building HuggingFaceTokenizer tokenizer ...
[36m(MegatronTrainRayActor pid=19835)[0m [2026-08-06 12:08:35.365 actor_cell0_rank0] train_actor.py:132 - Set NUMA affinity for GPU 0
[36m(MegatronTrainRayActor pid=19835)[0m [2026-08-06 12:08:35.374 actor_cell0_rank0] initialize.py:95 - > setting random seeds to 1234 ...
[36m(MegatronTrainRayActor pid=19835)[0m [2026-08-06 12:08:35.388 actor_cell0_rank0] _rank_utils.py:43 - You're using the legacy tokenizer system, which is deprecated and will be removed in a future release. Please migrate to the new tokenizer system (`megatron.core.tokenizers.MegatronTokenizer`).
[36m(MegatronTrainRayActor pid=19835)[0m [2026-08-06 12:08:36.019 actor_cell0_rank0] miles_init.py:32 - RMCT: replaced compute_advantages_and_returns with slime_port.rmct_advantage.compute_advantages
[36m(pid=20070)[0m Unable to import `torchao` Tensor objects. This may affect loading checkpoints serialized with `torchao`[32m [repeated 2x across cluster][0m
[36m(MegatronTrainRayActor pid=19835)[0m [2026-08-06 12:08:39.368 actor_cell0_rank0] actor.py:164 - Set torch_memory_saver.memory_margin_bytes to 1073741824
[36m(pid=20070)[0m /usr/local/lib/python3.12/dist-packages/modelopt/torch/__init__.py:51: UserWarning: transformers 5.12.1 is not tested with current version of modelopt and may cause issues. Please install recommended version with `pip install -U nvidia-modelopt[hf]` if working with HF models.[32m [repeated 2x across cluster][0m
[36m(pid=20070)[0m   _warnings.warn([32m [repeated 2x across cluster][0m
[36m(MegatronTrainRayActor pid=19835)[0m  > number of parameters on (tensor, pipeline) model parallel rank (0, 0): 5285884416
[36m(pid=20070)[0m [ERROR] `cache_position` is part of Qwen3ASRThinkerForConditionalGeneration.forward's signature, but not documented. Make sure to add it to the docstring of the function in /usr/local/lib/python3.12/dist-packages/megatron/bridge/models/qwen3_asr/hf_qwen3_asr/modeling_qwen3_asr.py.[32m [repeated 4x across cluster][0m
[36m(pid=20070)[0m LANG_RL Log directory: None[32m [repeated 2x across cluster][0m
[36m(MegatronTrainRayActor pid=19835)[0m [2026-08-06 12:08:47.546 actor_cell0_rank0] fp32_param_utils.py:51 - Enforced marked parameter dtypes for 24 tensors.
[36m(pid=20070)[0m <frozen importlib._bootstrap_external>:1297: FutureWarning: The cuda.cudart module is deprecated and will be removed in a future release, please switch to use the cuda.bindings.runtime module instead.[32m [repeated 2x across cluster][0m
[36m(pid=20070)[0m <frozen importlib._bootstrap_external>:1297: FutureWarning: The cuda.nvrtc module is deprecated and will be removed in a future release, please switch to use the cuda.bindings.nvrtc module instead.[32m [repeated 2x across cluster][0m
[36m(MegatronTrainRayActor pid=20070)[0m [2026-08-06 12:08:35.041 actor_cell0_rank3] structured_log.py:23 - ft cls=MegatronTrainRayActor fn=init phase=start[32m [repeated 2x across cluster][0m
[36m(MegatronTrainRayActor pid=20070)[0m [2026-08-06 12:08:35.041 actor_cell0_rank3] reloadable_process_group.py:21 - Applying monkey patch to torch.distributed[32m [repeated 2x across cluster][0m
[36m(MegatronTrainRayActor pid=20070)[0m [2026-08-06 12:08:35.350 actor_cell0_rank3] train_actor.py:132 - Set NUMA affinity for GPU 3[32m [repeated 3x across cluster][0m
[36m(MegatronTrainRayActor pid=20070)[0m [2026-08-06 12:08:36.007 actor_cell0_rank3] miles_init.py:32 - RMCT: replaced compute_advantages_and_returns with slime_port.rmct_advantage.compute_advantages[32m [repeated 3x across cluster][0m
[36m(MegatronTrainRayActor pid=20070)[0m [2026-08-06 12:08:39.368 actor_cell0_rank3] actor.py:164 - Set torch_memory_saver.memory_margin_bytes to 1073741824[32m [repeated 3x across cluster][0m
[36m(MegatronTrainRayActor pid=19835)[0m (TP, PP) mismatch after resume ((2, 1) vs (1, 1) from checkpoint): RNG state will be ignored
[36m(MegatronTrainRayActor pid=19835)[0m sharded_state_dict metadata loaded from the checkpoint: {'distrib_optim_sharding_type': 'dp_reshardable', 'singleton_local_shards': False, 'chained_optim_avoid_prefix': True}
[36m(MegatronTrainRayActor pid=19835)[0m Job sharding has changed: Rerun state will be ignored
[36m(MegatronTrainRayActor pid=19835)[0m  loading release distributed checkpoint from /root/models/Qwen3.5-9B_torch_dist
[36m(MegatronTrainRayActor pid=19835)[0m [2026-08-06 12:08:49.102 actor_cell0_rank0] utils.py:972 - make_tp_sharded_tensor_for_checkpoint received extra kwargs: ['allow_shape_mismatch']
[36m(MegatronTrainRayActor pid=19835)[0m /root/Megatron-LM/megatron/core/dist_checkpointing/strategies/torch.py:805: FutureWarning: `load_state_dict` is deprecated and will be removed in future versions. Please use `load` instead.
[36m(MegatronTrainRayActor pid=19835)[0m   checkpoint.load_state_dict(
[36m(MegatronTrainRayActor pid=19835)[0m  checkpoint version 3.0
[36m(MegatronTrainRayActor pid=19835)[0m   successfully loaded checkpoint from /root/models/Qwen3.5-9B_torch_dist [ t 1/2, p 1/1 ] at iteration 0
[36m(MegatronTrainRayActor pid=20067)[0m  > number of parameters on (tensor, pipeline) model parallel rank (1, 0): 5285884416
[36m(MegatronTrainRayActor pid=19835)[0m /usr/local/lib/python3.12/dist-packages/torch/distributed/c10d_logger.py:83: UserWarning: barrier(): using the device under current context. You can specify `device_id` in `init_process_group` to mute this warning.
[36m(MegatronTrainRayActor pid=19835)[0m   return func(*args, **kwargs)
[36m(MegatronTrainRayActor pid=20070)[0m [2026-08-06 12:08:49.099 actor_cell0_rank3] utils.py:972 - make_tp_sharded_tensor_for_checkpoint received extra kwargs: ['allow_shape_mismatch'][32m [repeated 3x across cluster][0m
[36m(MegatronTrainRayActor pid=20070)[0m /root/Megatron-LM/megatron/core/dist_checkpointing/strategies/torch.py:805: FutureWarning: `load_state_dict` is deprecated and will be removed in future versions. Please use `load` instead.[32m [repeated 3x across cluster][0m
[36m(MegatronTrainRayActor pid=20070)[0m   checkpoint.load_state_dict([32m [repeated 3x across cluster][0m
[36m(MegatronTrainRayActor pid=19835)[0m [2026-08-06 12:09:05.177 actor_cell0_rank0] structured_log.py:23 - ft cls=MegatronTrainRayActor fn=load_other_checkpoint phase=start
[36m(MegatronTrainRayActor pid=19835)[0m (TP, PP) mismatch after resume ((2, 1) vs (1, 1) from checkpoint): RNG state will be ignored
[36m(MegatronTrainRayActor pid=19835)[0m sharded_state_dict metadata loaded from the checkpoint: {'distrib_optim_sharding_type': 'dp_reshardable', 'singleton_local_shards': False, 'chained_optim_avoid_prefix': True}
[36m(MegatronTrainRayActor pid=19835)[0m Job sharding has changed: Rerun state will be ignored
[36m(MegatronTrainRayActor pid=19835)[0m  loading release distributed checkpoint from /root/models/Qwen3.5-9B_torch_dist
[36m(SGLangEngine pid=18626)[0m [2026-08-06 12:09:13] INFO:     172.21.0.2:47894 - "GET /health HTTP/1.1" 200 OK
[36m(MegatronTrainRayActor pid=19835)[0m could not find arguments in the checkpoint ...
[36m(MegatronTrainRayActor pid=19835)[0m  checkpoint version 3.0
[36m(MegatronTrainRayActor pid=19835)[0m   successfully loaded checkpoint from /root/models/Qwen3.5-9B_torch_dist [ t 1/2, p 1/1 ] at iteration 0
[36m(MegatronTrainRayActor pid=19835)[0m [2026-08-06 12:09:21.243 actor_cell0_rank0] structured_log.py:27 - ft cls=MegatronTrainRayActor fn=load_other_checkpoint phase=end ok=true elapsed_s=16.1
[36m(MegatronTrainRayActor pid=20070)[0m [2026-08-06 12:09:05.270 actor_cell0_rank3] utils.py:972 - make_tp_sharded_tensor_for_checkpoint received extra kwargs: ['allow_shape_mismatch'][32m [repeated 4x across cluster][0m
[36m(MegatronTrainRayActor pid=20069)[0m [2026-08-06 12:09:05.267 actor_cell0_rank2] structured_log.py:23 - ft cls=MegatronTrainRayActor fn=load_other_checkpoint phase=start[32m [repeated 3x across cluster][0m
[36m(MegatronTrainRayActor pid=19835)[0m [2026-08-06 12:09:22.531 actor_cell0_rank0] structured_log.py:23 - ft cls=MegatronTrainRayActor fn=sleep phase=start
[36m(MegatronTrainRayActor pid=19835)[0m [2026-08-06 12:09:22.531 actor_cell0_rank0] timer.py:31 - Timer sleep start
[36m(MegatronTrainRayActor pid=19835)[0m [2026-08-06 12:09:22.917 actor_cell0_rank0] memory_utils.py:41 - [Rank 0] Memory-Usage before offload model: {'gpu': '0', 'total_GB': 139.81, 'free_GB': 95.89, 'used_GB': 43.92, 'allocated_GB': 39.38, 'reserved_GB': 39.51}
[36m(MegatronTrainRayActor pid=19835)[0m [2026-08-06 12:09:26.685 actor_cell0_rank0] memory_utils.py:41 - [Rank 0] Memory-Usage after offload model: {'gpu': '0', 'total_GB': 139.81, 'free_GB': 135.38, 'used_GB': 4.44, 'allocated_GB': 39.38, 'reserved_GB': 39.51}
[36m(MegatronTrainRayActor pid=19835)[0m [2026-08-06 12:09:26.685 actor_cell0_rank0] timer.py:42 - Timer sleep end (elapsed: 4.2s)
[36m(MegatronTrainRayActor pid=19835)[0m [2026-08-06 12:09:26.685 actor_cell0_rank0] structured_log.py:27 - ft cls=MegatronTrainRayActor fn=sleep phase=end ok=true elapsed_s=4.2
[36m(MegatronTrainRayActor pid=19835)[0m [2026-08-06 12:09:26.685 actor_cell0_rank0] timer.py:31 - Timer train_wait start
[36m(MegatronTrainRayActor pid=19835)[0m [2026-08-06 12:09:26.685 actor_cell0_rank0] structured_log.py:27 - ft cls=MegatronTrainRayActor fn=init phase=end ok=true elapsed_s=66.0
[36m(MegatronTrainRayActor pid=20070)[0m [2026-08-06 12:09:21.832 actor_cell0_rank3] structured_log.py:27 - ft cls=MegatronTrainRayActor fn=load_other_checkpoint phase=end ok=true elapsed_s=16.6[32m [repeated 3x across cluster][0m
[36m(RolloutManager pid=18345)[0m [2026-08-06 12:09:27.286 rollout_manager] data_source.py:148 - Checkpoint /root/models/Qwen3.5-9B_torch_dist/rollout/global_dataset_state_dict_-1.pt does not exist.
[36m(SGLangEngine pid=18626)[0m [2026-08-06 12:09:27] INFO:     172.21.0.2:43342 - "POST /resume_memory_occupation HTTP/1.1" 200 OK
[36m(SGLangEngine pid=18627)[0m [2026-08-06 12:09:13] INFO:     172.21.0.2:40794 - "GET /health HTTP/1.1" 200 OK[32m [repeated 3x across cluster][0m
[36m(SGLangEngine pid=18626)[0m [2026-08-06 12:09:27] INFO:     172.21.0.2:43348 - "POST /pause_generation HTTP/1.1" 200 OK
[36m(SGLangEngine pid=18626)[0m [2026-08-06 12:09:27] INFO:     172.21.0.2:43354 - "GET /flush_cache HTTP/1.1" 200 OK
[36m(SGLangEngine pid=18626)[0m [2026-08-06 12:09:27] INFO:     172.21.0.2:43362 - "POST /begin_weight_update HTTP/1.1" 200 OK
[36m(SGLangEngine pid=18626)[0m /usr/local/lib/python3.12/dist-packages/fastapi/routing.py:352: FastAPIDeprecationWarning: ORJSONResponse is deprecated, FastAPI now serializes data directly to JSON bytes via Pydantic when a return type or response model is set, which is faster and doesn't need a custom response class. Read more in the FastAPI docs: https://fastapi.tiangolo.com/advanced/custom-response/#orjson-or-response-model and https://fastapi.tiangolo.com/tutorial/response-model/
[36m(SGLangEngine pid=18626)[0m   return await dependant.call(**values)
[36m(SGLangEngine pid=18626)[0m [2026-08-06 12:09:27] Reset HybridReqToTokenPool
[36m(SGLangEngine pid=18626)[0m [2026-08-06 12:09:27] Cache flushed successfully!
[36m(MegatronTrainRayActor pid=19835)[0m [2026-08-06 12:09:27.410 actor_cell0_rank0] structured_log.py:23 - ft cls=MegatronTrainRayActor fn=update_weights phase=start
[36m(MegatronTrainRayActor pid=19835)[0m [2026-08-06 12:09:27.411 actor_cell0_rank0] timer.py:31 - Timer update_weights start
[36m(MegatronTrainRayActor pid=19835)[0m [2026-08-06 12:09:27.411 actor_cell0_rank0] reloadable_process_group.py:151 - Reloading 21 process groups in pid 19835
[36m(MegatronTrainRayActor pid=19835)[0m [2026-08-06 12:09:27.421 actor_cell0_rank0] memory_utils.py:41 - [Rank 0] Memory-Usage before update_weights: {'gpu': '0', 'total_GB': 139.81, 'free_GB': 117.76, 'used_GB': 22.05, 'allocated_GB': 39.38, 'reserved_GB': 39.51}
[36m(MegatronTrainRayActor pid=19835)[0m 
Update weights:   0%|          | 0/39 [00:00<?, ?it/s]
[36m(SGLangEngine pid=18626)[0m [2026-08-06 12:09:27] INFO:     172.21.0.2:43376 - "POST /update_weights_from_tensor HTTP/1.1" 200 OK
[36m(MegatronTrainRayActor pid=19835)[0m 
Update weights:   3%|▎         | 1/39 [00:00<00:14,  2.71it/s]
[36m(MegatronTrainRayActor pid=20069)[0m [2026-08-06 12:09:22.663 actor_cell0_rank2] structured_log.py:23 - ft cls=MegatronTrainRayActor fn=sleep phase=start[32m [repeated 3x across cluster][0m
[36m(MegatronTrainRayActor pid=19835)[0m 
Update weights:  21%|██        | 8/39 [00:00<00:01, 20.92it/s]
[36m(MegatronTrainRayActor pid=20069)[0m [2026-08-06 12:09:23.114 actor_cell0_rank2] memory_utils.py:41 - [Rank 2] Memory-Usage before offload model: {'gpu': '2', 'total_GB': 139.81, 'free_GB': 96.59, 'used_GB': 43.22, 'allocated_GB': 39.38, 'reserved_GB': 39.51}[32m [repeated 3x across cluster][0m
[36m(MegatronTrainRayActor pid=19835)[0m 
Update weights:  36%|███▌      | 14/39 [00:00<00:00, 31.73it/s]
[36m(MegatronTrainRayActor pid=19835)[0m 
Update weights:  51%|█████▏    | 20/39 [00:00<00:00, 39.36it/s]
[36m(MegatronTrainRayActor pid=19835)[0m 
Update weights:  67%|██████▋   | 26/39 [00:00<00:00, 43.45it/s]
[36m(MegatronTrainRayActor pid=19835)[0m 
Update weights:  82%|████████▏ | 32/39 [00:00<00:00, 46.76it/s]
[36m(MegatronTrainRayActor pid=19835)[0m 
Update weights:  97%|█████████▋| 38/39 [00:01<00:00, 48.06it/s]
[36m(SGLangEngine pid=18626)[0m [2026-08-06 12:09:28] INFO:     172.21.0.2:34556 - "POST /end_weight_update HTTP/1.1" 200 OK
[36m(SGLangEngine pid=18626)[0m [2026-08-06 12:09:28] INFO:     172.21.0.2:34558 - "POST /continue_generation HTTP/1.1" 200 OK
[36m(SGLangEngine pid=18626)[0m [2026-08-06 12:09:28] [continue_generation] torch.cuda.empty_cache() called: reserved 71866.0 MB -> 71866.0 MB (freed 0.0 MB)
[36m(MegatronTrainRayActor pid=19835)[0m 
Update weights: 100%|██████████| 39/39 [00:01<00:00, 36.81it/s]
[36m(MegatronTrainRayActor pid=19835)[0m [2026-08-06 12:09:28.544 actor_cell0_rank0] memory_utils.py:41 - [Rank 0] Memory-Usage after update_weights: {'gpu': '0', 'total_GB': 139.81, 'free_GB': 106.2, 'used_GB': 33.61, 'allocated_GB': 39.38, 'reserved_GB': 50.63}
[36m(MegatronTrainRayActor pid=19835)[0m [2026-08-06 12:09:29.124 actor_cell0_rank0] timer.py:42 - Timer update_weights end (elapsed: 1.7s)
[36m(MegatronTrainRayActor pid=19835)[0m [2026-08-06 12:09:29.124 actor_cell0_rank0] structured_log.py:27 - ft cls=MegatronTrainRayActor fn=update_weights phase=end ok=true elapsed_s=1.7
[36m(SGLangEngine pid=18626)[0m [2026-08-06 12:09:31] Prefill batch, #new-seq: 1, #new-token: 617, #cached-token: 0, full token usage: 0.01, mamba usage: 0.11, #running-req: 0, #queue-req: 66, #pending-token: 0, cuda graph: False, input throughput (token/s): 7.14
[36m(MegatronTrainRayActor pid=20069)[0m [2026-08-06 12:09:27.147 actor_cell0_rank2] memory_utils.py:41 - [Rank 2] Memory-Usage after offload model: {'gpu': '2', 'total_GB': 139.81, 'free_GB': 136.08, 'used_GB': 3.73, 'allocated_GB': 39.38, 'reserved_GB': 39.51}[32m [repeated 3x across cluster][0m
[36m(MegatronTrainRayActor pid=20069)[0m [2026-08-06 12:09:27.147 actor_cell0_rank2] structured_log.py:27 - ft cls=MegatronTrainRayActor fn=sleep phase=end ok=true elapsed_s=4.5[32m [repeated 3x across cluster][0m
[36m(MegatronTrainRayActor pid=20069)[0m [2026-08-06 12:09:27.148 actor_cell0_rank2] structured_log.py:27 - ft cls=MegatronTrainRayActor fn=init phase=end ok=true elapsed_s=52.3[32m [repeated 3x across cluster][0m
[36m(SGLangEngine pid=18627)[0m /usr/local/lib/python3.12/dist-packages/fastapi/routing.py:352: FastAPIDeprecationWarning: ORJSONResponse is deprecated, FastAPI now serializes data directly to JSON bytes via Pydantic when a return type or response model is set, which is faster and doesn't need a custom response class. Read more in the FastAPI docs: https://fastapi.tiangolo.com/advanced/custom-response/#orjson-or-response-model and https://fastapi.tiangolo.com/tutorial/response-model/[32m [repeated 3x across cluster][0m
[36m(SGLangEngine pid=18627)[0m   return await dependant.call(**values)[32m [repeated 3x across cluster][0m
[36m(SGLangEngine pid=18627)[0m [2026-08-06 12:09:27] Reset HybridReqToTokenPool[32m [repeated 3x across cluster][0m
[36m(SGLangEngine pid=18627)[0m [2026-08-06 12:09:27] Cache flushed successfully![32m [repeated 3x across cluster][0m
[36m(MegatronTrainRayActor pid=20070)[0m [2026-08-06 12:09:27.412 actor_cell0_rank3] structured_log.py:23 - ft cls=MegatronTrainRayActor fn=update_weights phase=start[32m [repeated 3x across cluster][0m
[36m(MegatronTrainRayActor pid=20070)[0m [2026-08-06 12:09:27.412 actor_cell0_rank3] reloadable_process_group.py:151 - Reloading 21 process groups in pid 20070[32m [repeated 3x across cluster][0m
[36m(MegatronTrainRayActor pid=20070)[0m [2026-08-06 12:09:27.420 actor_cell0_rank3] memory_utils.py:41 - [Rank 3] Memory-Usage before update_weights: {'gpu': '3', 'total_GB': 139.81, 'free_GB': 118.69, 'used_GB': 21.12, 'allocated_GB': 39.38, 'reserved_GB': 39.51}[32m [repeated 3x across cluster][0m
[36m(SGLangEngine pid=18628)[0m [2026-08-06 12:09:33] Decode batch, #running-req: 101, #full token: 8639, full token usage: 0.01, mamba num: 305, mamba usage: 0.60, cuda graph: True, gen throughput (token/s): 44.89, #queue-req: 12
[36m(SGLangEngine pid=18627)[0m [2026-08-06 12:09:33] INFO:     172.21.0.2:57156 - "POST /generate HTTP/1.1" 200 OK
[36m(SGLangEngine pid=18627)[0m [2026-08-06 12:09:29] INFO:     172.21.0.2:56808 - "POST /resume_memory_occupation HTTP/1.1" 200 OK[32m [repeated 7x across cluster][0m
[36m(SGLangEngine pid=18627)[0m [2026-08-06 12:09:27] INFO:     172.21.0.2:51990 - "POST /pause_generation HTTP/1.1" 200 OK[32m [repeated 3x across cluster][0m
[36m(SGLangEngine pid=18627)[0m [2026-08-06 12:09:27] INFO:     172.21.0.2:52002 - "GET /flush_cache HTTP/1.1" 200 OK[32m [repeated 3x across cluster][0m
[36m(SGLangEngine pid=18627)[0m [2026-08-06 12:09:27] INFO:     172.21.0.2:52018 - "POST /begin_weight_update HTTP/1.1" 200 OK[32m [repeated 3x across cluster][0m
[36m(SGLangEngine pid=18625)[0m [2026-08-06 12:09:28] INFO:     172.21.0.2:50640 - "POST /update_weights_from_tensor HTTP/1.1" 200 OK[32m [repeated 155x across cluster][0m
[36m(SGLangEngine pid=18627)[0m [2026-08-06 12:09:28] INFO:     172.21.0.2:56796 - "POST /end_weight_update HTTP/1.1" 200 OK[32m [repeated 3x across cluster][0m
[36m(SGLangEngine pid=18627)[0m [2026-08-06 12:09:28] INFO:     172.21.0.2:56802 - "POST /continue_generation HTTP/1.1" 200 OK[32m [repeated 3x across cluster][0m
[36m(SGLangEngine pid=18627)[0m [2026-08-06 12:09:28] [continue_generation] torch.cuda.empty_cache() called: reserved 71866.0 MB -> 71866.0 MB (freed 0.0 MB)[32m [repeated 3x across cluster][0m
[36m(MegatronTrainRayActor pid=20070)[0m [2026-08-06 12:09:28.543 actor_cell0_rank3] memory_utils.py:41 - [Rank 3] Memory-Usage after update_weights: {'gpu': '3', 'total_GB': 139.81, 'free_GB': 107.14, 'used_GB': 32.67, 'allocated_GB': 39.38, 'reserved_GB': 50.63}[32m [repeated 3x across cluster][0m
[36m(MegatronTrainRayActor pid=20070)[0m [2026-08-06 12:09:29.047 actor_cell0_rank3] structured_log.py:27 - ft cls=MegatronTrainRayActor fn=update_weights phase=end ok=true elapsed_s=1.6[32m [repeated 3x across cluster][0m
[36m(SGLangEngine pid=18627)[0m [2026-08-06 12:09:33] Prefill batch, #new-seq: 2, #new-token: 102, #cached-token: 768, full token usage: 0.02, mamba usage: 0.61, #running-req: 100, #queue-req: 73, #pending-token: 34849, cuda graph: False, input throughput (token/s): 132.86[32m [repeated 14x across cluster][0m
[36m(SGLangEngine pid=18626)[0m [2026-08-06 12:09:38] Decode batch, #running-req: 101, #full token: 58975, full token usage: 0.07, mamba num: 308, mamba usage: 0.60, cuda graph: True, gen throughput (token/s): 9744.09, #queue-req: 11[32m [repeated 50x across cluster][0m
[36m(SGLangEngine pid=18628)[0m [2026-08-06 12:09:41] INFO:     172.21.0.2:53040 - "POST /generate HTTP/1.1" 200 OK
[36m(SGLangEngine pid=18628)[0m [2026-08-06 12:09:41] Prefill batch, #new-seq: 2, #new-token: 48, #cached-token: 548, full token usage: 0.11, mamba usage: 0.60, #running-req: 100, #queue-req: 10, #pending-token: 2800, cuda graph: False, input throughput (token/s): 5.18
[36m(SGLangEngine pid=18628)[0m [2026-08-06 12:09:42] INFO:     172.21.0.2:52370 - "POST /generate HTTP/1.1" 200 OK
[36m(SGLangEngine pid=18628)[0m [2026-08-06 12:09:43] Prefill batch, #new-seq: 1, #new-token: 24, #cached-token: 274, full token usage: 0.12, mamba usage: 0.60, #running-req: 101, #queue-req: 9, #pending-token: 2502, cuda graph: False, input throughput (token/s): 18.30
[36m(SGLangEngine pid=18626)[0m [2026-08-06 12:09:43] Decode batch, #running-req: 101, #full token: 107455, full token usage: 0.12, mamba num: 308, mamba usage: 0.60, cuda graph: True, gen throughput (token/s): 9341.45, #queue-req: 11[32m [repeated 48x across cluster][0m
[36m(SGLangEngine pid=18626)[0m [2026-08-06 12:09:47] INFO:     172.21.0.2:35328 - "POST /generate HTTP/1.1" 200 OK[32m [repeated 26x across cluster][0m
[36m(SGLangEngine pid=18626)[0m [2026-08-06 12:09:48] Prefill batch, #new-seq: 1, #new-token: 61, #cached-token: 192, full token usage: 0.16, mamba usage: 0.61, #running-req: 101, #queue-req: 5, #pending-token: 932, cuda graph: False, input throughput (token/s): 294.30[32m [repeated 31x across cluster][0m
[36m(SGLangEngine pid=18626)[0m [2026-08-06 12:09:48] Decode batch, #running-req: 102, #full token: 141856, full token usage: 0.16, mamba num: 311, mamba usage: 0.61, cuda graph: True, gen throughput (token/s): 6824.86, #queue-req: 5[32m [repeated 45x across cluster][0m
[36m(SGLangEngine pid=18628)[0m [2026-08-06 12:09:53] INFO:     172.21.0.2:53118 - "POST /generate HTTP/1.1" 200 OK[32m [repeated 59x across cluster][0m
[36m(SGLangEngine pid=18627)[0m [2026-08-06 12:09:53] Prefill batch, #new-seq: 1, #new-token: 41, #cached-token: 576, full token usage: 0.18, mamba usage: 0.60, #running-req: 101, #queue-req: 54, #pending-token: 23854, cuda graph: False, input throughput (token/s): 182.69[32m [repeated 44x across cluster][0m
[36m(SGLangEngine pid=18625)[0m [2026-08-06 12:09:53] Decode batch, #running-req: 102, #full token: 197582, full token usage: 0.22, mamba num: 309, mamba usage: 0.60, cuda graph: True, gen throughput (token/s): 8838.25, #queue-req: 60[32m [repeated 41x across cluster][0m
[36m(SGLangEngine pid=18627)[0m [2026-08-06 12:09:58] INFO:     172.21.0.2:57326 - "POST /generate HTTP/1.1" 200 OK[32m [repeated 56x across cluster][0m
[36m(SGLangEngine pid=18625)[0m [2026-08-06 12:09:58] Prefill batch, #new-seq: 1, #new-token: 16, #cached-token: 606, full token usage: 0.26, mamba usage: 0.60, #running-req: 101, #queue-req: 62, #pending-token: 13366, cuda graph: False, input throughput (token/s): 3.75[32m [repeated 64x across cluster][0m
[36m(SGLangEngine pid=18625)[0m [2026-08-06 12:09:58] Decode batch, #running-req: 102, #full token: 236062, full token usage: 0.26, mamba num: 309, mamba usage: 0.60, cuda graph: True, gen throughput (token/s): 8186.91, #queue-req: 62[32m [repeated 40x across cluster][0m
[36m(SGLangEngine pid=18627)[0m [2026-08-06 12:10:03] INFO:     172.21.0.2:56868 - "POST /generate HTTP/1.1" 200 OK[32m [repeated 38x across cluster][0m
[36m(SGLangEngine pid=18627)[0m [2026-08-06 12:10:03] Prefill batch, #new-seq: 1, #new-token: 41, #cached-token: 576, full token usage: 0.20, mamba usage: 0.60, #running-req: 101, #queue-req: 27, #pending-token: 7195, cuda graph: False, input throughput (token/s): 36.10[32m [repeated 34x across cluster][0m
[36m(SGLangEngine pid=18627)[0m [2026-08-06 12:10:03] Decode batch, #running-req: 102, #full token: 185617, full token usage: 0.21, mamba num: 309, mamba usage: 0.60, cuda graph: True, gen throughput (token/s): 7736.38, #queue-req: 27[32m [repeated 39x across cluster][0m
[36m(SGLangEngine pid=18626)[0m [2026-08-06 12:10:08] INFO:     172.21.0.2:35580 - "POST /generate HTTP/1.1" 200 OK[32m [repeated 19x across cluster][0m
[36m(SGLangEngine pid=18626)[0m [2026-08-06 12:10:08] Prefill batch, #new-seq: 1, #new-token: 47, #cached-token: 640, full token usage: 0.24, mamba usage: 0.58, #running-req: 96, #queue-req: 0, #pending-token: 0, cuda graph: False, input throughput (token/s): 190.37[32m [repeated 18x across cluster][0m
[36m(SGLangEngine pid=18627)[0m [2026-08-06 12:10:08] Decode batch, #running-req: 102, #full token: 216840, full token usage: 0.24, mamba num: 309, mamba usage: 0.60, cuda graph: True, gen throughput (token/s): 7944.73, #queue-req: 23[32m [repeated 40x across cluster][0m
[36m(SGLangEngine pid=18628)[0m [2026-08-06 12:10:13] Prefill batch, #new-seq: 1, #new-token: 47, #cached-token: 640, full token usage: 0.17, mamba usage: 0.61, #running-req: 101, #queue-req: 30, #pending-token: 19923, cuda graph: False, input throughput (token/s): 26.05[32m [repeated 9x across cluster][0m
[36m(SGLangEngine pid=18626)[0m [2026-08-06 12:10:13] INFO:     172.21.0.2:32972 - "GET /health HTTP/1.1" 200 OK
[36m(SGLangEngine pid=18626)[0m [2026-08-06 12:10:13] INFO:     172.21.0.2:35504 - "POST /generate HTTP/1.1" 200 OK[32m [repeated 11x across cluster][0m
[36m(SGLangEngine pid=18628)[0m [2026-08-06 12:10:13] Decode batch, #running-req: 102, #full token: 154538, full token usage: 0.17, mamba num: 311, mamba usage: 0.61, cuda graph: True, gen throughput (token/s): 6898.38, #queue-req: 33[32m [repeated 39x across cluster][0m
[36m(SGLangEngine pid=18625)[0m [2026-08-06 12:10:18] Prefill batch, #new-seq: 1, #new-token: 213, #cached-token: 0, full token usage: 0.43, mamba usage: 0.61, #running-req: 101, #queue-req: 57, #pending-token: 12141, cuda graph: False, input throughput (token/s): 40.44[32m [repeated 13x across cluster][0m
[36m(SGLangEngine pid=18627)[0m [2026-08-06 12:10:13] INFO:     172.21.0.2:36286 - "GET /health HTTP/1.1" 200 OK[32m [repeated 3x across cluster][0m
[36m(SGLangEngine pid=18625)[0m [2026-08-06 12:10:18] INFO:     172.21.0.2:50992 - "POST /generate HTTP/1.1" 200 OK[32m [repeated 16x across cluster][0m
[36m(SGLangEngine pid=18627)[0m [2026-08-06 12:10:18] Decode batch, #running-req: 102, #full token: 268942, full token usage: 0.30, mamba num: 309, mamba usage: 0.60, cuda graph: True, gen throughput (token/s): 7100.96, #queue-req: 14[32m [repeated 39x across cluster][0m
[36m(SGLangEngine pid=18625)[0m [2026-08-06 12:10:23] Prefill batch, #new-seq: 1, #new-token: 21, #cached-token: 192, full token usage: 0.46, mamba usage: 0.61, #running-req: 101, #queue-req: 55, #pending-token: 11715, cuda graph: False, input throughput (token/s): 4.83[32m [repeated 14x across cluster][0m
[36m(SGLangEngine pid=18625)[0m [2026-08-06 12:10:23] Decode batch, #running-req: 102, #full token: 417375, full token usage: 0.47, mamba num: 310, mamba usage: 0.61, cuda graph: True, gen throughput (token/s): 7815.34, #queue-req: 55[32m [repeated 38x across cluster][0m
[36m(SGLangEngine pid=18625)[0m [2026-08-06 12:10:25] INFO:     172.21.0.2:51518 - "POST /generate HTTP/1.1" 200 OK[32m [repeated 17x across cluster][0m
[36m(SGLangEngine pid=18628)[0m [2026-08-06 12:10:25] Prefill batch, #new-seq: 1, #new-token: 47, #cached-token: 640, full token usage: 0.23, mamba usage: 0.61, #running-req: 101, #queue-req: 51, #pending-token: 34350, cuda graph: False, input throughput (token/s): 25.97[32m [repeated 5x across cluster][0m
[36m(SGLangEngine pid=18628)[0m [2026-08-06 12:10:28] Decode batch, #running-req: 102, #full token: 234944, full token usage: 0.26, mamba num: 311, mamba usage: 0.61, cuda graph: True, gen throughput (token/s): 7603.42, #queue-req: 52[32m [repeated 38x across cluster][0m
[36m(SGLangEngine pid=18627)[0m [2026-08-06 12:10:30] INFO:     172.21.0.2:58170 - "POST /generate HTTP/1.1" 200 OK[32m [repeated 6x across cluster][0m
[36m(SGLangEngine pid=18626)[0m [2026-08-06 12:10:33] Prefill batch, #new-seq: 1, #new-token: 191, #cached-token: 0, full token usage: 0.40, mamba usage: 0.56, #running-req: 92, #queue-req: 0, #pending-token: 0, cuda graph: False, input throughput (token/s): 609.30[32m [repeated 10x across cluster][0m
[36m(SGLangEngine pid=18628)[0m [2026-08-06 12:10:34] Decode batch, #running-req: 102, #full token: 263504, full token usage: 0.29, mamba num: 309, mamba usage: 0.60, cuda graph: True, gen throughput (token/s): 7291.07, #queue-req: 55[32m [repeated 36x across cluster][0m
[36m(SGLangEngine pid=18625)[0m [2026-08-06 12:10:35] INFO:     172.21.0.2:51192 - "POST /generate HTTP/1.1" 200 OK[32m [repeated 9x across cluster][0m
[36m(SGLangEngine pid=18626)[0m [2026-08-06 12:10:38] Prefill batch, #new-seq: 1, #new-token: 63, #cached-token: 128, full token usage: 0.42, mamba usage: 0.60, #running-req: 99, #queue-req: 0, #pending-token: 0, cuda graph: False, input throughput (token/s): 107.75[32m [repeated 16x across cluster][0m
[36m(SGLangEngine pid=18626)[0m [2026-08-06 12:10:39] Decode batch, #running-req: 100, #full token: 378234, full token usage: 0.42, mamba num: 307, mamba usage: 0.60, cuda graph: True, gen throughput (token/s): 6750.08, #queue-req: 0[32m [repeated 34x across cluster][0m
[36m(SGLangEngine pid=18625)[0m [2026-08-06 12:10:40] INFO:     172.21.0.2:51556 - "POST /generate HTTP/1.1" 200 OK[32m [repeated 13x across cluster][0m
[36m(SGLangEngine pid=18626)[0m [2026-08-06 12:10:43] Prefill batch, #new-seq: 1, #new-token: 63, #cached-token: 128, full token usage: 0.43, mamba usage: 0.61, #running-req: 101, #queue-req: 8, #pending-token: 1337, cuda graph: False, input throughput (token/s): 36.39[32m [repeated 14x across cluster][0m
[36m(SGLangEngine pid=18628)[0m [2026-08-06 12:10:44] Decode batch, #running-req: 102, #full token: 336944, full token usage: 0.38, mamba num: 309, mamba usage: 0.60, cuda graph: True, gen throughput (token/s): 7418.35, #queue-req: 55[32m [repeated 36x across cluster][0m
[36m(SGLangEngine pid=18626)[0m [2026-08-06 12:10:45] INFO:     172.21.0.2:34856 - "POST /generate HTTP/1.1" 200 OK[32m [repeated 15x across cluster][0m
[36m(SGLangEngine pid=18625)[0m [2026-08-06 12:10:49] Prefill batch, #new-seq: 1, #new-token: 21, #cached-token: 192, full token usage: 0.58, mamba usage: 0.60, #running-req: 101, #queue-req: 38, #pending-token: 8094, cuda graph: False, input throughput (token/s): 72.21[32m [repeated 14x across cluster][0m
[36m(SGLangEngine pid=18625)[0m [2026-08-06 12:10:49] Decode batch, #running-req: 102, #full token: 514997, full token usage: 0.58, mamba num: 309, mamba usage: 0.60, cuda graph: True, gen throughput (token/s): 6200.07, #queue-req: 38[32m [repeated 35x across cluster][0m
[36m(SGLangEngine pid=18625)[0m [2026-08-06 12:10:50] INFO:     172.21.0.2:51108 - "POST /generate HTTP/1.1" 200 OK[32m [repeated 22x across cluster][0m
[36m(SGLangEngine pid=18628)[0m [2026-08-06 12:10:53] Prefill batch, #new-seq: 1, #new-token: 47, #cached-token: 640, full token usage: 0.45, mamba usage: 0.60, #running-req: 101, #queue-req: 54, #pending-token: 37098, cuda graph: False, input throughput (token/s): 2.28[32m [repeated 24x across cluster][0m
[36m(SGLangEngine pid=18628)[0m [2026-08-06 12:10:54] Decode batch, #running-req: 102, #full token: 403983, full token usage: 0.45, mamba num: 309, mamba usage: 0.60, cuda graph: True, gen throughput (token/s): 6401.19, #queue-req: 54[32m [repeated 32x across cluster][0m
[36m(SGLangEngine pid=18625)[0m [2026-08-06 12:10:56] INFO:     172.21.0.2:50936 - "POST /generate HTTP/1.1" 200 OK[32m [repeated 24x across cluster][0m
[36m(SGLangEngine pid=18626)[0m [2026-08-06 12:10:59] Prefill batch, #new-seq: 1, #new-token: 63, #cached-token: 128, full token usage: 0.45, mamba usage: 0.61, #running-req: 101, #queue-req: 41, #pending-token: 7640, cuda graph: False, input throughput (token/s): 184.19[32m [repeated 14x across cluster][0m
[36m(SGLangEngine pid=18626)[0m [2026-08-06 12:10:59] Decode batch, #running-req: 101, #full token: 402313, full token usage: 0.45, mamba num: 313, mamba usage: 0.61, cuda graph: True, gen throughput (token/s): 6323.48, #queue-req: 40[32m [repeated 35x across cluster][0m
[36m(SGLangEngine pid=18625)[0m [2026-08-06 12:11:01] INFO:     172.21.0.2:50692 - "POST /generate HTTP/1.1" 200 OK[32m [repeated 13x across cluster][0m
[36m(SGLangEngine pid=18627)[0m [2026-08-06 12:11:04] Prefill batch, #new-seq: 1, #new-token: 63, #cached-token: 128, full token usage: 0.48, mamba usage: 0.54, #running-req: 90, #queue-req: 0, #pending-token: 0, cuda graph: False, input throughput (token/s): 136.01[32m [repeated 14x across cluster][0m
[36m(SGLangEngine pid=18627)[0m [2026-08-06 12:11:04] Decode batch, #running-req: 91, #full token: 436303, full token usage: 0.49, mamba num: 277, mamba usage: 0.54, cuda graph: True, gen throughput (token/s): 5434.14, #queue-req: 0[32m [repeated 33x across cluster][0m
[36m(SGLangEngine pid=18625)[0m [2026-08-06 12:11:06] INFO:     172.21.0.2:51266 - "POST /generate HTTP/1.1" 200 OK[32m [repeated 16x across cluster][0m
[36m(SGLangEngine pid=18625)[0m [2026-08-06 12:11:09] Prefill batch, #new-seq: 1, #new-token: 21, #cached-token: 192, full token usage: 0.45, mamba usage: 0.60, #running-req: 101, #queue-req: 2, #pending-token: 426, cuda graph: False, input throughput (token/s): 31.70[32m [repeated 21x across cluster][0m
[36m(SGLangEngine pid=18626)[0m [2026-08-06 12:11:09] Decode batch, #running-req: 102, #full token: 444764, full token usage: 0.50, mamba num: 312, mamba usage: 0.61, cuda graph: True, gen throughput (token/s): 6782.41, #queue-req: 57[32m [repeated 33x across cluster][0m
[36m(SGLangEngine pid=18625)[0m [2026-08-06 12:11:12] INFO:     172.21.0.2:50762 - "POST /generate HTTP/1.1" 200 OK[32m [repeated 24x across cluster][0m
[36m(SGLangEngine pid=18626)[0m [2026-08-06 12:11:13] INFO:     172.21.0.2:35860 - "GET /health HTTP/1.1" 200 OK
[36m(SGLangEngine pid=18627)[0m [2026-08-06 12:11:14] Prefill batch, #new-seq: 1, #new-token: 44, #cached-token: 448, full token usage: 0.44, mamba usage: 0.61, #running-req: 101, #queue-req: 0, #pending-token: 0, cuda graph: False, input throughput (token/s): 455.23[32m [repeated 25x across cluster][0m
[36m(SGLangEngine pid=18627)[0m [2026-08-06 12:11:14] Decode batch, #running-req: 102, #full token: 394901, full token usage: 0.44, mamba num: 310, mamba usage: 0.61, cuda graph: True, gen throughput (token/s): 5363.70, #queue-req: 0[32m [repeated 33x across cluster][0m
[36m(SGLangEngine pid=18626)[0m [2026-08-06 12:11:17] INFO:     172.21.0.2:34850 - "POST /generate HTTP/1.1" 200 OK[32m [repeated 27x across cluster][0m
[36m(SGLangEngine pid=18627)[0m [2026-08-06 12:11:13] INFO:     172.21.0.2:55582 - "GET /health HTTP/1.1" 200 OK[32m [repeated 3x across cluster][0m
[36m(SGLangEngine pid=18627)[0m [2026-08-06 12:11:18] Prefill batch, #new-seq: 1, #new-token: 44, #cached-token: 448, full token usage: 0.41, mamba usage: 0.61, #running-req: 101, #queue-req: 10, #pending-token: 4428, cuda graph: False, input throughput (token/s): 325.62[32m [repeated 17x across cluster][0m
[36m(SGLangEngine pid=18628)[0m [2026-08-06 12:11:19] Decode batch, #running-req: 102, #full token: 556273, full token usage: 0.62, mamba num: 308, mamba usage: 0.60, cuda graph: True, gen throughput (token/s): 6245.72, #queue-req: 52[32m [repeated 33x across cluster][0m
[36m(SGLangEngine pid=18627)[0m [2026-08-06 12:11:22] INFO:     172.21.0.2:57766 - "POST /generate HTTP/1.1" 200 OK[32m [repeated 17x across cluster][0m
[36m(SGLangEngine pid=18625)[0m [2026-08-06 12:11:24] Prefill batch, #new-seq: 1, #new-token: 44, #cached-token: 448, full token usage: 0.36, mamba usage: 0.54, #running-req: 89, #queue-req: 0, #pending-token: 0, cuda graph: False, input throughput (token/s): 44.14[32m [repeated 17x across cluster][0m
[36m(SGLangEngine pid=18625)[0m [2026-08-06 12:11:24] Decode batch, #running-req: 90, #full token: 319299, full token usage: 0.36, mamba num: 274, mamba usage: 0.54, cuda graph: True, gen throughput (token/s): 6801.14, #queue-req: 0[32m [repeated 33x across cluster][0m
[36m(SGLangEngine pid=18627)[0m [2026-08-06 12:11:28] INFO:     172.21.0.2:57574 - "POST /generate HTTP/1.1" 200 OK[32m [repeated 18x across cluster][0m
[36m(SGLangEngine pid=18627)[0m [2026-08-06 12:11:28] Prefill batch, #new-seq: 1, #new-token: 44, #cached-token: 448, full token usage: 0.40, mamba usage: 0.61, #running-req: 101, #queue-req: 22, #pending-token: 10332, cuda graph: False, input throughput (token/s): 395.80[32m [repeated 18x across cluster][0m
[36m(SGLangEngine pid=18626)[0m [2026-08-06 12:11:29] Decode batch, #running-req: 102, #full token: 455055, full token usage: 0.51, mamba num: 312, mamba usage: 0.61, cuda graph: True, gen throughput (token/s): 6689.39, #queue-req: 42[32m [repeated 34x across cluster][0m
[36m(SGLangEngine pid=18627)[0m [2026-08-06 12:11:33] INFO:     172.21.0.2:57256 - "POST /generate HTTP/1.1" 200 OK[32m [repeated 11x across cluster][0m
[36m(SGLangEngine pid=18626)[0m [2026-08-06 12:11:35] Prefill batch, #new-seq: 1, #new-token: 63, #cached-token: 128, full token usage: 0.54, mamba usage: 0.61, #running-req: 101, #queue-req: 41, #pending-token: 7831, cuda graph: False, input throughput (token/s): 9.87[32m [repeated 9x across cluster][0m
[36m(SGLangEngine pid=18628)[0m [2026-08-06 12:11:34] Decode batch, #running-req: 102, #full token: 650113, full token usage: 0.73, mamba num: 308, mamba usage: 0.60, cuda graph: True, gen throughput (token/s): 5922.64, #queue-req: 52[32m [repeated 35x across cluster][0m
[36m(SGLangEngine pid=18627)[0m [2026-08-06 12:11:38] INFO:     172.21.0.2:57934 - "POST /generate HTTP/1.1" 200 OK[32m [repeated 12x across cluster][0m
[36m(SGLangEngine pid=18626)[0m [2026-08-06 12:11:40] Prefill batch, #new-seq: 1, #new-token: 63, #cached-token: 128, full token usage: 0.54, mamba usage: 0.61, #running-req: 101, #queue-req: 36, #pending-token: 6876, cuda graph: False, input throughput (token/s): 94.14[32m [repeated 15x across cluster][0m
[36m(SGLangEngine pid=18626)[0m [2026-08-06 12:11:39] Decode batch, #running-req: 102, #full token: 491058, full token usage: 0.55, mamba num: 312, mamba usage: 0.61, cuda graph: True, gen throughput (token/s): 6042.93, #queue-req: 37[32m [repeated 32x across cluster][0m
[36m(SGLangEngine pid=18627)[0m [2026-08-06 12:11:43] INFO:     172.21.0.2:58058 - "POST /generate HTTP/1.1" 200 OK[32m [repeated 18x across cluster][0m
[36m(SGLangEngine pid=18626)[0m [2026-08-06 12:11:44] Prefill batch, #new-seq: 2, #new-token: 126, #cached-token: 256, full token usage: 0.53, mamba usage: 0.61, #running-req: 100, #queue-req: 28, #pending-token: 5348, cuda graph: False, input throughput (token/s): 327.20[32m [repeated 20x across cluster][0m
[36m(SGLangEngine pid=18628)[0m [2026-08-06 12:11:45] Decode batch, #running-req: 102, #full token: 703727, full token usage: 0.79, mamba num: 308, mamba usage: 0.60, cuda graph: True, gen throughput (token/s): 5589.05, #queue-req: 51[32m [repeated 34x across cluster][0m
[36m(SGLangEngine pid=18626)[0m [2026-08-06 12:11:48] INFO:     172.21.0.2:34830 - "POST /generate HTTP/1.1" 200 OK[32m [repeated 20x across cluster][0m
[36m(SGLangEngine pid=18626)[0m [2026-08-06 12:11:48] Prefill batch, #new-seq: 1, #new-token: 63, #cached-token: 128, full token usage: 0.54, mamba usage: 0.61, #running-req: 101, #queue-req: 26, #pending-token: 4966, cuda graph: False, input throughput (token/s): 31.74[32m [repeated 9x across cluster][0m
[36m(SGLangEngine pid=18628)[0m [2026-08-06 12:11:50] Decode batch, #running-req: 102, #full token: 732287, full token usage: 0.82, mamba num: 308, mamba usage: 0.60, cuda graph: True, gen throughput (token/s): 5607.67, #queue-req: 51[32m [repeated 32x across cluster][0m
[36m(SGLangEngine pid=18627)[0m [2026-08-06 12:11:53] INFO:     172.21.0.2:57316 - "POST /generate HTTP/1.1" 200 OK[32m [repeated 8x across cluster][0m
[36m(SGLangEngine pid=18626)[0m [2026-08-06 12:11:55] Prefill batch, #new-seq: 1, #new-token: 63, #cached-token: 128, full token usage: 0.57, mamba usage: 0.61, #running-req: 101, #queue-req: 21, #pending-token: 4011, cuda graph: False, input throughput (token/s): 80.52[32m [repeated 13x across cluster][0m
[36m(SGLangEngine pid=18625)[0m [2026-08-06 12:11:55] Decode batch, #running-req: 87, #full token: 374020, full token usage: 0.42, mamba num: 265, mamba usage: 0.52, cuda graph: True, gen throughput (token/s): 6520.75, #queue-req: 0[32m [repeated 34x across cluster][0m
[36m(SGLangEngine pid=18626)[0m [2026-08-06 12:11:58] INFO:     172.21.0.2:34918 - "POST /generate HTTP/1.1" 200 OK[32m [repeated 16x across cluster][0m
[36m(SGLangEngine pid=18627)[0m [2026-08-06 12:12:00] Prefill batch, #new-seq: 1, #new-token: 44, #cached-token: 448, full token usage: 0.33, mamba usage: 0.61, #running-req: 101, #queue-req: 21, #pending-token: 10332, cuda graph: False, input throughput (token/s): 145.57[32m [repeated 19x across cluster][0m
[36m(SGLangEngine pid=18626)[0m [2026-08-06 12:12:00] Decode batch, #running-req: 102, #full token: 499527, full token usage: 0.56, mamba num: 311, mamba usage: 0.61, cuda graph: True, gen throughput (token/s): 5801.21, #queue-req: 15[32m [repeated 32x across cluster][0m
[36m(SGLangEngine pid=18626)[0m [2026-08-06 12:12:04] INFO:     172.21.0.2:34884 - "POST /generate HTTP/1.1" 200 OK[32m [repeated 29x across cluster][0m
[36m(SGLangEngine pid=18626)[0m [2026-08-06 12:12:05] Prefill batch, #new-seq: 1, #new-token: 63, #cached-token: 128, full token usage: 0.55, mamba usage: 0.61, #running-req: 101, #queue-req: 7, #pending-token: 1337, cuda graph: False, input throughput (token/s): 58.20[32m [repeated 22x across cluster][0m
[36m(SGLangEngine pid=18625)[0m [2026-08-06 12:12:05] Decode batch, #running-req: 86, #full token: 425093, full token usage: 0.48, mamba num: 262, mamba usage: 0.51, cuda graph: True, gen throughput (token/s): 6266.73, #queue-req: 0[32m [repeated 30x across cluster][0m
[36m(SGLangEngine pid=18626)[0m [2026-08-06 12:12:09] INFO:     172.21.0.2:48770 - "POST /generate HTTP/1.1" 200 OK[32m [repeated 15x across cluster][0m
[36m(SGLangEngine pid=18627)[0m [2026-08-06 12:12:09] Prefill batch, #new-seq: 1, #new-token: 44, #cached-token: 448, full token usage: 0.29, mamba usage: 0.60, #running-req: 101, #queue-req: 4, #pending-token: 1968, cuda graph: False, input throughput (token/s): 92.56[32m [repeated 14x across cluster][0m
[36m(SGLangEngine pid=18628)[0m [2026-08-06 12:12:10] Decode batch, #running-req: 102, #full token: 802716, full token usage: 0.90, mamba num: 308, mamba usage: 0.60, cuda graph: True, gen throughput (token/s): 5619.39, #queue-req: 46[32m [repeated 34x across cluster][0m
[36m(SGLangEngine pid=18626)[0m [2026-08-06 12:12:13] INFO:     172.21.0.2:37846 - "GET /health HTTP/1.1" 200 OK
[36m(SGLangEngine pid=18627)[0m [2026-08-06 12:12:14] INFO:     172.21.0.2:57582 - "POST /generate HTTP/1.1" 200 OK[32m [repeated 13x across cluster][0m
[36m(SGLangEngine pid=18627)[0m [2026-08-06 12:12:15] Prefill batch, #new-seq: 1, #new-token: 44, #cached-token: 448, full token usage: 0.32, mamba usage: 0.60, #running-req: 101, #queue-req: 1, #pending-token: 492, cuda graph: False, input throughput (token/s): 40.25[32m [repeated 6x across cluster][0m
[36m(SGLangEngine pid=18627)[0m [2026-08-06 12:12:15] Decode batch, #running-req: 102, #full token: 293404, full token usage: 0.33, mamba num: 309, mamba usage: 0.60, cuda graph: True, gen throughput (token/s): 6961.69, #queue-req: 2[32m [repeated 32x across cluster][0m
[36m(SGLangEngine pid=18627)[0m [2026-08-06 12:12:13] INFO:     172.21.0.2:56152 - "GET /health HTTP/1.1" 200 OK[32m [repeated 3x across cluster][0m
[36m(SGLangEngine pid=18625)[0m [2026-08-06 12:12:19] INFO:     172.21.0.2:51082 - "POST /generate HTTP/1.1" 200 OK[32m [repeated 16x across cluster][0m
[36m(SGLangEngine pid=18628)[0m [2026-08-06 12:12:20] Prefill batch, #new-seq: 1, #new-token: 47, #cached-token: 640, full token usage: 0.91, mamba usage: 0.60, #running-req: 101, #queue-req: 41, #pending-token: 28167, cuda graph: False, input throughput (token/s): 53.81[32m [repeated 4x across cluster][0m
[36m(SGLangEngine pid=18626)[0m [2026-08-06 12:12:20] Decode batch, #running-req: 89, #full token: 472006, full token usage: 0.53, mamba num: 272, mamba usage: 0.53, cuda graph: True, gen throughput (token/s): 6076.52, #queue-req: 0[32m [repeated 32x across cluster][0m
[36m(SGLangEngine pid=18628)[0m [2026-08-06 12:12:24] INFO:     172.21.0.2:53186 - "POST /generate HTTP/1.1" 200 OK[32m [repeated 11x across cluster][0m
[36m(SGLangEngine pid=18628)[0m [2026-08-06 12:12:24] Prefill batch, #new-seq: 1, #new-token: 47, #cached-token: 640, full token usage: 0.92, mamba usage: 0.60, #running-req: 101, #queue-req: 40, #pending-token: 27480, cuda graph: False, input throughput (token/s): 10.47
[36m(SGLangEngine pid=18628)[0m [2026-08-06 12:12:25] Decode batch, #running-req: 102, #full token: 829760, full token usage: 0.93, mamba num: 308, mamba usage: 0.60, cuda graph: True, gen throughput (token/s): 5397.22, #queue-req: 40[32m [repeated 33x across cluster][0m
[36m(SGLangEngine pid=18628)[0m [2026-08-06 12:12:26] Prefill batch, #new-seq: 1, #new-token: 47, #cached-token: 640, full token usage: 0.92, mamba usage: 0.60, #running-req: 101, #queue-req: 39, #pending-token: 26793, cuda graph: False, input throughput (token/s): 41.65
[36m(SGLangEngine pid=18626)[0m [2026-08-06 12:12:30] INFO:     172.21.0.2:36186 - "POST /generate HTTP/1.1" 200 OK[32m [repeated 11x across cluster][0m
[36m(SGLangEngine pid=18626)[0m [2026-08-06 12:12:30] Decode batch, #running-req: 77, #full token: 463257, full token usage: 0.52, mamba num: 235, mamba usage: 0.46, cuda graph: True, gen throughput (token/s): 5577.63, #queue-req: 0[32m [repeated 34x across cluster][0m
[36m(SGLangEngine pid=18628)[0m [2026-08-06 12:12:35] INFO:     172.21.0.2:52412 - "POST /generate HTTP/1.1" 200 OK[32m [repeated 13x across cluster][0m
[36m(SGLangEngine pid=18625)[0m [2026-08-06 12:12:36] Decode batch, #running-req: 81, #full token: 554849, full token usage: 0.62, mamba num: 246, mamba usage: 0.48, cuda graph: True, gen throughput (token/s): 5738.98, #queue-req: 0[32m [repeated 35x across cluster][0m
[36m(SGLangEngine pid=18628)[0m [2026-08-06 12:12:38] Prefill batch, #new-seq: 1, #new-token: 47, #cached-token: 640, full token usage: 0.95, mamba usage: 0.59, #running-req: 98, #queue-req: 38, #pending-token: 26106, cuda graph: False, input throughput (token/s): 3.79
[36m(SGLangEngine pid=18626)[0m [2026-08-06 12:12:40] INFO:     172.21.0.2:35554 - "POST /generate HTTP/1.1" 200 OK[32m [repeated 15x across cluster][0m
[36m(SGLangEngine pid=18626)[0m [2026-08-06 12:12:41] Decode batch, #running-req: 62, #full token: 418671, full token usage: 0.47, mamba num: 190, mamba usage: 0.37, cuda graph: True, gen throughput (token/s): 5160.94, #queue-req: 0[32m [repeated 35x across cluster][0m
[36m(SGLangEngine pid=18628)[0m [2026-08-06 12:12:45] Prefill batch, #new-seq: 4, #new-token: 188, #cached-token: 2560, full token usage: 0.94, mamba usage: 0.59, #running-req: 95, #queue-req: 34, #pending-token: 23358, cuda graph: False, input throughput (token/s): 28.74
[36m(SGLangEngine pid=18628)[0m [2026-08-06 12:12:45] Prefill batch, #new-seq: 4, #new-token: 188, #cached-token: 2560, full token usage: 0.93, mamba usage: 0.60, #running-req: 98, #queue-req: 30, #pending-token: 20610, cuda graph: False, input throughput (token/s): 1075.66
[36m(SGLangEngine pid=18627)[0m [2026-08-06 12:12:45] INFO:     172.21.0.2:55664 - "POST /generate HTTP/1.1" 200 OK[32m [repeated 26x across cluster][0m
[36m(SGLangEngine pid=18626)[0m [2026-08-06 12:12:46] Decode batch, #running-req: 49, #full token: 355832, full token usage: 0.40, mamba num: 150, mamba usage: 0.29, cuda graph: True, gen throughput (token/s): 4462.41, #queue-req: 0[32m [repeated 37x across cluster][0m
[36m(SGLangEngine pid=18628)[0m [2026-08-06 12:12:48] Prefill batch, #new-seq: 1, #new-token: 47, #cached-token: 640, full token usage: 0.93, mamba usage: 0.60, #running-req: 101, #queue-req: 29, #pending-token: 19923, cuda graph: False, input throughput (token/s): 16.13
[36m(SGLangEngine pid=18626)[0m [2026-08-06 12:12:51] INFO:     172.21.0.2:36274 - "POST /generate HTTP/1.1" 200 OK[32m [repeated 18x across cluster][0m
[36m(SGLangEngine pid=18626)[0m [2026-08-06 12:12:51] Decode batch, #running-req: 37, #full token: 292463, full token usage: 0.33, mamba num: 114, mamba usage: 0.22, cuda graph: True, gen throughput (token/s): 3795.89, #queue-req: 0[32m [repeated 37x across cluster][0m
[36m(SGLangEngine pid=18628)[0m [2026-08-06 12:12:52] Prefill batch, #new-seq: 1, #new-token: 47, #cached-token: 640, full token usage: 0.94, mamba usage: 0.60, #running-req: 101, #queue-req: 28, #pending-token: 19236, cuda graph: False, input throughput (token/s): 9.74
[36m(SGLangEngine pid=18628)[0m [2026-08-06 12:12:53] Prefill batch, #new-seq: 1, #new-token: 47, #cached-token: 640, full token usage: 0.94, mamba usage: 0.60, #running-req: 101, #queue-req: 27, #pending-token: 18549, cuda graph: False, input throughput (token/s): 935.62
[36m(SGLangEngine pid=18628)[0m [2026-08-06 12:12:53] Prefill batch, #new-seq: 1, #new-token: 47, #cached-token: 640, full token usage: 0.93, mamba usage: 0.60, #running-req: 101, #queue-req: 26, #pending-token: 17862, cuda graph: False, input throughput (token/s): 57.33
[36m(SGLangEngine pid=18628)[0m [2026-08-06 12:12:54] Prefill batch, #new-seq: 1, #new-token: 47, #cached-token: 640, full token usage: 0.92, mamba usage: 0.60, #running-req: 101, #queue-req: 25, #pending-token: 17175, cuda graph: False, input throughput (token/s): 100.60
[36m(SGLangEngine pid=18628)[0m [2026-08-06 12:12:55] Prefill batch, #new-seq: 1, #new-token: 47, #cached-token: 640, full token usage: 0.91, mamba usage: 0.60, #running-req: 101, #queue-req: 24, #pending-token: 16488, cuda graph: False, input throughput (token/s): 52.99
[36m(SGLangEngine pid=18628)[0m [2026-08-06 12:12:55] Prefill batch, #new-seq: 1, #new-token: 47, #cached-token: 640, full token usage: 0.90, mamba usage: 0.60, #running-req: 101, #queue-req: 23, #pending-token: 15801, cuda graph: False, input throughput (token/s): 74.51
[36m(SGLangEngine pid=18626)[0m [2026-08-06 12:12:56] INFO:     172.21.0.2:34964 - "POST /generate HTTP/1.1" 200 OK[32m [repeated 20x across cluster][0m
[36m(SGLangEngine pid=18628)[0m [2026-08-06 12:12:56] Prefill batch, #new-seq: 1, #new-token: 47, #cached-token: 640, full token usage: 0.89, mamba usage: 0.60, #running-req: 101, #queue-req: 22, #pending-token: 15114, cuda graph: False, input throughput (token/s): 47.55
[36m(SGLangEngine pid=18625)[0m [2026-08-06 12:12:56] Decode batch, #running-req: 69, #full token: 558436, full token usage: 0.63, mamba num: 209, mamba usage: 0.41, cuda graph: True, gen throughput (token/s): 4638.71, #queue-req: 0[32m [repeated 37x across cluster][0m
[36m(SGLangEngine pid=18628)[0m [2026-08-06 12:12:57] Prefill batch, #new-seq: 1, #new-token: 47, #cached-token: 640, full token usage: 0.88, mamba usage: 0.60, #running-req: 101, #queue-req: 21, #pending-token: 14427, cuda graph: False, input throughput (token/s): 142.76
[36m(SGLangEngine pid=18628)[0m [2026-08-06 12:12:57] Prefill batch, #new-seq: 1, #new-token: 47, #cached-token: 640, full token usage: 0.87, mamba usage: 0.60, #running-req: 101, #queue-req: 20, #pending-token: 13740, cuda graph: False, input throughput (token/s): 142.74
[36m(SGLangEngine pid=18628)[0m [2026-08-06 12:12:58] Prefill batch, #new-seq: 1, #new-token: 47, #cached-token: 640, full token usage: 0.87, mamba usage: 0.60, #running-req: 101, #queue-req: 19, #pending-token: 13053, cuda graph: False, input throughput (token/s): 46.91
[36m(SGLangEngine pid=18628)[0m [2026-08-06 12:12:58] Prefill batch, #new-seq: 1, #new-token: 47, #cached-token: 640, full token usage: 0.85, mamba usage: 0.60, #running-req: 101, #queue-req: 18, #pending-token: 12366, cuda graph: False, input throughput (token/s): 149.89
[36m(SGLangEngine pid=18628)[0m [2026-08-06 12:12:59] Prefill batch, #new-seq: 1, #new-token: 47, #cached-token: 640, full token usage: 0.85, mamba usage: 0.60, #running-req: 101, #queue-req: 17, #pending-token: 11679, cuda graph: False, input throughput (token/s): 67.75
[36m(SGLangEngine pid=18626)[0m [2026-08-06 12:13:01] INFO:     172.21.0.2:36204 - "POST /generate HTTP/1.1" 200 OK[32m [repeated 19x across cluster][0m
[36m(SGLangEngine pid=18625)[0m [2026-08-06 12:13:02] Decode batch, #running-req: 68, #full token: 576904, full token usage: 0.65, mamba num: 206, mamba usage: 0.40, cuda graph: True, gen throughput (token/s): 4629.81, #queue-req: 0[32m [repeated 39x across cluster][0m
[36m(SGLangEngine pid=18628)[0m [2026-08-06 12:13:03] Prefill batch, #new-seq: 1, #new-token: 47, #cached-token: 640, full token usage: 0.86, mamba usage: 0.60, #running-req: 101, #queue-req: 16, #pending-token: 10992, cuda graph: False, input throughput (token/s): 13.08
[36m(SGLangEngine pid=18628)[0m [2026-08-06 12:13:04] Prefill batch, #new-seq: 1, #new-token: 47, #cached-token: 640, full token usage: 0.85, mamba usage: 0.60, #running-req: 101, #queue-req: 15, #pending-token: 10305, cuda graph: False, input throughput (token/s): 40.21
[36m(SGLangEngine pid=18628)[0m [2026-08-06 12:13:04] Prefill batch, #new-seq: 1, #new-token: 47, #cached-token: 640, full token usage: 0.84, mamba usage: 0.60, #running-req: 101, #queue-req: 14, #pending-token: 9618, cuda graph: False, input throughput (token/s): 227.31
[36m(SGLangEngine pid=18628)[0m [2026-08-06 12:13:04] Prefill batch, #new-seq: 1, #new-token: 47, #cached-token: 640, full token usage: 0.83, mamba usage: 0.60, #running-req: 101, #queue-req: 13, #pending-token: 8931, cuda graph: False, input throughput (token/s): 112.97
[36m(SGLangEngine pid=18628)[0m [2026-08-06 12:13:04] Prefill batch, #new-seq: 1, #new-token: 47, #cached-token: 640, full token usage: 0.82, mamba usage: 0.60, #running-req: 101, #queue-req: 12, #pending-token: 8244, cuda graph: False, input throughput (token/s): 401.28
[36m(SGLangEngine pid=18626)[0m [2026-08-06 12:13:07] Decode batch, #running-req: 20, #full token: 199216, full token usage: 0.22, mamba num: 63, mamba usage: 0.12, cuda graph: True, gen throughput (token/s): 2334.67, #queue-req: 0[32m [repeated 40x across cluster][0m
[36m(SGLangEngine pid=18628)[0m [2026-08-06 12:13:07] INFO:     172.21.0.2:52764 - "POST /generate HTTP/1.1" 200 OK[32m [repeated 19x across cluster][0m
[36m(SGLangEngine pid=18628)[0m [2026-08-06 12:13:07] Prefill batch, #new-seq: 1, #new-token: 47, #cached-token: 640, full token usage: 0.82, mamba usage: 0.60, #running-req: 101, #queue-req: 11, #pending-token: 7557, cuda graph: False, input throughput (token/s): 20.21
[36m(SGLangEngine pid=18628)[0m [2026-08-06 12:13:10] Prefill batch, #new-seq: 1, #new-token: 47, #cached-token: 640, full token usage: 0.83, mamba usage: 0.60, #running-req: 101, #queue-req: 10, #pending-token: 6870, cuda graph: False, input throughput (token/s): 13.71
[36m(SGLangEngine pid=18628)[0m [2026-08-06 12:13:11] Prefill batch, #new-seq: 1, #new-token: 47, #cached-token: 640, full token usage: 0.82, mamba usage: 0.60, #running-req: 101, #queue-req: 9, #pending-token: 6183, cuda graph: False, input throughput (token/s): 56.67
[36m(SGLangEngine pid=18626)[0m [2026-08-06 12:13:12] INFO:     172.21.0.2:36328 - "POST /generate HTTP/1.1" 200 OK[32m [repeated 19x across cluster][0m
[36m(SGLangEngine pid=18625)[0m [2026-08-06 12:13:12] Decode batch, #running-req: 61, #full token: 566188, full token usage: 0.63, mamba num: 185, mamba usage: 0.36, cuda graph: True, gen throughput (token/s): 4531.99, #queue-req: 0[32m [repeated 41x across cluster][0m
[36m(SGLangEngine pid=18628)[0m [2026-08-06 12:13:12] Prefill batch, #new-seq: 1, #new-token: 47, #cached-token: 640, full token usage: 0.82, mamba usage: 0.60, #running-req: 101, #queue-req: 8, #pending-token: 5496, cuda graph: False, input throughput (token/s): 48.08
[36m(SGLangEngine pid=18628)[0m [2026-08-06 12:13:13] Prefill batch, #new-seq: 1, #new-token: 47, #cached-token: 640, full token usage: 0.81, mamba usage: 0.60, #running-req: 101, #queue-req: 7, #pending-token: 4809, cuda graph: False, input throughput (token/s): 55.91
[36m(SGLangEngine pid=18626)[0m [2026-08-06 12:13:13] INFO:     172.21.0.2:46512 - "GET /health HTTP/1.1" 200 OK
[36m(SGLangEngine pid=18628)[0m [2026-08-06 12:13:14] Prefill batch, #new-seq: 1, #new-token: 47, #cached-token: 640, full token usage: 0.80, mamba usage: 0.60, #running-req: 101, #queue-req: 6, #pending-token: 4122, cuda graph: False, input throughput (token/s): 58.49
[36m(SGLangEngine pid=18628)[0m [2026-08-06 12:13:14] Prefill batch, #new-seq: 1, #new-token: 47, #cached-token: 640, full token usage: 0.79, mamba usage: 0.60, #running-req: 101, #queue-req: 5, #pending-token: 3435, cuda graph: False, input throughput (token/s): 115.07
[36m(SGLangEngine pid=18628)[0m [2026-08-06 12:13:15] Prefill batch, #new-seq: 1, #new-token: 47, #cached-token: 640, full token usage: 0.78, mamba usage: 0.60, #running-req: 101, #queue-req: 4, #pending-token: 2748, cuda graph: False, input throughput (token/s): 81.32
[36m(SGLangEngine pid=18628)[0m [2026-08-06 12:13:16] Prefill batch, #new-seq: 1, #new-token: 47, #cached-token: 640, full token usage: 0.77, mamba usage: 0.60, #running-req: 101, #queue-req: 3, #pending-token: 2061, cuda graph: False, input throughput (token/s): 33.92
[36m(SGLangEngine pid=18627)[0m [2026-08-06 12:13:17] INFO:     172.21.0.2:44256 - "POST /generate HTTP/1.1" 200 OK[32m [repeated 25x across cluster][0m
[36m(SGLangEngine pid=18626)[0m [2026-08-06 12:13:17] Decode batch, #running-req: 9, #full token: 105829, full token usage: 0.12, mamba num: 30, mamba usage: 0.06, cuda graph: True, gen throughput (token/s): 1216.56, #queue-req: 0[32m [repeated 45x across cluster][0m
[36m(SGLangEngine pid=18627)[0m [2026-08-06 12:13:13] INFO:     172.21.0.2:57656 - "GET /health HTTP/1.1" 200 OK[32m [repeated 3x across cluster][0m
[36m(SGLangEngine pid=18628)[0m [2026-08-06 12:13:18] Prefill batch, #new-seq: 1, #new-token: 47, #cached-token: 640, full token usage: 0.78, mamba usage: 0.60, #running-req: 101, #queue-req: 2, #pending-token: 1374, cuda graph: False, input throughput (token/s): 20.65
[36m(SGLangEngine pid=18628)[0m [2026-08-06 12:13:21] Prefill batch, #new-seq: 1, #new-token: 47, #cached-token: 640, full token usage: 0.78, mamba usage: 0.60, #running-req: 101, #queue-req: 1, #pending-token: 687, cuda graph: False, input throughput (token/s): 19.41
[36m(SGLangEngine pid=18628)[0m [2026-08-06 12:13:21] Prefill batch, #new-seq: 1, #new-token: 47, #cached-token: 640, full token usage: 0.77, mamba usage: 0.60, #running-req: 101, #queue-req: 0, #pending-token: 0, cuda graph: False, input throughput (token/s): 112.42
[36m(SGLangEngine pid=18625)[0m [2026-08-06 12:13:22] Decode batch, #running-req: 47, #full token: 478819, full token usage: 0.54, mamba num: 143, mamba usage: 0.28, cuda graph: True, gen throughput (token/s): 3725.75, #queue-req: 0[32m [repeated 49x across cluster][0m
[36m(SGLangEngine pid=18627)[0m [2026-08-06 12:13:22] INFO:     172.21.0.2:45790 - "POST /generate HTTP/1.1" 200 OK[32m [repeated 24x across cluster][0m
[36m(SGLangEngine pid=18626)[0m [2026-08-06 12:13:27] Decode batch, #running-req: 4, #full token: 65215, full token usage: 0.07, mamba num: 14, mamba usage: 0.03, cuda graph: True, gen throughput (token/s): 674.87, #queue-req: 0[32m [repeated 49x across cluster][0m
[36m(SGLangEngine pid=18625)[0m [2026-08-06 12:13:27] INFO:     172.21.0.2:51306 - "POST /generate HTTP/1.1" 200 OK[32m [repeated 19x across cluster][0m
[36m(SGLangEngine pid=18626)[0m [2026-08-06 12:13:32] Decode batch, #running-req: 3, #full token: 50356, full token usage: 0.06, mamba num: 11, mamba usage: 0.02, cuda graph: True, gen throughput (token/s): 503.51, #queue-req: 0[32m [repeated 53x across cluster][0m
[36m(SGLangEngine pid=18628)[0m [2026-08-06 12:13:32] INFO:     172.21.0.2:50602 - "POST /generate HTTP/1.1" 200 OK[32m [repeated 15x across cluster][0m
[36m(SGLangEngine pid=18628)[0m [2026-08-06 12:13:37] Decode batch, #running-req: 91, #full token: 638117, full token usage: 0.71, mamba num: 275, mamba usage: 0.54, cuda graph: True, gen throughput (token/s): 5503.21, #queue-req: 0[32m [repeated 55x across cluster][0m
[36m(SGLangEngine pid=18627)[0m [2026-08-06 12:13:38] INFO:     172.21.0.2:57520 - "POST /generate HTTP/1.1" 200 OK[32m [repeated 18x across cluster][0m
[36m(SGLangEngine pid=18626)[0m [2026-08-06 12:13:42] Decode batch, #running-req: 1, #full token: 19189, full token usage: 0.02, mamba num: 4, mamba usage: 0.01, cuda graph: True, gen throughput (token/s): 183.55, #queue-req: 0[32m [repeated 59x across cluster][0m
[36m(SGLangEngine pid=18627)[0m [2026-08-06 12:13:43] INFO:     172.21.0.2:58280 - "POST /generate HTTP/1.1" 200 OK[32m [repeated 18x across cluster][0m
[36m(SGLangEngine pid=18626)[0m [2026-08-06 12:13:47] Decode batch, #running-req: 1, #full token: 20109, full token usage: 0.02, mamba num: 4, mamba usage: 0.01, cuda graph: True, gen throughput (token/s): 183.35, #queue-req: 0[32m [repeated 63x across cluster][0m
[36m(SGLangEngine pid=18628)[0m [2026-08-06 12:13:49] INFO:     172.21.0.2:52662 - "POST /generate HTTP/1.1" 200 OK[32m [repeated 15x across cluster][0m
[36m(SGLangEngine pid=18627)[0m [2026-08-06 12:13:53] Decode batch, #running-req: 4, #full token: 39204, full token usage: 0.04, mamba num: 13, mamba usage: 0.03, cuda graph: True, gen throughput (token/s): 668.46, #queue-req: 0[32m [repeated 52x across cluster][0m
[36m(SGLangEngine pid=18627)[0m [2026-08-06 12:13:54] INFO:     172.21.0.2:40968 - "POST /generate HTTP/1.1" 200 OK[32m [repeated 18x across cluster][0m
[36m(SGLangEngine pid=18625)[0m [2026-08-06 12:13:58] Decode batch, #running-req: 14, #full token: 194872, full token usage: 0.22, mamba num: 43, mamba usage: 0.08, cuda graph: True, gen throughput (token/s): 1807.85, #queue-req: 0[32m [repeated 46x across cluster][0m
[36m(SGLangEngine pid=18625)[0m [2026-08-06 12:14:00] INFO:     172.21.0.2:39422 - "POST /generate HTTP/1.1" 200 OK[32m [repeated 7x across cluster][0m
[36m(SGLangEngine pid=18625)[0m [2026-08-06 12:14:03] Decode batch, #running-req: 12, #full token: 175054, full token usage: 0.20, mamba num: 37, mamba usage: 0.07, cuda graph: True, gen throughput (token/s): 1540.67, #queue-req: 0[32m [repeated 48x across cluster][0m
[36m(SGLangEngine pid=18628)[0m [2026-08-06 12:14:06] INFO:     172.21.0.2:52558 - "POST /generate HTTP/1.1" 200 OK[32m [repeated 4x across cluster][0m
[36m(SGLangEngine pid=18625)[0m [2026-08-06 12:14:08] Decode batch, #running-req: 10, #full token: 152572, full token usage: 0.17, mamba num: 31, mamba usage: 0.06, cuda graph: True, gen throughput (token/s): 1334.55, #queue-req: 0[32m [repeated 25x across cluster][0m
[36m(SGLangEngine pid=18625)[0m [2026-08-06 12:14:13] INFO:     172.21.0.2:39452 - "POST /generate HTTP/1.1" 200 OK[32m [repeated 10x across cluster][0m
[36m(SGLangEngine pid=18625)[0m [2026-08-06 12:14:13] Decode batch, #running-req: 7, #full token: 113073, full token usage: 0.13, mamba num: 22, mamba usage: 0.04, cuda graph: True, gen throughput (token/s): 1031.37, #queue-req: 0[32m [repeated 27x across cluster][0m
[36m(SGLangEngine pid=18626)[0m [2026-08-06 12:14:13] INFO:     172.21.0.2:35140 - "GET /health HTTP/1.1" 200 OK
[36m(SGLangEngine pid=18625)[0m [2026-08-06 12:14:18] Decode batch, #running-req: 6, #full token: 100804, full token usage: 0.11, mamba num: 19, mamba usage: 0.04, cuda graph: True, gen throughput (token/s): 890.59, #queue-req: 0[32m [repeated 29x across cluster][0m
[36m(SGLangEngine pid=18628)[0m [2026-08-06 12:14:19] INFO:     172.21.0.2:52500 - "POST /generate HTTP/1.1" 200 OK[32m [repeated 5x across cluster][0m
[36m(SGLangEngine pid=18627)[0m [2026-08-06 12:14:13] INFO:     172.21.0.2:56652 - "GET /health HTTP/1.1" 200 OK[32m [repeated 3x across cluster][0m
[36m(SGLangEngine pid=18625)[0m [2026-08-06 12:14:23] Decode batch, #running-req: 4, #full token: 69207, full token usage: 0.08, mamba num: 13, mamba usage: 0.03, cuda graph: True, gen throughput (token/s): 649.48, #queue-req: 0[32m [repeated 30x across cluster][0m
[36m(SGLangEngine pid=18628)[0m [2026-08-06 12:14:26] INFO:     172.21.0.2:56868 - "POST /generate HTTP/1.1" 200 OK[32m [repeated 5x across cluster][0m
[36m(SGLangEngine pid=18625)[0m [2026-08-06 12:14:28] Decode batch, #running-req: 4, #full token: 72567, full token usage: 0.08, mamba num: 13, mamba usage: 0.03, cuda graph: True, gen throughput (token/s): 665.75, #queue-req: 0[32m [repeated 30x across cluster][0m
[36m(SGLangEngine pid=18628)[0m [2026-08-06 12:14:33] INFO:     172.21.0.2:40726 - "POST /generate HTTP/1.1" 200 OK[32m [repeated 2x across cluster][0m
[36m(SGLangEngine pid=18625)[0m [2026-08-06 12:14:34] Decode batch, #running-req: 2, #full token: 37111, full token usage: 0.04, mamba num: 7, mamba usage: 0.01, cuda graph: True, gen throughput (token/s): 360.81, #queue-req: 0[32m [repeated 32x across cluster][0m
[36m(SGLangEngine pid=18628)[0m [2026-08-06 12:14:38] INFO:     172.21.0.2:40730 - "POST /generate HTTP/1.1" 200 OK[32m [repeated 5x across cluster][0m
[36m(SGLangEngine pid=18625)[0m [2026-08-06 12:14:39] Decode batch, #running-req: 1, #full token: 19809, full token usage: 0.02, mamba num: 4, mamba usage: 0.01, cuda graph: True, gen throughput (token/s): 183.92, #queue-req: 0[32m [repeated 33x across cluster][0m
[36m(SGLangEngine pid=18628)[0m [2026-08-06 12:14:43] INFO:     172.21.0.2:52464 - "POST /generate HTTP/1.1" 200 OK[32m [repeated 3x across cluster][0m
[36m(SGLangEngine pid=18628)[0m [2026-08-06 12:14:44] Decode batch, #running-req: 53, #full token: 446275, full token usage: 0.50, mamba num: 161, mamba usage: 0.32, cuda graph: True, gen throughput (token/s): 4292.21, #queue-req: 0[32m [repeated 17x across cluster][0m
[36m(SGLangEngine pid=18628)[0m [2026-08-06 12:14:49] Decode batch, #running-req: 51, #full token: 442452, full token usage: 0.50, mamba num: 155, mamba usage: 0.30, cuda graph: True, gen throughput (token/s): 4310.92, #queue-req: 0[32m [repeated 11x across cluster][0m
[36m(SGLangEngine pid=18628)[0m [2026-08-06 12:14:55] Decode batch, #running-req: 51, #full token: 464892, full token usage: 0.52, mamba num: 155, mamba usage: 0.30, cuda graph: True, gen throughput (token/s): 4177.13, #queue-req: 0[32m [repeated 11x across cluster][0m
[36m(SGLangEngine pid=18628)[0m [2026-08-06 12:14:59] INFO:     172.21.0.2:40712 - "POST /generate HTTP/1.1" 200 OK[32m [repeated 3x across cluster][0m
[36m(SGLangEngine pid=18628)[0m [2026-08-06 12:15:00] Decode batch, #running-req: 49, #full token: 450098, full token usage: 0.50, mamba num: 148, mamba usage: 0.29, cuda graph: True, gen throughput (token/s): 3936.91, #queue-req: 0[32m [repeated 11x across cluster][0m
[36m(SGLangEngine pid=18628)[0m [2026-08-06 12:15:05] INFO:     172.21.0.2:40736 - "POST /generate HTTP/1.1" 200 OK[32m [repeated 2x across cluster][0m
[36m(SGLangEngine pid=18628)[0m [2026-08-06 12:15:06] Decode batch, #running-req: 48, #full token: 459813, full token usage: 0.51, mamba num: 145, mamba usage: 0.28, cuda graph: True, gen throughput (token/s): 3684.19, #queue-req: 0[32m [repeated 11x across cluster][0m
[36m(SGLangEngine pid=18628)[0m [2026-08-06 12:15:11] Decode batch, #running-req: 48, #full token: 480933, full token usage: 0.54, mamba num: 145, mamba usage: 0.28, cuda graph: True, gen throughput (token/s): 3846.69, #queue-req: 0[32m [repeated 11x across cluster][0m
[36m(SGLangEngine pid=18626)[0m [2026-08-06 12:15:13] INFO:     172.21.0.2:38252 - "GET /health HTTP/1.1" 200 OK
[36m(SGLangEngine pid=18628)[0m [2026-08-06 12:15:14] INFO:     172.21.0.2:56848 - "POST /generate HTTP/1.1" 200 OK
[36m(SGLangEngine pid=18628)[0m [2026-08-06 12:15:15] INFO:     172.21.0.2:56758 - "POST /generate HTTP/1.1" 200 OK
[36m(SGLangEngine pid=18628)[0m [2026-08-06 12:15:16] INFO:     172.21.0.2:52522 - "POST /generate HTTP/1.1" 200 OK
[36m(SGLangEngine pid=18628)[0m [2026-08-06 12:15:16] Decode batch, #running-req: 45, #full token: 470971, full token usage: 0.53, mamba num: 136, mamba usage: 0.27, cuda graph: True, gen throughput (token/s): 3657.05, #queue-req: 0[32m [repeated 10x across cluster][0m
[36m(SGLangEngine pid=18628)[0m [2026-08-06 12:15:16] INFO:     172.21.0.2:53196 - "POST /generate HTTP/1.1" 200 OK
[36m(SGLangEngine pid=18628)[0m [2026-08-06 12:15:21] INFO:     172.21.0.2:53222 - "POST /generate HTTP/1.1" 200 OK
[36m(SGLangEngine pid=18627)[0m [2026-08-06 12:15:13] INFO:     172.21.0.2:43024 - "GET /health HTTP/1.1" 200 OK[32m [repeated 3x across cluster][0m
[36m(SGLangEngine pid=18628)[0m [2026-08-06 12:15:21] Decode batch, #running-req: 43, #full token: 468399, full token usage: 0.52, mamba num: 130, mamba usage: 0.25, cuda graph: True, gen throughput (token/s): 3600.16, #queue-req: 0[32m [repeated 10x across cluster][0m
[36m(SGLangEngine pid=18628)[0m [2026-08-06 12:15:22] INFO:     172.21.0.2:53182 - "POST /generate HTTP/1.1" 200 OK
[36m(SGLangEngine pid=18628)[0m [2026-08-06 12:15:23] INFO:     172.21.0.2:56768 - "POST /generate HTTP/1.1" 200 OK
[36m(SGLangEngine pid=18628)[0m [2026-08-06 12:15:26] Decode batch, #running-req: 41, #full token: 462239, full token usage: 0.52, mamba num: 124, mamba usage: 0.24, cuda graph: True, gen throughput (token/s): 3256.56, #queue-req: 0[32m [repeated 10x across cluster][0m
[36m(SGLangEngine pid=18628)[0m [2026-08-06 12:15:29] INFO:     172.21.0.2:52842 - "POST /generate HTTP/1.1" 200 OK
[36m(SGLangEngine pid=18628)[0m [2026-08-06 12:15:30] INFO:     172.21.0.2:38110 - "POST /generate HTTP/1.1" 200 OK
[36m(SGLangEngine pid=18628)[0m [2026-08-06 12:15:30] INFO:     172.21.0.2:53282 - "POST /generate HTTP/1.1" 200 OK
[36m(SGLangEngine pid=18628)[0m [2026-08-06 12:15:31] Decode batch, #running-req: 38, #full token: 434604, full token usage: 0.49, mamba num: 115, mamba usage: 0.23, cuda graph: True, gen throughput (token/s): 3102.79, #queue-req: 0[32m [repeated 11x across cluster][0m
[36m(SGLangEngine pid=18628)[0m [2026-08-06 12:15:34] INFO:     172.21.0.2:38130 - "POST /generate HTTP/1.1" 200 OK
[36m(SGLangEngine pid=18628)[0m [2026-08-06 12:15:34] INFO:     172.21.0.2:47466 - "POST /generate HTTP/1.1" 200 OK
[36m(SGLangEngine pid=18628)[0m [2026-08-06 12:15:37] Decode batch, #running-req: 36, #full token: 428141, full token usage: 0.48, mamba num: 109, mamba usage: 0.21, cuda graph: True, gen throughput (token/s): 3036.57, #queue-req: 0[32m [repeated 11x across cluster][0m
[36m(SGLangEngine pid=18628)[0m [2026-08-06 12:15:37] INFO:     172.21.0.2:53264 - "POST /generate HTTP/1.1" 200 OK
[36m(SGLangEngine pid=18628)[0m [2026-08-06 12:15:38] INFO:     172.21.0.2:53234 - "POST /generate HTTP/1.1" 200 OK
[36m(SGLangEngine pid=18628)[0m [2026-08-06 12:15:38] INFO:     172.21.0.2:53102 - "POST /generate HTTP/1.1" 200 OK
[36m(SGLangEngine pid=18628)[0m [2026-08-06 12:15:38] INFO:     172.21.0.2:38206 - "POST /generate HTTP/1.1" 200 OK
[36m(SGLangEngine pid=18628)[0m [2026-08-06 12:15:39] INFO:     172.21.0.2:52434 - "POST /generate HTTP/1.1" 200 OK
[36m(SGLangEngine pid=18628)[0m [2026-08-06 12:15:40] INFO:     172.21.0.2:56784 - "POST /generate HTTP/1.1" 200 OK
[36m(SGLangEngine pid=18628)[0m [2026-08-06 12:15:41] INFO:     172.21.0.2:56860 - "POST /generate HTTP/1.1" 200 OK
[36m(SGLangEngine pid=18628)[0m [2026-08-06 12:15:42] Decode batch, #running-req: 29, #full token: 354092, full token usage: 0.40, mamba num: 88, mamba usage: 0.17, cuda graph: True, gen throughput (token/s): 2885.31, #queue-req: 0[32m [repeated 12x across cluster][0m
[36m(SGLangEngine pid=18628)[0m [2026-08-06 12:15:43] INFO:     172.21.0.2:38202 - "POST /generate HTTP/1.1" 200 OK
[36m(SGLangEngine pid=18628)[0m [2026-08-06 12:15:43] INFO:     172.21.0.2:53106 - "POST /generate HTTP/1.1" 200 OK
[36m(SGLangEngine pid=18628)[0m [2026-08-06 12:15:43] INFO:     172.21.0.2:52418 - "POST /generate HTTP/1.1" 200 OK
[36m(SGLangEngine pid=18628)[0m [2026-08-06 12:15:44] INFO:     172.21.0.2:56832 - "POST /generate HTTP/1.1" 200 OK
[36m(SGLangEngine pid=18628)[0m [2026-08-06 12:15:45] INFO:     172.21.0.2:56792 - "POST /generate HTTP/1.1" 200 OK
[36m(SGLangEngine pid=18628)[0m [2026-08-06 12:15:46] INFO:     172.21.0.2:56884 - "POST /generate HTTP/1.1" 200 OK
[36m(SGLangEngine pid=18628)[0m [2026-08-06 12:15:47] Decode batch, #running-req: 23, #full token: 294752, full token usage: 0.33, mamba num: 70, mamba usage: 0.14, cuda graph: True, gen throughput (token/s): 2474.71, #queue-req: 0[32m [repeated 13x across cluster][0m
[36m(SGLangEngine pid=18628)[0m [2026-08-06 12:15:47] INFO:     172.21.0.2:38126 - "POST /generate HTTP/1.1" 200 OK
[36m(SGLangEngine pid=18628)[0m [2026-08-06 12:15:47] INFO:     172.21.0.2:52556 - "POST /generate HTTP/1.1" 200 OK
[36m(SGLangEngine pid=18628)[0m [2026-08-06 12:15:52] Decode batch, #running-req: 21, #full token: 277649, full token usage: 0.31, mamba num: 64, mamba usage: 0.13, cuda graph: True, gen throughput (token/s): 2202.08, #queue-req: 0[32m [repeated 14x across cluster][0m
[36m(SGLangEngine pid=18628)[0m [2026-08-06 12:15:53] INFO:     172.21.0.2:53212 - "POST /generate HTTP/1.1" 200 OK
[36m(SGLangEngine pid=18628)[0m [2026-08-06 12:15:55] INFO:     172.21.0.2:38152 - "POST /generate HTTP/1.1" 200 OK
[36m(SGLangEngine pid=18628)[0m [2026-08-06 12:15:57] Decode batch, #running-req: 19, #full token: 259008, full token usage: 0.29, mamba num: 58, mamba usage: 0.11, cuda graph: True, gen throughput (token/s): 2087.72, #queue-req: 0[32m [repeated 14x across cluster][0m
[36m(SGLangEngine pid=18628)[0m [2026-08-06 12:15:58] INFO:     172.21.0.2:52672 - "POST /generate HTTP/1.1" 200 OK
[36m(SGLangEngine pid=18628)[0m [2026-08-06 12:16:02] INFO:     172.21.0.2:56824 - "POST /generate HTTP/1.1" 200 OK
[36m(SGLangEngine pid=18628)[0m [2026-08-06 12:16:02] INFO:     172.21.0.2:52898 - "POST /generate HTTP/1.1" 200 OK
[36m(SGLangEngine pid=18628)[0m [2026-08-06 12:16:02] Decode batch, #running-req: 16, #full token: 228710, full token usage: 0.26, mamba num: 49, mamba usage: 0.10, cuda graph: True, gen throughput (token/s): 1837.69, #queue-req: 0[32m [repeated 14x across cluster][0m
[36m(SGLangEngine pid=18628)[0m [2026-08-06 12:16:03] INFO:     172.21.0.2:38200 - "POST /generate HTTP/1.1" 200 OK
[36m(SGLangEngine pid=18628)[0m [2026-08-06 12:16:05] INFO:     172.21.0.2:38186 - "POST /generate HTTP/1.1" 200 OK
[36m(SGLangEngine pid=18628)[0m [2026-08-06 12:16:06] INFO:     172.21.0.2:52496 - "POST /generate HTTP/1.1" 200 OK
[36m(SGLangEngine pid=18628)[0m [2026-08-06 12:16:06] INFO:     172.21.0.2:53304 - "POST /generate HTTP/1.1" 200 OK
[36m(SGLangEngine pid=18628)[0m [2026-08-06 12:16:07] INFO:     172.21.0.2:56818 - "POST /generate HTTP/1.1" 200 OK
[36m(SGLangEngine pid=18628)[0m [2026-08-06 12:16:07] Decode batch, #running-req: 11, #full token: 163320, full token usage: 0.18, mamba num: 34, mamba usage: 0.07, cuda graph: True, gen throughput (token/s): 1412.49, #queue-req: 0[32m [repeated 15x across cluster][0m
[36m(SGLangEngine pid=18628)[0m [2026-08-06 12:16:12] INFO:     172.21.0.2:52368 - "POST /generate HTTP/1.1" 200 OK
[36m(SGLangEngine pid=18628)[0m [2026-08-06 12:16:13] INFO:     172.21.0.2:56804 - "POST /generate HTTP/1.1" 200 OK
[36m(SGLangEngine pid=18628)[0m [2026-08-06 12:16:13] Decode batch, #running-req: 9, #full token: 140216, full token usage: 0.16, mamba num: 28, mamba usage: 0.05, cuda graph: True, gen throughput (token/s): 1274.06, #queue-req: 0[32m [repeated 17x across cluster][0m
[36m(SGLangEngine pid=18626)[0m [2026-08-06 12:16:13] INFO:     172.21.0.2:52652 - "GET /health HTTP/1.1" 200 OK
[36m(SGLangEngine pid=18628)[0m [2026-08-06 12:16:18] Decode batch, #running-req: 9, #full token: 146336, full token usage: 0.16, mamba num: 28, mamba usage: 0.05, cuda graph: True, gen throughput (token/s): 1182.05, #queue-req: 0[32m [repeated 17x across cluster][0m
[36m(SGLangEngine pid=18628)[0m [2026-08-06 12:16:18] INFO:     172.21.0.2:56866 - "POST /generate HTTP/1.1" 200 OK
[36m(SGLangEngine pid=18627)[0m [2026-08-06 12:16:13] INFO:     172.21.0.2:43264 - "GET /health HTTP/1.1" 200 OK[32m [repeated 3x across cluster][0m
[36m(SGLangEngine pid=18628)[0m [2026-08-06 12:16:19] INFO:     172.21.0.2:53208 - "POST /generate HTTP/1.1" 200 OK
[36m(SGLangEngine pid=18628)[0m [2026-08-06 12:16:19] INFO:     172.21.0.2:52736 - "POST /generate HTTP/1.1" 200 OK
[36m(SGLangEngine pid=18628)[0m [2026-08-06 12:16:20] INFO:     172.21.0.2:53268 - "POST /generate HTTP/1.1" 200 OK
[36m(SGLangEngine pid=18628)[0m [2026-08-06 12:16:20] INFO:     172.21.0.2:56754 - "POST /generate HTTP/1.1" 200 OK
[36m(SGLangEngine pid=18628)[0m [2026-08-06 12:16:23] Decode batch, #running-req: 4, #full token: 67612, full token usage: 0.08, mamba num: 13, mamba usage: 0.03, cuda graph: True, gen throughput (token/s): 653.95, #queue-req: 0[32m [repeated 20x across cluster][0m
[36m(SGLangEngine pid=18628)[0m [2026-08-06 12:16:28] Decode batch, #running-req: 4, #full token: 70972, full token usage: 0.08, mamba num: 13, mamba usage: 0.03, cuda graph: True, gen throughput (token/s): 656.77, #queue-req: 0[32m [repeated 21x across cluster][0m
[36m(SGLangEngine pid=18628)[0m [2026-08-06 12:16:29] INFO:     172.21.0.2:47446 - "POST /generate HTTP/1.1" 200 OK
[36m(SGLangEngine pid=18628)[0m [2026-08-06 12:16:32] INFO:     172.21.0.2:38134 - "POST /generate HTTP/1.1" 200 OK
[36m(SGLangEngine pid=18628)[0m [2026-08-06 12:16:32] INFO:     172.21.0.2:38158 - "POST /generate HTTP/1.1" 200 OK
[36m(SGLangEngine pid=18628)[0m [2026-08-06 12:16:33] Decode batch, #running-req: 1, #full token: 18235, full token usage: 0.02, mamba num: 4, mamba usage: 0.01, cuda graph: True, gen throughput (token/s): 183.53, #queue-req: 0[32m [repeated 22x across cluster][0m
[36m(SGLangEngine pid=18628)[0m [2026-08-06 12:16:37] INFO:     172.21.0.2:53288 - "POST /generate HTTP/1.1" 200 OK
[36m(RolloutManager pid=18345)[0m [2026-08-06 12:16:39.281 rollout_manager] rmct_rollout.py:389 - RMCT step 1: 511 grad samples, parse_rate=0.998, gap=0.2093, cache_hit=0.77
[36m(SGLangEngine pid=18628)[0m [2026-08-06 12:16:37] Decode batch, #running-req: 1, #full token: 18955, full token usage: 0.02, mamba num: 4, mamba usage: 0.01, cuda graph: True, gen throughput (token/s): 179.94, #queue-req: 0[32m [repeated 18x across cluster][0m
[36m(RolloutManager pid=18345)[0m [2026-08-06 12:16:39.616 rollout_manager] metrics.py:89 - perf 0: {'rmct/parse_rate': 0.998046875, 'rmct/p_ref_mean': 0.11220472440944881, 'rmct/p_hat_mean': 0.3214966781496063, 'rmct/gap_mean': 0.2092919537401575, 'rmct/has_signal': 1.0, 'rmct/n_grad_samples': 511.0, 'rmct/completion_len_p50': 6223.0, 'rmct/completion_len_p99': 18230.0, 'rmct/truncated_frac': 0.001953125, 'rmct/prefix_cache_hit_rate': 0.7694328120367625, 'rollout/response_len/mean': 8262.072265625, 'rollout/response_len/median': 7760.0, 'rollout/response_len/max': 19773, 'rollout/response_len/min': 0, 'rollout/zero_std/all_zero_percentage': 0.0, 'rollout/zero_std/all_one_percentage': 0.0, 'rollout/prefix_cache_hit_rate': 0.0, 'rollout/avg_cached_tokens_per_sample': 0.0, 'rollout/repetition_frac': 0.0, 'rollout/truncated_ratio': 0.0, 'perf/rollout_time': 430.2069764137268, 'perf/tokens_per_gpu_per_sec': 2470.1255634172767, 'perf/longest_sample_tokens_per_sec': 47.60499276586472, 'perf/effective_tokens_per_gpu_per_sec': 2458.2243152258106, 'perf/longest_effective_sample_tokens_per_sec': 45.961597751925936}
[36m(SGLangEngine pid=18626)[0m [2026-08-06 12:16:40] INFO:     172.21.0.2:38210 - "GET /flush_cache HTTP/1.1" 200 OK
[36m(SGLangEngine pid=18626)[0m [2026-08-06 12:16:40] Reset HybridReqToTokenPool
[36m(SGLangEngine pid=18626)[0m [2026-08-06 12:16:40] Cache flushed successfully!
[36m(SGLangEngine pid=18626)[0m [2026-08-06 12:16:40] INFO:     172.21.0.2:38216 - "POST /release_memory_occupation HTTP/1.1" 200 OK
[36m(MegatronTrainRayActor pid=19835)[0m [2026-08-06 12:16:40.467 actor_cell0_rank0] structured_log.py:23 - ft cls=MegatronTrainRayActor fn=train phase=start
[36m(MegatronTrainRayActor pid=19835)[0m [2026-08-06 12:16:40.467 actor_cell0_rank0] structured_log.py:23 - ft cls=MegatronTrainRayActor fn=wake_up phase=start
[36m(MegatronTrainRayActor pid=19835)[0m [2026-08-06 12:16:40.467 actor_cell0_rank0] timer.py:31 - Timer wake_up start
[36m(MegatronTrainRayActor pid=19835)[0m [2026-08-06 12:16:40.469 actor_cell0_rank0] memory_utils.py:41 - [Rank 0] Memory-Usage before wake_up model: {'gpu': '0', 'total_GB': 139.81, 'free_GB': 135.37, 'used_GB': 4.44, 'allocated_GB': 39.38, 'reserved_GB': 39.51}
[36m(MegatronTrainRayActor pid=19835)[0m [2026-08-06 12:16:42.630 actor_cell0_rank0] reloadable_process_group.py:151 - Reloading 21 process groups in pid 19835
[36m(MegatronTrainRayActor pid=19835)[0m [2026-08-06 12:16:42.633 actor_cell0_rank0] memory_utils.py:41 - [Rank 0] Memory-Usage after wake_up model: {'gpu': '0', 'total_GB': 139.81, 'free_GB': 95.88, 'used_GB': 43.93, 'allocated_GB': 39.38, 'reserved_GB': 39.51}
[36m(MegatronTrainRayActor pid=19835)[0m [2026-08-06 12:16:42.633 actor_cell0_rank0] timer.py:42 - Timer wake_up end (elapsed: 2.2s)
[36m(MegatronTrainRayActor pid=19835)[0m [2026-08-06 12:16:42.633 actor_cell0_rank0] structured_log.py:27 - ft cls=MegatronTrainRayActor fn=wake_up phase=end ok=true elapsed_s=2.2
[36m(MegatronTrainRayActor pid=19835)[0m [2026-08-06 12:16:42.633 actor_cell0_rank0] timer.py:31 - Timer data_preprocess start
[36m(MegatronTrainRayActor pid=19835)[0m [2026-08-06 12:16:43.176 actor_cell0_rank0] timer.py:42 - Timer data_preprocess end (elapsed: 0.5s)
[36m(MegatronTrainRayActor pid=19835)[0m [2026-08-06 12:16:43.176 actor_cell0_rank0] structured_log.py:23 - ft cls=MegatronTrainRayActor fn=train_actor phase=start
[36m(MegatronTrainRayActor pid=19835)[0m [2026-08-06 12:16:43.890 actor_cell0_rank0] timer.py:42 - Timer train_wait end (elapsed: 437.2s)
[36m(MegatronTrainRayActor pid=19835)[0m [2026-08-06 12:16:43.890 actor_cell0_rank0] timer.py:31 - Timer train start
[36m(MegatronTrainRayActor pid=20067)[0m [2026-08-06 12:16:43.905 actor_cell0_rank1] structured_log.py:23 - ft cls=MegatronTrainRayActor fn=compute_log_prob phase=start
[36m(MegatronTrainRayActor pid=19835)[0m [2026-08-06 12:16:44.082 actor_cell0_rank0] timer.py:31 - Timer ref_log_probs start
[36m(SGLangEngine pid=18626)[0m [2026-08-06 12:17:13] INFO:     172.21.0.2:39704 - "GET /health HTTP/1.1" 200 OK
[36m(SGLangEngine pid=18627)[0m [2026-08-06 12:16:40] INFO:     172.21.0.2:59274 - "GET /flush_cache HTTP/1.1" 200 OK[32m [repeated 3x across cluster][0m
[36m(SGLangEngine pid=18627)[0m [2026-08-06 12:16:40] INFO:     172.21.0.2:59286 - "POST /release_memory_occupation HTTP/1.1" 200 OK[32m [repeated 3x across cluster][0m
[36m(SGLangEngine pid=18626)[0m [2026-08-06 12:18:13] INFO:     172.21.0.2:47526 - "GET /health HTTP/1.1" 200 OK[32m [repeated 4x across cluster][0m
[36m(SGLangEngine pid=18626)[0m [2026-08-06 12:19:13] INFO:     172.21.0.2:47822 - "GET /health HTTP/1.1" 200 OK[32m [repeated 4x across cluster][0m
[36m(SGLangEngine pid=18626)[0m [2026-08-06 12:20:13] INFO:     172.21.0.2:32852 - "GET /health HTTP/1.1" 200 OK[32m [repeated 4x across cluster][0m
[36m(MegatronTrainRayActor pid=20069)[0m [2026-08-06 12:20:18.465 actor_cell0_rank2] structured_log.py:27 - ft cls=MegatronTrainRayActor fn=compute_log_prob phase=end ok=true elapsed_s=214.4
[36m(SGLangEngine pid=18627)[0m [2026-08-06 12:16:40] Reset HybridReqToTokenPool[32m [repeated 7x across cluster][0m
[36m(SGLangEngine pid=18627)[0m [2026-08-06 12:16:40] Cache flushed successfully![32m [repeated 7x across cluster][0m
[36m(MegatronTrainRayActor pid=20070)[0m [2026-08-06 12:16:40.470 actor_cell0_rank3] structured_log.py:23 - ft cls=MegatronTrainRayActor fn=train phase=start[32m [repeated 3x across cluster][0m
[36m(MegatronTrainRayActor pid=20070)[0m [2026-08-06 12:16:40.470 actor_cell0_rank3] structured_log.py:23 - ft cls=MegatronTrainRayActor fn=wake_up phase=start[32m [repeated 3x across cluster][0m
[36m(MegatronTrainRayActor pid=20070)[0m [2026-08-06 12:16:40.473 actor_cell0_rank3] memory_utils.py:41 - [Rank 3] Memory-Usage before wake_up model: {'gpu': '3', 'total_GB': 139.81, 'free_GB': 136.3, 'used_GB': 3.51, 'allocated_GB': 39.38, 'reserved_GB': 39.51}[32m [repeated 3x across cluster][0m
[36m(MegatronTrainRayActor pid=20069)[0m [2026-08-06 12:16:42.994 actor_cell0_rank2] reloadable_process_group.py:151 - Reloading 21 process groups in pid 20069[32m [repeated 3x across cluster][0m
[36m(MegatronTrainRayActor pid=20069)[0m [2026-08-06 12:16:42.996 actor_cell0_rank2] memory_utils.py:41 - [Rank 2] Memory-Usage after wake_up model: {'gpu': '2', 'total_GB': 139.81, 'free_GB': 96.58, 'used_GB': 43.23, 'allocated_GB': 39.38, 'reserved_GB': 39.51}[32m [repeated 3x across cluster][0m
[36m(MegatronTrainRayActor pid=20069)[0m [2026-08-06 12:16:42.996 actor_cell0_rank2] structured_log.py:27 - ft cls=MegatronTrainRayActor fn=wake_up phase=end ok=true elapsed_s=2.5[32m [repeated 3x across cluster][0m
[36m(MegatronTrainRayActor pid=20069)[0m [2026-08-06 12:16:43.665 actor_cell0_rank2] structured_log.py:23 - ft cls=MegatronTrainRayActor fn=train_actor phase=start[32m [repeated 3x across cluster][0m
[36m(MegatronTrainRayActor pid=20069)[0m [2026-08-06 12:16:44.082 actor_cell0_rank2] structured_log.py:23 - ft cls=MegatronTrainRayActor fn=compute_log_prob phase=start[32m [repeated 3x across cluster][0m
[36m(MegatronTrainRayActor pid=19835)[0m [2026-08-06 12:20:32.581 actor_cell0_rank0] timer.py:42 - Timer ref_log_probs end (elapsed: 228.5s)
[36m(MegatronTrainRayActor pid=19835)[0m [2026-08-06 12:20:32.582 actor_cell0_rank0] structured_log.py:27 - ft cls=MegatronTrainRayActor fn=compute_log_prob phase=end ok=true elapsed_s=228.5[32m [repeated 2x across cluster][0m
[36m(MegatronTrainRayActor pid=20070)[0m [2026-08-06 12:20:18.691 actor_cell0_rank3] structured_log.py:23 - ft cls=MegatronTrainRayActor fn=compute_log_prob phase=start[32m [repeated 2x across cluster][0m
[36m(MegatronTrainRayActor pid=19835)[0m [2026-08-06 12:20:32.803 actor_cell0_rank0] timer.py:31 - Timer log_probs start
[36m(MegatronTrainRayActor pid=20069)[0m [2026-08-06 12:21:12.036 actor_cell0_rank2] structured_log.py:27 - ft cls=MegatronTrainRayActor fn=compute_log_prob phase=end ok=true elapsed_s=53.3[32m [repeated 2x across cluster][0m
[36m(MegatronTrainRayActor pid=20067)[0m [2026-08-06 12:20:32.802 actor_cell0_rank1] structured_log.py:23 - ft cls=MegatronTrainRayActor fn=compute_log_prob phase=start[32m [repeated 2x across cluster][0m
[36m(SGLangEngine pid=18626)[0m [2026-08-06 12:21:13] INFO:     172.21.0.2:49848 - "GET /health HTTP/1.1" 200 OK[32m [repeated 4x across cluster][0m
[36m(MegatronTrainRayActor pid=19835)[0m [2026-08-06 12:21:25.507 actor_cell0_rank0] timer.py:42 - Timer log_probs end (elapsed: 52.7s)
[36m(MegatronTrainRayActor pid=19835)[0m [2026-08-06 12:21:25.508 actor_cell0_rank0] structured_log.py:27 - ft cls=MegatronTrainRayActor fn=compute_log_prob phase=end ok=true elapsed_s=52.7[32m [repeated 2x across cluster][0m
[36m(MegatronTrainRayActor pid=19835)[0m [2026-08-06 12:21:25.758 actor_cell0_rank0] rmct_advantage.py:104 - rmct/kl_policy_base=0.000494 (kl_coef=0.050)
[36m(MegatronTrainRayActor pid=19835)[0m [2026-08-06 12:21:25.810 actor_cell0_rank0] log_utils.py:55 - ft op=cross_cell phase=start kind=log_gather rank=0
[36m(MegatronTrainRayActor pid=19835)[0m [2026-08-06 12:21:25.812 actor_cell0_rank0] log_utils.py:61 - ft op=cross_cell phase=end kind=log_gather rank=0 success=true
[36m(MegatronTrainRayActor pid=19835)[0m [2026-08-06 12:21:25.812 actor_cell0_rank0] log_utils.py:78 - rollout 0: {'rollout/response_lengths': 8302.072265625, 'rollout/rewards': -1.3877787807814457e-17, 'rollout/truncated': 0.0, 'rollout/rollout_log_probs': -0.0015945356572046876, 'rollout/raw_reward': -1.3986208025063007e-17, 'rollout/total_lengths': 8906.572265625, 'rollout/ref_log_probs': -0.00159549928503111, 'rollout/log_probs': -0.00159549928503111, 'rollout/advantages': -0.00017811875841289293, 'rollout/returns': -0.00017811875841289293}
[36m(MegatronTrainRayActor pid=19835)[0m [2026-08-06 12:21:25.812 actor_cell0_rank0] timer.py:31 - Timer actor_train start
[36m(MegatronTrainRayActor pid=20067)[0m /root/miles/miles/backends/training_utils/loss.py:187: UserWarning: To copy construct from a tensor, it is recommended to use sourceTensor.detach().clone() or sourceTensor.detach().clone().requires_grad_(True), rather than torch.tensor(sourceTensor).
[36m(MegatronTrainRayActor pid=20067)[0m   torch.tensor(num_tokens if args.calculate_per_token_loss else 1, device=logits.device),
[36m(MegatronTrainRayActor pid=20067)[0m [2026-08-06 12:21:25.507 actor_cell0_rank1] structured_log.py:27 - ft cls=MegatronTrainRayActor fn=compute_log_prob phase=end ok=true elapsed_s=52.7
[36m(SGLangEngine pid=18626)[0m [2026-08-06 12:22:13] INFO:     172.21.0.2:42022 - "GET /health HTTP/1.1" 200 OK[32m [repeated 4x across cluster][0m
[36m(MegatronTrainRayActor pid=20069)[0m /root/Megatron-LM/megatron/core/pipeline_parallel/schedules.py:190: UserWarning: The AccumulateGrad node's stream does not match the stream of the node that produced the incoming gradient. This may incur unnecessary synchronization and break CUDA graph capture if the AccumulateGrad node's stream is the default stream. This mismatch is caused by an AccumulateGrad node created prior to the current iteration being kept alive. This can happen if the autograd graph is still being kept alive by tensors such as the loss, or if you are using DDP, which will stash a reference to the node. To resolve the mismatch, delete all references to the autograd graph or ensure that DDP initialization is performed under the same stream as subsequent forwards. If the mismatch is intentional, you can use torch.autograd.graph.set_warn_on_accumulate_grad_stream_mismatch(False) to suppress this warning. (Triggered internally at /pytorch/torch/csrc/autograd/input_buffer.cpp:240.)
[36m(MegatronTrainRayActor pid=20069)[0m   Variable._execution_engine.run_backward(
[36m(MegatronTrainRayActor pid=20070)[0m [2026-08-06 12:21:25.842 actor_cell0_rank3] rmct_advantage.py:104 - rmct/kl_policy_base=0.000494 (kl_coef=0.050)[32m [repeated 3x across cluster][0m
[36m(MegatronTrainRayActor pid=20069)[0m [2026-08-06 12:21:25.800 actor_cell0_rank2] log_utils.py:55 - ft op=cross_cell phase=start kind=log_gather rank=1
[36m(MegatronTrainRayActor pid=20069)[0m [2026-08-06 12:21:25.812 actor_cell0_rank2] log_utils.py:61 - ft op=cross_cell phase=end kind=log_gather rank=1 success=true
[36m(MegatronTrainRayActor pid=20070)[0m /root/miles/miles/backends/training_utils/loss.py:187: UserWarning: To copy construct from a tensor, it is recommended to use sourceTensor.detach().clone() or sourceTensor.detach().clone().requires_grad_(True), rather than torch.tensor(sourceTensor).[32m [repeated 3x across cluster][0m
[36m(MegatronTrainRayActor pid=20070)[0m   torch.tensor(num_tokens if args.calculate_per_token_loss else 1, device=logits.device),[32m [repeated 3x across cluster][0m
[36m(MegatronTrainRayActor pid=20069)[0m [rank2]:W0806 12:22:54.601000 20069 torch/_dynamo/convert_frame.py:1743] [6/8] torch._dynamo hit config.recompile_limit (8)
[36m(MegatronTrainRayActor pid=20069)[0m [rank2]:W0806 12:22:54.601000 20069 torch/_dynamo/convert_frame.py:1743] [6/8]    function: 'bias_dropout_add_fused_train' (/root/Megatron-LM/megatron/core/fusions/fused_bias_dropout.py:67)
[36m(MegatronTrainRayActor pid=20069)[0m [rank2]:W0806 12:22:54.601000 20069 torch/_dynamo/convert_frame.py:1743] [6/8]    last reason: 6/7: tensor 'x_with_bias[0]' stride mismatch at index 1. expected 4096, actual 81788928
[36m(MegatronTrainRayActor pid=20069)[0m [rank2]:W0806 12:22:54.601000 20069 torch/_dynamo/convert_frame.py:1743] [6/8] To log all recompilation reasons, use TORCH_LOGS="recompiles".
[36m(MegatronTrainRayActor pid=20069)[0m [rank2]:W0806 12:22:54.601000 20069 torch/_dynamo/convert_frame.py:1743] [6/8] To diagnose recompilation issues, see https://docs.pytorch.org/docs/main/user_guide/torch_compiler/compile/programming_model.recompilation.html
[36m(MegatronTrainRayActor pid=20067)[0m /root/Megatron-LM/megatron/core/pipeline_parallel/schedules.py:190: UserWarning: The AccumulateGrad node's stream does not match the stream of the node that produced the incoming gradient. This may incur unnecessary synchronization and break CUDA graph capture if the AccumulateGrad node's stream is the default stream. This mismatch is caused by an AccumulateGrad node created prior to the current iteration being kept alive. This can happen if the autograd graph is still being kept alive by tensors such as the loss, or if you are using DDP, which will stash a reference to the node. To resolve the mismatch, delete all references to the autograd graph or ensure that DDP initialization is performed under the same stream as subsequent forwards. If the mismatch is intentional, you can use torch.autograd.graph.set_warn_on_accumulate_grad_stream_mismatch(False) to suppress this warning. (Triggered internally at /pytorch/torch/csrc/autograd/input_buffer.cpp:240.)[32m [repeated 3x across cluster][0m
[36m(MegatronTrainRayActor pid=20067)[0m   Variable._execution_engine.run_backward([32m [repeated 3x across cluster][0m
[36m(MegatronTrainRayActor pid=20069)[0m /root/miles/miles/backends/training_utils/loss.py:187: UserWarning: To copy construct from a tensor, it is recommended to use sourceTensor.detach().clone() or sourceTensor.detach().clone().requires_grad_(True), rather than torch.tensor(sourceTensor).[32m [repeated 5x across cluster][0m
[36m(MegatronTrainRayActor pid=20069)[0m   torch.tensor(num_tokens if args.calculate_per_token_loss else 1, device=logits.device),[32m [repeated 5x across cluster][0m
[36m(MegatronTrainRayActor pid=19835)[0m [rank0]:W0806 12:22:55.525000 19835 torch/_dynamo/convert_frame.py:1743] [6/8] torch._dynamo hit config.recompile_limit (8)[32m [repeated 3x across cluster][0m
[36m(MegatronTrainRayActor pid=19835)[0m [rank0]:W0806 12:22:55.525000 19835 torch/_dynamo/convert_frame.py:1743] [6/8]    function: 'bias_dropout_add_fused_train' (/root/Megatron-LM/megatron/core/fusions/fused_bias_dropout.py:67)[32m [repeated 3x across cluster][0m
[36m(MegatronTrainRayActor pid=19835)[0m [rank0]:W0806 12:22:55.525000 19835 torch/_dynamo/convert_frame.py:1743] [6/8]    last reason: 6/7: tensor 'x_with_bias[0]' stride mismatch at index 1. expected 4096, actual 78643200[32m [repeated 3x across cluster][0m
[36m(MegatronTrainRayActor pid=19835)[0m [rank0]:W0806 12:22:55.525000 19835 torch/_dynamo/convert_frame.py:1743] [6/8] To log all recompilation reasons, use TORCH_LOGS="recompiles".[32m [repeated 3x across cluster][0m
[36m(MegatronTrainRayActor pid=19835)[0m [rank0]:W0806 12:22:55.525000 19835 torch/_dynamo/convert_frame.py:1743] [6/8] To diagnose recompilation issues, see https://docs.pytorch.org/docs/main/user_guide/torch_compiler/compile/programming_model.recompilation.html[32m [repeated 3x across cluster][0m
[36m(SGLangEngine pid=18626)[0m [2026-08-06 12:23:13] INFO:     172.21.0.2:55270 - "GET /health HTTP/1.1" 200 OK[32m [repeated 4x across cluster][0m
[36m(MegatronTrainRayActor pid=20069)[0m /root/miles/miles/backends/training_utils/loss.py:187: UserWarning: To copy construct from a tensor, it is recommended to use sourceTensor.detach().clone() or sourceTensor.detach().clone().requires_grad_(True), rather than torch.tensor(sourceTensor).[32m [repeated 2x across cluster][0m
[36m(MegatronTrainRayActor pid=20069)[0m   torch.tensor(num_tokens if args.calculate_per_token_loss else 1, device=logits.device),[32m [repeated 2x across cluster][0m
[36m(MegatronTrainRayActor pid=19835)[0m /root/miles/miles/backends/training_utils/loss.py:187: UserWarning: To copy construct from a tensor, it is recommended to use sourceTensor.detach().clone() or sourceTensor.detach().clone().requires_grad_(True), rather than torch.tensor(sourceTensor).[32m [repeated 2x across cluster][0m
[36m(MegatronTrainRayActor pid=19835)[0m   torch.tensor(num_tokens if args.calculate_per_token_loss else 1, device=logits.device),[32m [repeated 2x across cluster][0m
[36m(MegatronTrainRayActor pid=20069)[0m /root/miles/miles/backends/training_utils/loss.py:187: UserWarning: To copy construct from a tensor, it is recommended to use sourceTensor.detach().clone() or sourceTensor.detach().clone().requires_grad_(True), rather than torch.tensor(sourceTensor).[32m [repeated 2x across cluster][0m
[36m(MegatronTrainRayActor pid=20069)[0m   torch.tensor(num_tokens if args.calculate_per_token_loss else 1, device=logits.device),[32m [repeated 2x across cluster][0m
[36m(MegatronTrainRayActor pid=19835)[0m /root/miles/miles/backends/training_utils/loss.py:187: UserWarning: To copy construct from a tensor, it is recommended to use sourceTensor.detach().clone() or sourceTensor.detach().clone().requires_grad_(True), rather than torch.tensor(sourceTensor).[32m [repeated 2x across cluster][0m
[36m(MegatronTrainRayActor pid=19835)[0m   torch.tensor(num_tokens if args.calculate_per_token_loss else 1, device=logits.device),[32m [repeated 2x across cluster][0m
[36m(MegatronTrainRayActor pid=20069)[0m /root/miles/miles/backends/training_utils/loss.py:187: UserWarning: To copy construct from a tensor, it is recommended to use sourceTensor.detach().clone() or sourceTensor.detach().clone().requires_grad_(True), rather than torch.tensor(sourceTensor).[32m [repeated 4x across cluster][0m
[36m(MegatronTrainRayActor pid=20069)[0m   torch.tensor(num_tokens if args.calculate_per_token_loss else 1, device=logits.device),[32m [repeated 4x across cluster][0m
[36m(MegatronTrainRayActor pid=19835)[0m /root/miles/miles/backends/training_utils/loss.py:187: UserWarning: To copy construct from a tensor, it is recommended to use sourceTensor.detach().clone() or sourceTensor.detach().clone().requires_grad_(True), rather than torch.tensor(sourceTensor).[32m [repeated 2x across cluster][0m
[36m(MegatronTrainRayActor pid=19835)[0m   torch.tensor(num_tokens if args.calculate_per_token_loss else 1, device=logits.device),[32m [repeated 2x across cluster][0m
[36m(SGLangEngine pid=18626)[0m [2026-08-06 12:24:13] INFO:     172.21.0.2:35428 - "GET /health HTTP/1.1" 200 OK[32m [repeated 4x across cluster][0m
[36m(MegatronTrainRayActor pid=20069)[0m /root/miles/miles/backends/training_utils/loss.py:187: UserWarning: To copy construct from a tensor, it is recommended to use sourceTensor.detach().clone() or sourceTensor.detach().clone().requires_grad_(True), rather than torch.tensor(sourceTensor).[32m [repeated 4x across cluster][0m
[36m(MegatronTrainRayActor pid=20069)[0m   torch.tensor(num_tokens if args.calculate_per_token_loss else 1, device=logits.device),[32m [repeated 4x across cluster][0m
[36m(MegatronTrainRayActor pid=19835)[0m /root/miles/miles/backends/training_utils/loss.py:187: UserWarning: To copy construct from a tensor, it is recommended to use sourceTensor.detach().clone() or sourceTensor.detach().clone().requires_grad_(True), rather than torch.tensor(sourceTensor).[32m [repeated 2x across cluster][0m
[36m(MegatronTrainRayActor pid=19835)[0m   torch.tensor(num_tokens if args.calculate_per_token_loss else 1, device=logits.device),[32m [repeated 2x across cluster][0m
[36m(MegatronTrainRayActor pid=19835)[0m /root/miles/miles/backends/training_utils/loss.py:187: UserWarning: To copy construct from a tensor, it is recommended to use sourceTensor.detach().clone() or sourceTensor.detach().clone().requires_grad_(True), rather than torch.tensor(sourceTensor).[32m [repeated 2x across cluster][0m
[36m(MegatronTrainRayActor pid=19835)[0m   torch.tensor(num_tokens if args.calculate_per_token_loss else 1, device=logits.device),[32m [repeated 2x across cluster][0m
[36m(MegatronTrainRayActor pid=20069)[0m /root/miles/miles/backends/training_utils/loss.py:187: UserWarning: To copy construct from a tensor, it is recommended to use sourceTensor.detach().clone() or sourceTensor.detach().clone().requires_grad_(True), rather than torch.tensor(sourceTensor).[32m [repeated 2x across cluster][0m
[36m(MegatronTrainRayActor pid=20069)[0m   torch.tensor(num_tokens if args.calculate_per_token_loss else 1, device=logits.device),[32m [repeated 2x across cluster][0m
[36m(SGLangEngine pid=18626)[0m [2026-08-06 12:25:13] INFO:     172.21.0.2:55578 - "GET /health HTTP/1.1" 200 OK[32m [repeated 4x across cluster][0m
[36m(SGLangEngine pid=18626)[0m [2026-08-06 12:26:13] INFO:     172.21.0.2:55122 - "GET /health HTTP/1.1" 200 OK[32m [repeated 4x across cluster][0m
[36m(MegatronTrainRayActor pid=20069)[0m /root/miles/miles/backends/training_utils/loss.py:187: UserWarning: To copy construct from a tensor, it is recommended to use sourceTensor.detach().clone() or sourceTensor.detach().clone().requires_grad_(True), rather than torch.tensor(sourceTensor).[32m [repeated 2x across cluster][0m
[36m(MegatronTrainRayActor pid=20069)[0m   torch.tensor(num_tokens if args.calculate_per_token_loss else 1, device=logits.device),[32m [repeated 2x across cluster][0m
[36m(MegatronTrainRayActor pid=19835)[0m /root/miles/miles/backends/training_utils/loss.py:187: UserWarning: To copy construct from a tensor, it is recommended to use sourceTensor.detach().clone() or sourceTensor.detach().clone().requires_grad_(True), rather than torch.tensor(sourceTensor).[32m [repeated 2x across cluster][0m
[36m(MegatronTrainRayActor pid=19835)[0m   torch.tensor(num_tokens if args.calculate_per_token_loss else 1, device=logits.device),[32m [repeated 2x across cluster][0m
[36m(MegatronTrainRayActor pid=20069)[0m /root/miles/miles/backends/training_utils/loss.py:187: UserWarning: To copy construct from a tensor, it is recommended to use sourceTensor.detach().clone() or sourceTensor.detach().clone().requires_grad_(True), rather than torch.tensor(sourceTensor).[32m [repeated 2x across cluster][0m
[36m(MegatronTrainRayActor pid=20069)[0m   torch.tensor(num_tokens if args.calculate_per_token_loss else 1, device=logits.device),[32m [repeated 2x across cluster][0m
[36m(SGLangEngine pid=18626)[0m [2026-08-06 12:27:13] INFO:     172.21.0.2:47822 - "GET /health HTTP/1.1" 200 OK[32m [repeated 4x across cluster][0m
[36m(MegatronTrainRayActor pid=19835)[0m /root/miles/miles/backends/training_utils/loss.py:187: UserWarning: To copy construct from a tensor, it is recommended to use sourceTensor.detach().clone() or sourceTensor.detach().clone().requires_grad_(True), rather than torch.tensor(sourceTensor).[32m [repeated 2x across cluster][0m
[36m(MegatronTrainRayActor pid=19835)[0m   torch.tensor(num_tokens if args.calculate_per_token_loss else 1, device=logits.device),[32m [repeated 2x across cluster][0m
[36m(MegatronTrainRayActor pid=20069)[0m /root/miles/miles/backends/training_utils/loss.py:187: UserWarning: To copy construct from a tensor, it is recommended to use sourceTensor.detach().clone() or sourceTensor.detach().clone().requires_grad_(True), rather than torch.tensor(sourceTensor).[32m [repeated 2x across cluster][0m
[36m(MegatronTrainRayActor pid=20069)[0m   torch.tensor(num_tokens if args.calculate_per_token_loss else 1, device=logits.device),[32m [repeated 2x across cluster][0m
[36m(MegatronTrainRayActor pid=19835)[0m /root/miles/miles/backends/training_utils/loss.py:187: UserWarning: To copy construct from a tensor, it is recommended to use sourceTensor.detach().clone() or sourceTensor.detach().clone().requires_grad_(True), rather than torch.tensor(sourceTensor).[32m [repeated 2x across cluster][0m
[36m(MegatronTrainRayActor pid=19835)[0m   torch.tensor(num_tokens if args.calculate_per_token_loss else 1, device=logits.device),[32m [repeated 2x across cluster][0m
[36m(MegatronTrainRayActor pid=20069)[0m /root/miles/miles/backends/training_utils/loss.py:187: UserWarning: To copy construct from a tensor, it is recommended to use sourceTensor.detach().clone() or sourceTensor.detach().clone().requires_grad_(True), rather than torch.tensor(sourceTensor).[32m [repeated 2x across cluster][0m
[36m(MegatronTrainRayActor pid=20069)[0m   torch.tensor(num_tokens if args.calculate_per_token_loss else 1, device=logits.device),[32m [repeated 2x across cluster][0m
[36m(SGLangEngine pid=18626)[0m [2026-08-06 12:28:13] INFO:     172.21.0.2:55522 - "GET /health HTTP/1.1" 200 OK[32m [repeated 4x across cluster][0m
[36m(MegatronTrainRayActor pid=20069)[0m /root/miles/miles/backends/training_utils/loss.py:187: UserWarning: To copy construct from a tensor, it is recommended to use sourceTensor.detach().clone() or sourceTensor.detach().clone().requires_grad_(True), rather than torch.tensor(sourceTensor).[32m [repeated 4x across cluster][0m
[36m(MegatronTrainRayActor pid=20069)[0m   torch.tensor(num_tokens if args.calculate_per_token_loss else 1, device=logits.device),[32m [repeated 4x across cluster][0m
[36m(MegatronTrainRayActor pid=19835)[0m /root/miles/miles/backends/training_utils/loss.py:187: UserWarning: To copy construct from a tensor, it is recommended to use sourceTensor.detach().clone() or sourceTensor.detach().clone().requires_grad_(True), rather than torch.tensor(sourceTensor).[32m [repeated 2x across cluster][0m
[36m(MegatronTrainRayActor pid=19835)[0m   torch.tensor(num_tokens if args.calculate_per_token_loss else 1, device=logits.device),[32m [repeated 2x across cluster][0m
[36m(MegatronTrainRayActor pid=19835)[0m [2026-08-06 12:28:46.341 actor_cell0_rank0] _rank_utils.py:43 - Implicit initialization of Rerun State Machine!
[36m(MegatronTrainRayActor pid=19835)[0m [2026-08-06 12:28:46.341 actor_cell0_rank0] _rank_utils.py:43 - RerunStateMachine initialized in mode RerunMode.DISABLED
[36m(MegatronTrainRayActor pid=20067)[0m /root/miles/miles/backends/training_utils/loss.py:187: UserWarning: To copy construct from a tensor, it is recommended to use sourceTensor.detach().clone() or sourceTensor.detach().clone().requires_grad_(True), rather than torch.tensor(sourceTensor).
[36m(MegatronTrainRayActor pid=20067)[0m   torch.tensor(num_tokens if args.calculate_per_token_loss else 1, device=logits.device),
[36m(MegatronTrainRayActor pid=19835)[0m [2026-08-06 12:28:46.772 actor_cell0_rank0] model.py:635 - ft op=train_step rollout=0 step=0 attempt=0 outcome=NORMAL valid_step=true
[36m(MegatronTrainRayActor pid=19835)[0m [2026-08-06 12:28:46.814 actor_cell0_rank0] log_utils.py:493 - step 0: {'train/loss': 0.0911967558369829, 'train/pg_loss': 0.0911967558369829, 'train/entropy_loss': 0.0, 'train/pg_clipfrac': 0.0, 'train/ppo_kl': 0.0, 'train/ess_ratio': 0.9999997636035518, 'train/train_rollout_logprob_abs_diff': 0.013834921139326866, 'train/train_rollout_kl': 0.0004955629070008099, 'train/kl_loss': 0.0, 'train/grad_norm': 0.16746003162485162, 'train/lr-pg_0': 1e-05, 'train/lr-pg_1': 1e-05, 'train/step': 0}
[36m(MegatronTrainRayActor pid=19835)[0m [2026-08-06 12:28:46.815 actor_cell0_rank0] model.py:854 - step 0: {'train/loss': 0.0911967558369829, 'train/pg_loss': 0.0911967558369829, 'train/entropy_loss': 0.0, 'train/pg_clipfrac': 0.0, 'train/ppo_kl': 0.0, 'train/ess_ratio': 0.9999997636035518, 'train/train_rollout_logprob_abs_diff': 0.013834921139326866, 'train/train_rollout_kl': 0.0004955629070008099, 'train/kl_loss': 0.0, 'train/grad_norm': 0.16746003162485162, 'train/lr-pg_0': 1e-05, 'train/lr-pg_1': 1e-05, 'train/step': 0}
[36m(MegatronTrainRayActor pid=19835)[0m [2026-08-06 12:28:46.815 actor_cell0_rank0] timer.py:42 - Timer actor_train end (elapsed: 441.0s)
[36m(MegatronTrainRayActor pid=19835)[0m [2026-08-06 12:28:46.815 actor_cell0_rank0] timer.py:42 - Timer train end (elapsed: 722.9s)
[36m(MegatronTrainRayActor pid=19835)[0m [2026-08-06 12:28:46.815 actor_cell0_rank0] timer.py:31 - Timer train_wait start
[36m(MegatronTrainRayActor pid=19835)[0m [2026-08-06 12:28:47.086 actor_cell0_rank0] train_metric_utils.py:50 - perf 0: {'perf/sleep_time': 4.154268503189087, 'perf/update_weights_time': 1.7128000259399414, 'perf/wake_up_time': 2.1654434204101562, 'perf/data_preprocess_time': 0.5433840751647949, 'perf/train_wait_time': 437.20425248146057, 'perf/ref_log_probs_time': 228.499125957489, 'perf/log_probs_time': 52.70475363731384, 'perf/actor_train_time': 441.0025532245636, 'perf/train_time': 722.9250373840332, 'perf/log_probs_tflops': 337.43428478057416, 'perf/ref_log_probs_tflops': 77.8313298732357, 'perf/actor_train_tflops': 120.98155022985101, 'perf/actor_train_tok_per_s': 10340.45033675329, 'perf/step_time': 1160.1292898654938, 'perf/wait_time_ratio': 0.37685821425312893}
[36m(MegatronTrainRayActor pid=19835)[0m [2026-08-06 12:28:47.086 actor_cell0_rank0] structured_log.py:27 - ft cls=MegatronTrainRayActor fn=train_actor phase=end ok=true elapsed_s=723.9
[36m(MegatronTrainRayActor pid=20069)[0m [2026-08-06 12:28:47.137 actor_cell0_rank2] structured_log.py:27 - ft cls=MegatronTrainRayActor fn=train phase=end ok=true elapsed_s=726.7
[36m(MegatronTrainRayActor pid=19835)[0m [2026-08-06 12:28:47.166 actor_cell0_rank0] structured_log.py:23 - ft cls=MegatronTrainRayActor fn=sleep phase=start
[36m(MegatronTrainRayActor pid=19835)[0m [2026-08-06 12:28:47.166 actor_cell0_rank0] timer.py:31 - Timer sleep start
[36m(MegatronTrainRayActor pid=20070)[0m [2026-08-06 12:28:51.483 actor_cell0_rank3] memory_utils.py:41 - [Rank 3] Memory-Usage before offload model: {'gpu': '3', 'total_GB': 139.81, 'free_GB': 61.74, 'used_GB': 78.07, 'allocated_GB': 60.41, 'reserved_GB': 66.53}
[36m(MegatronTrainRayActor pid=20070)[0m [2026-08-06 12:28:46.773 actor_cell0_rank3] model.py:635 - ft op=train_step rollout=0 step=0 attempt=0 outcome=NORMAL valid_step=true[32m [repeated 3x across cluster][0m
[36m(MegatronTrainRayActor pid=20070)[0m [2026-08-06 12:28:47.084 actor_cell0_rank3] structured_log.py:27 - ft cls=MegatronTrainRayActor fn=train_actor phase=end ok=true elapsed_s=723.6[32m [repeated 3x across cluster][0m
[36m(MegatronTrainRayActor pid=20070)[0m [2026-08-06 12:28:47.160 actor_cell0_rank3] structured_log.py:27 - ft cls=MegatronTrainRayActor fn=train phase=end ok=true elapsed_s=726.7[32m [repeated 3x across cluster][0m
[36m(MegatronTrainRayActor pid=20070)[0m [2026-08-06 12:28:47.167 actor_cell0_rank3] structured_log.py:23 - ft cls=MegatronTrainRayActor fn=sleep phase=start[32m [repeated 3x across cluster][0m
[36m(MegatronTrainRayActor pid=20070)[0m [2026-08-06 12:29:06.589 actor_cell0_rank3] memory_utils.py:41 - [Rank 3] Memory-Usage after offload model: {'gpu': '3', 'total_GB': 139.81, 'free_GB': 130.38, 'used_GB': 9.43, 'allocated_GB': 60.41, 'reserved_GB': 66.53}
[36m(MegatronTrainRayActor pid=20070)[0m [2026-08-06 12:29:06.589 actor_cell0_rank3] structured_log.py:27 - ft cls=MegatronTrainRayActor fn=sleep phase=end ok=true elapsed_s=19.4
[36m(MegatronTrainRayActor pid=20067)[0m [2026-08-06 12:28:52.504 actor_cell0_rank1] memory_utils.py:41 - [Rank 1] Memory-Usage before offload model: {'gpu': '1', 'total_GB': 139.81, 'free_GB': 61.38, 'used_GB': 78.43, 'allocated_GB': 60.41, 'reserved_GB': 66.43}[32m [repeated 3x across cluster][0m
[36m(SGLangEngine pid=18627)[0m [2026-08-06 12:29:07] INFO:     172.21.0.2:36816 - "POST /resume_memory_occupation HTTP/1.1" 200 OK
[36m(SGLangEngine pid=18627)[0m [2026-08-06 12:28:13] INFO:     172.21.0.2:41932 - "GET /health HTTP/1.1" 200 OK[32m [repeated 3x across cluster][0m
[36m(MegatronTrainRayActor pid=19835)[0m [2026-08-06 12:29:07.468 actor_cell0_rank0] log_utils.py:382 - [CPU memory] after_offload_train: 559.63 GB (rollout_id=0, step=0)
[36m(MegatronTrainRayActor pid=19835)[0m [2026-08-06 12:29:07.468 actor_cell0_rank0] timer.py:42 - Timer sleep end (elapsed: 20.3s)
[36m(SGLangEngine pid=18626)[0m [2026-08-06 12:29:07] INFO:     172.21.0.2:59216 - "POST /pause_generation HTTP/1.1" 200 OK
[36m(SGLangEngine pid=18626)[0m [2026-08-06 12:29:07] INFO:     172.21.0.2:59222 - "GET /flush_cache HTTP/1.1" 200 OK
[36m(SGLangEngine pid=18626)[0m [2026-08-06 12:29:07] INFO:     172.21.0.2:59224 - "POST /begin_weight_update HTTP/1.1" 200 OK
[36m(SGLangEngine pid=18626)[0m [2026-08-06 12:29:07] Reset HybridReqToTokenPool
[36m(SGLangEngine pid=18626)[0m [2026-08-06 12:29:07] Cache flushed successfully!
[36m(MegatronTrainRayActor pid=19835)[0m [2026-08-06 12:29:07.582 actor_cell0_rank0] structured_log.py:23 - ft cls=MegatronTrainRayActor fn=update_weights phase=start
[36m(MegatronTrainRayActor pid=19835)[0m [2026-08-06 12:29:07.582 actor_cell0_rank0] timer.py:31 - Timer update_weights start
[36m(MegatronTrainRayActor pid=19835)[0m [2026-08-06 12:29:07.582 actor_cell0_rank0] reloadable_process_group.py:151 - Reloading 21 process groups in pid 19835
[36m(MegatronTrainRayActor pid=19835)[0m [2026-08-06 12:29:07.587 actor_cell0_rank0] memory_utils.py:41 - [Rank 0] Memory-Usage before update_weights: {'gpu': '0', 'total_GB': 139.81, 'free_GB': 111.83, 'used_GB': 27.98, 'allocated_GB': 60.41, 'reserved_GB': 66.43}
[36m(MegatronTrainRayActor pid=19835)[0m 
Update weights:   0%|          | 0/39 [00:00<?, ?it/s]
[36m(SGLangEngine pid=18626)[0m [2026-08-06 12:29:07] INFO:     172.21.0.2:59234 - "POST /update_weights_from_tensor HTTP/1.1" 200 OK
[36m(SGLangEngine pid=18626)[0m [2026-08-06 12:29:07] INFO:     172.21.0.2:59248 - "POST /update_weights_from_tensor HTTP/1.1" 200 OK
[36m(SGLangEngine pid=18626)[0m [2026-08-06 12:29:07] INFO:     172.21.0.2:59252 - "POST /update_weights_from_tensor HTTP/1.1" 200 OK
[36m(SGLangEngine pid=18626)[0m [2026-08-06 12:29:07] INFO:     172.21.0.2:59256 - "POST /update_weights_from_tensor HTTP/1.1" 200 OK
[36m(MegatronTrainRayActor pid=19835)[0m 
Update weights:   3%|▎         | 1/39 [00:00<00:11,  3.18it/s]
[36m(MegatronTrainRayActor pid=19835)[0m 
Update weights:  21%|██        | 8/39 [00:00<00:01, 23.34it/s]
[36m(MegatronTrainRayActor pid=19835)[0m 
Update weights:  36%|███▌      | 14/39 [00:00<00:00, 33.97it/s]
[36m(MegatronTrainRayActor pid=19835)[0m 
Update weights:  51%|█████▏    | 20/39 [00:00<00:00, 40.08it/s]
[36m(MegatronTrainRayActor pid=19835)[0m 
Update weights:  64%|██████▍   | 25/39 [00:00<00:00, 42.37it/s]
[36m(MegatronTrainRayActor pid=19835)[0m 
Update weights:  77%|███████▋  | 30/39 [00:00<00:00, 43.05it/s]
[36m(MegatronTrainRayActor pid=19835)[0m 
Update weights:  90%|████████▉ | 35/39 [00:00<00:00, 44.41it/s]
[36m(SGLangEngine pid=18626)[0m [2026-08-06 12:29:08] INFO:     172.21.0.2:45558 - "POST /end_weight_update HTTP/1.1" 200 OK
[36m(MegatronTrainRayActor pid=19835)[0m 
Update weights: 100%|██████████| 39/39 [00:01<00:00, 36.27it/s]
[36m(SGLangEngine pid=18626)[0m [2026-08-06 12:29:08] INFO:     172.21.0.2:45566 - "POST /continue_generation HTTP/1.1" 200 OK
[36m(SGLangEngine pid=18626)[0m [2026-08-06 12:29:08] [continue_generation] torch.cuda.empty_cache() called: reserved 71876.0 MB -> 71876.0 MB (freed 0.0 MB)
[36m(MegatronTrainRayActor pid=19835)[0m [2026-08-06 12:29:08.727 actor_cell0_rank0] memory_utils.py:41 - [Rank 0] Memory-Usage after update_weights: {'gpu': '0', 'total_GB': 139.81, 'free_GB': 100.27, 'used_GB': 39.54, 'allocated_GB': 60.41, 'reserved_GB': 77.55}
[36m(MegatronTrainRayActor pid=19835)[0m [2026-08-06 12:29:08.899 actor_cell0_rank0] timer.py:42 - Timer update_weights end (elapsed: 1.3s)
[36m(MegatronTrainRayActor pid=19835)[0m [2026-08-06 12:29:08.900 actor_cell0_rank0] structured_log.py:27 - ft cls=MegatronTrainRayActor fn=update_weights phase=end ok=true elapsed_s=1.3
[36m(SGLangEngine pid=18628)[0m [2026-08-06 12:29:09] Prefill batch, #new-seq: 1, #new-token: 242, #cached-token: 0, full token usage: 0.01, mamba usage: 0.14, #running-req: 0, #queue-req: 0, #pending-token: 0, cuda graph: False, input throughput (token/s): 0.26
[36m(SGLangEngine pid=18625)[0m [2026-08-06 12:29:10] Decode batch, #running-req: 101, #full token: 8666, full token usage: 0.01, mamba num: 306, mamba usage: 0.60, cuda graph: True, gen throughput (token/s): 4.64, #queue-req: 5
[36m(MegatronTrainRayActor pid=19835)[0m [2026-08-06 12:29:07.467 actor_cell0_rank0] memory_utils.py:41 - [Rank 0] Memory-Usage after offload model: {'gpu': '0', 'total_GB': 139.81, 'free_GB': 129.45, 'used_GB': 10.37, 'allocated_GB': 60.41, 'reserved_GB': 66.43}[32m [repeated 3x across cluster][0m
[36m(MegatronTrainRayActor pid=19835)[0m [2026-08-06 12:29:07.468 actor_cell0_rank0] structured_log.py:27 - ft cls=MegatronTrainRayActor fn=sleep phase=end ok=true elapsed_s=20.3[32m [repeated 3x across cluster][0m
[36m(SGLangEngine pid=18627)[0m [2026-08-06 12:29:07] Reset HybridReqToTokenPool[32m [repeated 3x across cluster][0m
[36m(SGLangEngine pid=18627)[0m [2026-08-06 12:29:07] Cache flushed successfully![32m [repeated 3x across cluster][0m
[36m(MegatronTrainRayActor pid=20070)[0m [2026-08-06 12:29:07.589 actor_cell0_rank3] structured_log.py:23 - ft cls=MegatronTrainRayActor fn=update_weights phase=start[32m [repeated 3x across cluster][0m
[36m(MegatronTrainRayActor pid=20070)[0m [2026-08-06 12:29:07.590 actor_cell0_rank3] reloadable_process_group.py:151 - Reloading 21 process groups in pid 20070[32m [repeated 3x across cluster][0m
[36m(MegatronTrainRayActor pid=20070)[0m [2026-08-06 12:29:07.606 actor_cell0_rank3] memory_utils.py:41 - [Rank 3] Memory-Usage before update_weights: {'gpu': '3', 'total_GB': 139.81, 'free_GB': 112.76, 'used_GB': 27.05, 'allocated_GB': 60.41, 'reserved_GB': 66.53}[32m [repeated 3x across cluster][0m
[36m(SGLangEngine pid=18627)[0m [2026-08-06 12:29:09] INFO:     172.21.0.2:51454 - "POST /resume_memory_occupation HTTP/1.1" 200 OK[32m [repeated 7x across cluster][0m
[36m(SGLangEngine pid=18626)[0m [2026-08-06 12:29:13] INFO:     172.21.0.2:47092 - "GET /health HTTP/1.1" 200 OK
[36m(SGLangEngine pid=18627)[0m [2026-08-06 12:29:07] INFO:     172.21.0.2:36830 - "POST /pause_generation HTTP/1.1" 200 OK[32m [repeated 3x across cluster][0m
[36m(SGLangEngine pid=18627)[0m [2026-08-06 12:29:07] INFO:     172.21.0.2:36840 - "GET /flush_cache HTTP/1.1" 200 OK[32m [repeated 3x across cluster][0m
[36m(SGLangEngine pid=18627)[0m [2026-08-06 12:29:07] INFO:     172.21.0.2:36848 - "POST /begin_weight_update HTTP/1.1" 200 OK[32m [repeated 3x across cluster][0m
[36m(SGLangEngine pid=18625)[0m [2026-08-06 12:29:08] INFO:     172.21.0.2:32984 - "POST /update_weights_from_tensor HTTP/1.1" 200 OK[32m [repeated 152x across cluster][0m
[36m(SGLangEngine pid=18627)[0m [2026-08-06 12:29:08] INFO:     172.21.0.2:51430 - "POST /end_weight_update HTTP/1.1" 200 OK[32m [repeated 3x across cluster][0m
[36m(SGLangEngine pid=18625)[0m [2026-08-06 12:29:13] INFO:     172.21.0.2:33982 - "GET /health HTTP/1.1" 200 OK
[36m(SGLangEngine pid=18627)[0m [2026-08-06 12:29:08] [continue_generation] torch.cuda.empty_cache() called: reserved 71876.0 MB -> 71876.0 MB (freed 0.0 MB)[32m [repeated 3x across cluster][0m
[36m(MegatronTrainRayActor pid=20070)[0m [2026-08-06 12:29:08.729 actor_cell0_rank3] memory_utils.py:41 - [Rank 3] Memory-Usage after update_weights: {'gpu': '3', 'total_GB': 139.81, 'free_GB': 101.21, 'used_GB': 38.6, 'allocated_GB': 60.41, 'reserved_GB': 77.66}[32m [repeated 3x across cluster][0m
[36m(MegatronTrainRayActor pid=20069)[0m [2026-08-06 12:29:09.286 actor_cell0_rank2] structured_log.py:27 - ft cls=MegatronTrainRayActor fn=update_weights phase=end ok=true elapsed_s=1.7[32m [repeated 3x across cluster][0m
[36m(SGLangEngine pid=18625)[0m [2026-08-06 12:29:14] INFO:     172.21.0.2:33440 - "POST /generate HTTP/1.1" 200 OK
[36m(SGLangEngine pid=18627)[0m [2026-08-06 12:29:08] INFO:     172.21.0.2:51444 - "POST /continue_generation HTTP/1.1" 200 OK[32m [repeated 3x across cluster][0m
[36m(SGLangEngine pid=18625)[0m [2026-08-06 12:29:14] Prefill batch, #new-seq: 2, #new-token: 40, #cached-token: 1182, full token usage: 0.06, mamba usage: 0.60, #running-req: 100, #queue-req: 3, #pending-token: 1449, cuda graph: False, input throughput (token/s): 8.82[32m [repeated 17x across cluster][0m
[36m(SGLangEngine pid=18626)[0m [2026-08-06 12:29:15] Decode batch, #running-req: 101, #full token: 57793, full token usage: 0.06, mamba num: 310, mamba usage: 0.61, cuda graph: True, gen throughput (token/s): 9867.27, #queue-req: 68[32m [repeated 50x across cluster][0m
[36m(SGLangEngine pid=18627)[0m [2026-08-06 12:29:13] INFO:     172.21.0.2:52650 - "GET /health HTTP/1.1" 200 OK[32m [repeated 2x across cluster][0m
[36m(SGLangEngine pid=18628)[0m [2026-08-06 12:29:19] INFO:     172.21.0.2:35334 - "POST /generate HTTP/1.1" 200 OK[32m [repeated 21x across cluster][0m
[36m(SGLangEngine pid=18628)[0m [2026-08-06 12:29:19] Prefill batch, #new-seq: 1, #new-token: 311, #cached-token: 0, full token usage: 0.11, mamba usage: 0.61, #running-req: 101, #queue-req: 22, #pending-token: 6220, cuda graph: False, input throughput (token/s): 224.06[32m [repeated 17x across cluster][0m
[36m(SGLangEngine pid=18626)[0m [2026-08-06 12:29:20] Decode batch, #running-req: 102, #full token: 94127, full token usage: 0.11, mamba num: 312, mamba usage: 0.61, cuda graph: True, gen throughput (token/s): 8329.99, #queue-req: 57[32m [repeated 46x across cluster][0m
[36m(SGLangEngine pid=18625)[0m [2026-08-06 12:29:24] INFO:     172.21.0.2:33162 - "POST /generate HTTP/1.1" 200 OK[32m [repeated 81x across cluster][0m
[36m(SGLangEngine pid=18628)[0m [2026-08-06 12:29:24] Prefill batch, #new-seq: 1, #new-token: 55, #cached-token: 256, full token usage: 0.15, mamba usage: 0.61, #running-req: 101, #queue-req: 56, #pending-token: 17105, cuda graph: False, input throughput (token/s): 71.91[32m [repeated 74x across cluster][0m
[36m(SGLangEngine pid=18627)[0m [2026-08-06 12:29:25] Decode batch, #running-req: 102, #full token: 139093, full token usage: 0.16, mamba num: 312, mamba usage: 0.61, cuda graph: True, gen throughput (token/s): 8656.47, #queue-req: 20[32m [repeated 42x across cluster][0m
[36m(SGLangEngine pid=18626)[0m [2026-08-06 12:29:29] Prefill batch, #new-seq: 1, #new-token: 35, #cached-token: 448, full token usage: 0.15, mamba usage: 0.61, #running-req: 101, #queue-req: 24, #pending-token: 11592, cuda graph: False, input throughput (token/s): 201.63[32m [repeated 39x across cluster][0m
[36m(SGLangEngine pid=18626)[0m [2026-08-06 12:29:30] INFO:     172.21.0.2:46518 - "POST /generate HTTP/1.1" 200 OK[32m [repeated 33x across cluster][0m
[36m(SGLangEngine pid=18626)[0m [2026-08-06 12:29:30] Decode batch, #running-req: 102, #full token: 135870, full token usage: 0.15, mamba num: 311, mamba usage: 0.61, cuda graph: True, gen throughput (token/s): 7731.18, #queue-req: 22[32m [repeated 43x across cluster][0m
[36m(SGLangEngine pid=18626)[0m [2026-08-06 12:29:35] Prefill batch, #new-seq: 1, #new-token: 35, #cached-token: 448, full token usage: 0.17, mamba usage: 0.61, #running-req: 101, #queue-req: 8, #pending-token: 3864, cuda graph: False, input throughput (token/s): 43.21[32m [repeated 26x across cluster][0m
[36m(SGLangEngine pid=18626)[0m [2026-08-06 12:29:35] INFO:     172.21.0.2:46774 - "POST /generate HTTP/1.1" 200 OK[32m [repeated 30x across cluster][0m
[36m(SGLangEngine pid=18627)[0m [2026-08-06 12:29:35] Decode batch, #running-req: 102, #full token: 213301, full token usage: 0.24, mamba num: 309, mamba usage: 0.60, cuda graph: True, gen throughput (token/s): 8544.40, #queue-req: 13[32m [repeated 42x across cluster][0m
[36m(SGLangEngine pid=18626)[0m [2026-08-06 12:29:40] Prefill batch, #new-seq: 1, #new-token: 641, #cached-token: 0, full token usage: 0.19, mamba usage: 0.57, #running-req: 94, #queue-req: 0, #pending-token: 0, cuda graph: False, input throughput (token/s): 199.77[32m [repeated 48x across cluster][0m
[36m(SGLangEngine pid=18625)[0m [2026-08-06 12:29:40] INFO:     172.21.0.2:33338 - "POST /generate HTTP/1.1" 200 OK[32m [repeated 56x across cluster][0m
[36m(SGLangEngine pid=18626)[0m [2026-08-06 12:29:41] Decode batch, #running-req: 96, #full token: 177572, full token usage: 0.20, mamba num: 294, mamba usage: 0.58, cuda graph: True, gen throughput (token/s): 8467.54, #queue-req: 0[32m [repeated 39x across cluster][0m
[36m(SGLangEngine pid=18626)[0m [2026-08-06 12:29:45] Prefill batch, #new-seq: 1, #new-token: 15, #cached-token: 192, full token usage: 0.21, mamba usage: 0.61, #running-req: 101, #queue-req: 10, #pending-token: 1863, cuda graph: False, input throughput (token/s): 40.83[32m [repeated 57x across cluster][0m
[36m(SGLangEngine pid=18625)[0m [2026-08-06 12:29:45] INFO:     172.21.0.2:33754 - "POST /generate HTTP/1.1" 200 OK[32m [repeated 56x across cluster][0m
[36m(SGLangEngine pid=18627)[0m [2026-08-06 12:29:45] Decode batch, #running-req: 94, #full token: 236163, full token usage: 0.26, mamba num: 289, mamba usage: 0.57, cuda graph: True, gen throughput (token/s): 8044.55, #queue-req: 0[32m [repeated 37x across cluster][0m
[36m(SGLangEngine pid=18625)[0m [2026-08-06 12:29:50] Prefill batch, #new-seq: 1, #new-token: 1, #cached-token: 640, full token usage: 0.15, mamba usage: 0.61, #running-req: 101, #queue-req: 38, #pending-token: 24358, cuda graph: False, input throughput (token/s): 22.87[32m [repeated 42x across cluster][0m
[36m(SGLangEngine pid=18627)[0m [2026-08-06 12:29:50] INFO:     172.21.0.2:52114 - "POST /generate HTTP/1.1" 200 OK[32m [repeated 54x across cluster][0m
[36m(SGLangEngine pid=18626)[0m [2026-08-06 12:29:50] Decode batch, #running-req: 102, #full token: 210652, full token usage: 0.24, mamba num: 313, mamba usage: 0.61, cuda graph: True, gen throughput (token/s): 8334.08, #queue-req: 46[32m [repeated 39x across cluster][0m
[36m(SGLangEngine pid=18627)[0m [2026-08-06 12:29:55] Prefill batch, #new-seq: 1, #new-token: 15, #cached-token: 192, full token usage: 0.22, mamba usage: 0.59, #running-req: 97, #queue-req: 0, #pending-token: 0, cuda graph: False, input throughput (token/s): 106.54[32m [repeated 66x across cluster][0m
[36m(SGLangEngine pid=18627)[0m [2026-08-06 12:29:55] INFO:     172.21.0.2:52440 - "POST /generate HTTP/1.1" 200 OK[32m [repeated 55x across cluster][0m
[36m(SGLangEngine pid=18625)[0m [2026-08-06 12:29:56] Decode batch, #running-req: 101, #full token: 144183, full token usage: 0.16, mamba num: 310, mamba usage: 0.61, cuda graph: True, gen throughput (token/s): 6582.38, #queue-req: 15[32m [repeated 35x across cluster][0m
[36m(SGLangEngine pid=18628)[0m [2026-08-06 12:30:00] Prefill batch, #new-seq: 2, #new-token: 110, #cached-token: 512, full token usage: 0.37, mamba usage: 0.61, #running-req: 100, #queue-req: 19, #pending-token: 5909, cuda graph: False, input throughput (token/s): 910.13[32m [repeated 54x across cluster][0m
[36m(SGLangEngine pid=18628)[0m [2026-08-06 12:30:00] INFO:     172.21.0.2:35470 - "POST /generate HTTP/1.1" 200 OK[32m [repeated 55x across cluster][0m
[36m(SGLangEngine pid=18627)[0m [2026-08-06 12:30:01] Decode batch, #running-req: 102, #full token: 196499, full token usage: 0.22, mamba num: 312, mamba usage: 0.61, cuda graph: True, gen throughput (token/s): 7184.63, #queue-req: 45[32m [repeated 37x across cluster][0m
[36m(SGLangEngine pid=18625)[0m [2026-08-06 12:30:05] Prefill batch, #new-seq: 1, #new-token: 13, #cached-token: 576, full token usage: 0.15, mamba usage: 0.58, #running-req: 96, #queue-req: 0, #pending-token: 0, cuda graph: False, input throughput (token/s): 4254.69[32m [repeated 50x across cluster][0m
[36m(SGLangEngine pid=18628)[0m [2026-08-06 12:30:06] INFO:     172.21.0.2:40502 - "POST /generate HTTP/1.1" 200 OK[32m [repeated 51x across cluster][0m
[36m(SGLangEngine pid=18625)[0m [2026-08-06 12:30:06] Decode batch, #running-req: 98, #full token: 132283, full token usage: 0.15, mamba num: 298, mamba usage: 0.58, cuda graph: True, gen throughput (token/s): 6441.25, #queue-req: 0[32m [repeated 36x across cluster][0m
[36m(SGLangEngine pid=18626)[0m [2026-08-06 12:30:10] Prefill batch, #new-seq: 1, #new-token: 15, #cached-token: 192, full token usage: 0.25, mamba usage: 0.61, #running-req: 101, #queue-req: 31, #pending-token: 6417, cuda graph: False, input throughput (token/s): 26.96[32m [repeated 49x across cluster][0m
[36m(SGLangEngine pid=18626)[0m [2026-08-06 12:30:11] INFO:     172.21.0.2:46156 - "POST /generate HTTP/1.1" 200 OK[32m [repeated 58x across cluster][0m
[36m(SGLangEngine pid=18625)[0m [2026-08-06 12:30:11] Decode batch, #running-req: 91, #full token: 138228, full token usage: 0.15, mamba num: 277, mamba usage: 0.54, cuda graph: True, gen throughput (token/s): 7939.69, #queue-req: 0[32m [repeated 35x across cluster][0m
[36m(SGLangEngine pid=18626)[0m [2026-08-06 12:30:13] INFO:     172.21.0.2:33966 - "GET /health HTTP/1.1" 200 OK
[36m(SGLangEngine pid=18626)[0m [2026-08-06 12:30:15] Prefill batch, #new-seq: 1, #new-token: 15, #cached-token: 192, full token usage: 0.25, mamba usage: 0.61, #running-req: 101, #queue-req: 18, #pending-token: 3726, cuda graph: False, input throughput (token/s): 39.87[32m [repeated 26x across cluster][0m
[36m(SGLangEngine pid=18628)[0m [2026-08-06 12:30:16] INFO:     172.21.0.2:40694 - "POST /generate HTTP/1.1" 200 OK[32m [repeated 72x across cluster][0m
[36m(SGLangEngine pid=18627)[0m [2026-08-06 12:30:16] Decode batch, #running-req: 102, #full token: 208034, full token usage: 0.23, mamba num: 312, mamba usage: 0.61, cuda graph: True, gen throughput (token/s): 8113.16, #queue-req: 37[32m [repeated 40x across cluster][0m
[36m(SGLangEngine pid=18627)[0m [2026-08-06 12:30:13] INFO:     172.21.0.2:53614 - "GET /health HTTP/1.1" 200 OK[32m [repeated 3x across cluster][0m
[36m(SGLangEngine pid=18626)[0m [2026-08-06 12:30:20] Prefill batch, #new-seq: 1, #new-token: 15, #cached-token: 192, full token usage: 0.25, mamba usage: 0.61, #running-req: 101, #queue-req: 6, #pending-token: 1242, cuda graph: False, input throughput (token/s): 184.21[32m [repeated 26x across cluster][0m
[36m(SGLangEngine pid=18626)[0m [2026-08-06 12:30:21] INFO:     172.21.0.2:47046 - "POST /generate HTTP/1.1" 200 OK[32m [repeated 82x across cluster][0m
[36m(SGLangEngine pid=18625)[0m [2026-08-06 12:30:21] Decode batch, #running-req: 31, #full token: 86053, full token usage: 0.10, mamba num: 96, mamba usage: 0.19, cuda graph: True, gen throughput (token/s): 4037.29, #queue-req: 0[32m [repeated 43x across cluster][0m
[36m(SGLangEngine pid=18627)[0m [2026-08-06 12:30:25] Prefill batch, #new-seq: 2, #new-token: 26, #cached-token: 1152, full token usage: 0.23, mamba usage: 0.61, #running-req: 100, #queue-req: 5, #pending-token: 2945, cuda graph: False, input throughput (token/s): 143.32[32m [repeated 23x across cluster][0m
[36m(SGLangEngine pid=18626)[0m [2026-08-06 12:30:26] INFO:     172.21.0.2:56242 - "POST /generate HTTP/1.1" 200 OK[32m [repeated 55x across cluster][0m
[36m(SGLangEngine pid=18625)[0m [2026-08-06 12:30:26] Decode batch, #running-req: 21, #full token: 82285, full token usage: 0.09, mamba num: 66, mamba usage: 0.13, cuda graph: True, gen throughput (token/s): 2890.25, #queue-req: 0[32m [repeated 47x across cluster][0m
[36m(SGLangEngine pid=18627)[0m [2026-08-06 12:30:26] Prefill batch, #new-seq: 1, #new-token: 13, #cached-token: 576, full token usage: 0.22, mamba usage: 0.61, #running-req: 101, #queue-req: 0, #pending-token: 0, cuda graph: False, input throughput (token/s): 190.83[32m [repeated 5x across cluster][0m
[36m(SGLangEngine pid=18627)[0m [2026-08-06 12:30:31] INFO:     172.21.0.2:52098 - "POST /generate HTTP/1.1" 200 OK[32m [repeated 66x across cluster][0m
[36m(SGLangEngine pid=18628)[0m [2026-08-06 12:30:31] Decode batch, #running-req: 31, #full token: 214236, full token usage: 0.24, mamba num: 94, mamba usage: 0.18, cuda graph: True, gen throughput (token/s): 3846.74, #queue-req: 0[32m [repeated 51x across cluster][0m
[36m(SGLangEngine pid=18628)[0m [2026-08-06 12:30:36] INFO:     172.21.0.2:35252 - "POST /generate HTTP/1.1" 200 OK[32m [repeated 74x across cluster][0m
[36m(SGLangEngine pid=18625)[0m [2026-08-06 12:30:36] Decode batch, #running-req: 8, #full token: 43539, full token usage: 0.05, mamba num: 26, mamba usage: 0.05, cuda graph: True, gen throughput (token/s): 1265.98, #queue-req: 0[32m [repeated 62x across cluster][0m
[36m(SGLangEngine pid=18628)[0m [2026-08-06 12:30:41] INFO:     172.21.0.2:35044 - "POST /generate HTTP/1.1" 200 OK[32m [repeated 45x across cluster][0m
[36m(SGLangEngine pid=18625)[0m [2026-08-06 12:30:41] Decode batch, #running-req: 3, #full token: 26625, full token usage: 0.03, mamba num: 10, mamba usage: 0.02, cuda graph: True, gen throughput (token/s): 530.71, #queue-req: 0[32m [repeated 69x across cluster][0m
[36m(SGLangEngine pid=18626)[0m [2026-08-06 12:30:46] INFO:     172.21.0.2:42070 - "POST /generate HTTP/1.1" 200 OK[32m [repeated 29x across cluster][0m
[36m(SGLangEngine pid=18627)[0m [2026-08-06 12:30:46] Decode batch, #running-req: 13, #full token: 47706, full token usage: 0.05, mamba num: 41, mamba usage: 0.08, cuda graph: True, gen throughput (token/s): 1949.93, #queue-req: 0[32m [repeated 76x across cluster][0m
[36m(SGLangEngine pid=18626)[0m [2026-08-06 12:30:51] INFO:     172.21.0.2:45960 - "POST /generate HTTP/1.1" 200 OK[32m [repeated 32x across cluster][0m
[36m(SGLangEngine pid=18626)[0m [2026-08-06 12:30:51] Decode batch, #running-req: 9, #full token: 53743, full token usage: 0.06, mamba num: 30, mamba usage: 0.06, cuda graph: True, gen throughput (token/s): 1366.96, #queue-req: 0[32m [repeated 66x across cluster][0m
[36m(SGLangEngine pid=18627)[0m [2026-08-06 12:30:56] INFO:     172.21.0.2:47202 - "POST /generate HTTP/1.1" 200 OK[32m [repeated 15x across cluster][0m
[36m(SGLangEngine pid=18627)[0m [2026-08-06 12:30:56] Decode batch, #running-req: 2, #full token: 5882, full token usage: 0.01, mamba num: 4, mamba usage: 0.01, cuda graph: True, gen throughput (token/s): 358.88, #queue-req: 0[32m [repeated 63x across cluster][0m
[36m(SGLangEngine pid=18628)[0m [2026-08-06 12:31:01] Decode batch, #running-req: 1, #full token: 12043, full token usage: 0.01, mamba num: 4, mamba usage: 0.01, cuda graph: True, gen throughput (token/s): 182.12, #queue-req: 0[32m [repeated 41x across cluster][0m
[36m(SGLangEngine pid=18628)[0m [2026-08-06 12:31:07] Decode batch, #running-req: 1, #full token: 13003, full token usage: 0.01, mamba num: 4, mamba usage: 0.01, cuda graph: True, gen throughput (token/s): 185.17, #queue-req: 0[32m [repeated 24x across cluster][0m
[36m(SGLangEngine pid=18628)[0m [2026-08-06 12:31:08] INFO:     172.21.0.2:34880 - "POST /generate HTTP/1.1" 200 OK[32m [repeated 3x across cluster][0m
[36m(RolloutManager pid=18345)[0m [2026-08-06 12:31:09.066 rollout_manager] rmct_rollout.py:389 - RMCT step 2: 512 grad samples, parse_rate=1.000, gap=0.2871, cache_hit=0.75
[36m(RolloutManager pid=18345)[0m [2026-08-06 12:31:09.218 rollout_manager] metrics.py:89 - perf 1: {'rmct/parse_rate': 1.0, 'rmct/p_ref_mean': 0.16015625, 'rmct/p_hat_mean': 0.447265625, 'rmct/gap_mean': 0.287109375, 'rmct/has_signal': 1.0, 'rmct/n_grad_samples': 512.0, 'rmct/completion_len_p50': 1932.0, 'rmct/completion_len_p99': 8972.0, 'rmct/truncated_frac': 0.0, 'rmct/prefix_cache_hit_rate': 0.7513629807692308, 'rollout/response_len/mean': 1772.986328125, 'rollout/response_len/median': 1180.5, 'rollout/response_len/max': 9110, 'rollout/response_len/min': 450, 'rollout/zero_std/count_0.0': 2, 'rollout/zero_std/all_zero_percentage': 0.5, 'rollout/zero_std/all_one_percentage': 0.0, 'rollout/prefix_cache_hit_rate': 0.0, 'rollout/avg_cached_tokens_per_sample': 0.0, 'rollout/repetition_frac': 0.0, 'rollout/truncated_ratio': 0.0, 'perf/rollout_time': 119.78085994720459, 'perf/tokens_per_gpu_per_sec': 1894.6453556939612, 'perf/longest_sample_tokens_per_sec': 76.05555682281279, 'perf/effective_tokens_per_gpu_per_sec': 1894.6453556939612, 'perf/longest_effective_sample_tokens_per_sec': 76.05555682281279}
[36m(SGLangEngine pid=18626)[0m [2026-08-06 12:31:09] INFO:     172.21.0.2:35212 - "GET /flush_cache HTTP/1.1" 200 OK
[36m(SGLangEngine pid=18626)[0m [2026-08-06 12:31:09] Reset HybridReqToTokenPool
[36m(SGLangEngine pid=18626)[0m [2026-08-06 12:31:09] Cache flushed successfully!
[36m(SGLangEngine pid=18626)[0m [2026-08-06 12:31:09] INFO:     172.21.0.2:35216 - "POST /release_memory_occupation HTTP/1.1" 200 OK
[36m(MegatronTrainRayActor pid=19835)[0m [2026-08-06 12:31:09.610 actor_cell0_rank0] structured_log.py:23 - ft cls=MegatronTrainRayActor fn=train phase=start
[36m(MegatronTrainRayActor pid=19835)[0m [2026-08-06 12:31:09.611 actor_cell0_rank0] structured_log.py:23 - ft cls=MegatronTrainRayActor fn=wake_up phase=start
[36m(MegatronTrainRayActor pid=19835)[0m [2026-08-06 12:31:09.611 actor_cell0_rank0] timer.py:31 - Timer wake_up start
[36m(MegatronTrainRayActor pid=19835)[0m [2026-08-06 12:31:09.612 actor_cell0_rank0] memory_utils.py:41 - [Rank 0] Memory-Usage before wake_up model: {'gpu': '0', 'total_GB': 139.81, 'free_GB': 129.44, 'used_GB': 10.37, 'allocated_GB': 60.41, 'reserved_GB': 66.43}
[36m(SGLangEngine pid=18626)[0m [2026-08-06 12:31:13] INFO:     172.21.0.2:35230 - "GET /health HTTP/1.1" 200 OK
[36m(MegatronTrainRayActor pid=19835)[0m [2026-08-06 12:31:15.778 actor_cell0_rank0] reloadable_process_group.py:151 - Reloading 21 process groups in pid 19835
[36m(MegatronTrainRayActor pid=19835)[0m [2026-08-06 12:31:15.781 actor_cell0_rank0] memory_utils.py:41 - [Rank 0] Memory-Usage after wake_up model: {'gpu': '0', 'total_GB': 139.81, 'free_GB': 63.08, 'used_GB': 76.73, 'allocated_GB': 60.41, 'reserved_GB': 66.43}
[36m(MegatronTrainRayActor pid=19835)[0m [2026-08-06 12:31:15.781 actor_cell0_rank0] timer.py:42 - Timer wake_up end (elapsed: 6.2s)
[36m(MegatronTrainRayActor pid=19835)[0m [2026-08-06 12:31:15.781 actor_cell0_rank0] structured_log.py:27 - ft cls=MegatronTrainRayActor fn=wake_up phase=end ok=true elapsed_s=6.2
[36m(MegatronTrainRayActor pid=19835)[0m [2026-08-06 12:31:15.781 actor_cell0_rank0] timer.py:31 - Timer data_preprocess start
[36m(SGLangEngine pid=18628)[0m [2026-08-06 12:31:08] Decode batch, #running-req: 1, #full token: 13203, full token usage: 0.01, mamba num: 4, mamba usage: 0.01, cuda graph: True, gen throughput (token/s): 185.23, #queue-req: 0[32m [repeated 5x across cluster][0m
[36m(SGLangEngine pid=18627)[0m [2026-08-06 12:31:09] Reset HybridReqToTokenPool[32m [repeated 7x across cluster][0m
[36m(SGLangEngine pid=18627)[0m [2026-08-06 12:31:09] Cache flushed successfully![32m [repeated 7x across cluster][0m
[36m(MegatronTrainRayActor pid=20070)[0m [2026-08-06 12:31:09.608 actor_cell0_rank3] structured_log.py:23 - ft cls=MegatronTrainRayActor fn=train phase=start[32m [repeated 3x across cluster][0m
[36m(MegatronTrainRayActor pid=20070)[0m [2026-08-06 12:31:09.608 actor_cell0_rank3] structured_log.py:23 - ft cls=MegatronTrainRayActor fn=wake_up phase=start[32m [repeated 3x across cluster][0m
[36m(MegatronTrainRayActor pid=20070)[0m [2026-08-06 12:31:09.610 actor_cell0_rank3] memory_utils.py:41 - [Rank 3] Memory-Usage before wake_up model: {'gpu': '3', 'total_GB': 139.81, 'free_GB': 130.38, 'used_GB': 9.43, 'allocated_GB': 60.41, 'reserved_GB': 66.53}[32m [repeated 3x across cluster][0m
[36m(MegatronTrainRayActor pid=19835)[0m [2026-08-06 12:31:15.923 actor_cell0_rank0] timer.py:42 - Timer data_preprocess end (elapsed: 0.1s)
[36m(MegatronTrainRayActor pid=19835)[0m [2026-08-06 12:31:15.923 actor_cell0_rank0] structured_log.py:23 - ft cls=MegatronTrainRayActor fn=train_actor phase=start
[36m(MegatronTrainRayActor pid=19835)[0m [2026-08-06 12:31:17.120 actor_cell0_rank0] timer.py:42 - Timer train_wait end (elapsed: 150.3s)
[36m(MegatronTrainRayActor pid=19835)[0m [2026-08-06 12:31:17.120 actor_cell0_rank0] timer.py:31 - Timer train start
[36m(MegatronTrainRayActor pid=20067)[0m [2026-08-06 12:31:17.243 actor_cell0_rank1] structured_log.py:23 - ft cls=MegatronTrainRayActor fn=compute_log_prob phase=start
[36m(MegatronTrainRayActor pid=19835)[0m [2026-08-06 12:31:17.312 actor_cell0_rank0] timer.py:31 - Timer ref_log_probs start
[36m(MegatronTrainRayActor pid=19835)[0m [2026-08-06 12:31:30.997 actor_cell0_rank0] timer.py:42 - Timer ref_log_probs end (elapsed: 13.7s)
[36m(MegatronTrainRayActor pid=19835)[0m [2026-08-06 12:31:30.997 actor_cell0_rank0] structured_log.py:27 - ft cls=MegatronTrainRayActor fn=compute_log_prob phase=end ok=true elapsed_s=13.7
[36m(MegatronTrainRayActor pid=20070)[0m [2026-08-06 12:31:16.674 actor_cell0_rank3] reloadable_process_group.py:151 - Reloading 21 process groups in pid 20070[32m [repeated 3x across cluster][0m
[36m(MegatronTrainRayActor pid=20070)[0m [2026-08-06 12:31:16.677 actor_cell0_rank3] memory_utils.py:41 - [Rank 3] Memory-Usage after wake_up model: {'gpu': '3', 'total_GB': 139.81, 'free_GB': 63.91, 'used_GB': 75.9, 'allocated_GB': 60.41, 'reserved_GB': 66.53}[32m [repeated 3x across cluster][0m
[36m(MegatronTrainRayActor pid=20070)[0m [2026-08-06 12:31:16.677 actor_cell0_rank3] structured_log.py:27 - ft cls=MegatronTrainRayActor fn=wake_up phase=end ok=true elapsed_s=7.1[32m [repeated 3x across cluster][0m
[36m(MegatronTrainRayActor pid=20070)[0m [2026-08-06 12:31:16.822 actor_cell0_rank3] structured_log.py:23 - ft cls=MegatronTrainRayActor fn=train_actor phase=start[32m [repeated 3x across cluster][0m
[36m(MegatronTrainRayActor pid=20069)[0m [2026-08-06 12:31:17.308 actor_cell0_rank2] structured_log.py:23 - ft cls=MegatronTrainRayActor fn=compute_log_prob phase=start[32m [repeated 3x across cluster][0m
[36m(MegatronTrainRayActor pid=19835)[0m [2026-08-06 12:31:31.228 actor_cell0_rank0] timer.py:31 - Timer log_probs start
[36m(MegatronTrainRayActor pid=19835)[0m [2026-08-06 12:31:44.635 actor_cell0_rank0] timer.py:42 - Timer log_probs end (elapsed: 13.4s)
[36m(MegatronTrainRayActor pid=19835)[0m [2026-08-06 12:31:44.635 actor_cell0_rank0] structured_log.py:27 - ft cls=MegatronTrainRayActor fn=compute_log_prob phase=end ok=true elapsed_s=13.4[32m [repeated 4x across cluster][0m
[36m(MegatronTrainRayActor pid=20070)[0m [2026-08-06 12:31:31.534 actor_cell0_rank3] structured_log.py:23 - ft cls=MegatronTrainRayActor fn=compute_log_prob phase=start[32m [repeated 4x across cluster][0m
[36m(MegatronTrainRayActor pid=19835)[0m [2026-08-06 12:31:45.667 actor_cell0_rank0] rmct_advantage.py:104 - rmct/kl_policy_base=0.010694 (kl_coef=0.050)
[36m(MegatronTrainRayActor pid=19835)[0m [2026-08-06 12:31:45.713 actor_cell0_rank0] log_utils.py:55 - ft op=cross_cell phase=start kind=log_gather rank=0
[36m(MegatronTrainRayActor pid=19835)[0m [2026-08-06 12:31:45.715 actor_cell0_rank0] log_utils.py:61 - ft op=cross_cell phase=end kind=log_gather rank=0 success=true
[36m(MegatronTrainRayActor pid=19835)[0m [2026-08-06 12:31:45.715 actor_cell0_rank0] log_utils.py:78 - rollout 1: {'rollout/response_lengths': 1772.986328125, 'rollout/rewards': 3.469446951953614e-18, 'rollout/truncated': 0.0, 'rollout/rollout_log_probs': -0.0011860447120852768, 'rollout/raw_reward': 3.686287386450715e-18, 'rollout/total_lengths': 2353.986328125, 'rollout/ref_log_probs': -0.0012069307849742472, 'rollout/log_probs': -0.0011868487345054746, 'rollout/advantages': -0.00020330960978753865, 'rollout/returns': -0.00020330960978753865}
[36m(MegatronTrainRayActor pid=19835)[0m [2026-08-06 12:31:45.715 actor_cell0_rank0] timer.py:31 - Timer actor_train start
[36m(SGLangEngine pid=18627)[0m [2026-08-06 12:31:09] INFO:     172.21.0.2:32958 - "GET /flush_cache HTTP/1.1" 200 OK[32m [repeated 3x across cluster][0m
[36m(SGLangEngine pid=18627)[0m [2026-08-06 12:31:09] INFO:     172.21.0.2:32970 - "POST /release_memory_occupation HTTP/1.1" 200 OK[32m [repeated 3x across cluster][0m
[36m(SGLangEngine pid=18626)[0m [2026-08-06 12:32:13] INFO:     172.21.0.2:51848 - "GET /health HTTP/1.1" 200 OK[32m [repeated 4x across cluster][0m
[36m(MegatronTrainRayActor pid=19835)[0m [2026-08-06 12:32:41.247 actor_cell0_rank0] model.py:635 - ft op=train_step rollout=1 step=0 attempt=0 outcome=NORMAL valid_step=true
[36m(MegatronTrainRayActor pid=19835)[0m [2026-08-06 12:32:41.290 actor_cell0_rank0] log_utils.py:493 - step 1: {'train/loss': 0.1040944887961585, 'train/pg_loss': 0.1040944887961585, 'train/entropy_loss': 0.0, 'train/pg_clipfrac': 0.0, 'train/ppo_kl': 0.0, 'train/ess_ratio': 1.0, 'train/train_rollout_logprob_abs_diff': 0.011684228122049773, 'train/train_rollout_kl': 0.00042659759828250635, 'train/kl_loss': 0.010282224625014734, 'train/grad_norm': 0.2648113636031177, 'train/lr-pg_0': 1e-05, 'train/lr-pg_1': 1e-05, 'train/step': 1}
[36m(MegatronTrainRayActor pid=19835)[0m [2026-08-06 12:32:41.291 actor_cell0_rank0] model.py:854 - step 1: {'train/loss': 0.1040944887961585, 'train/pg_loss': 0.1040944887961585, 'train/entropy_loss': 0.0, 'train/pg_clipfrac': 0.0, 'train/ppo_kl': 0.0, 'train/ess_ratio': 1.0, 'train/train_rollout_logprob_abs_diff': 0.011684228122049773, 'train/train_rollout_kl': 0.00042659759828250635, 'train/kl_loss': 0.010282224625014734, 'train/grad_norm': 0.2648113636031177, 'train/lr-pg_0': 1e-05, 'train/lr-pg_1': 1e-05, 'train/step': 1}
[36m(MegatronTrainRayActor pid=19835)[0m [2026-08-06 12:32:41.291 actor_cell0_rank0] timer.py:42 - Timer actor_train end (elapsed: 55.6s)
[36m(MegatronTrainRayActor pid=19835)[0m [2026-08-06 12:32:41.291 actor_cell0_rank0] timer.py:42 - Timer train end (elapsed: 84.2s)
[36m(MegatronTrainRayActor pid=19835)[0m [2026-08-06 12:32:41.291 actor_cell0_rank0] timer.py:31 - Timer train_wait start
[36m(MegatronTrainRayActor pid=20070)[0m [2026-08-06 12:31:45.377 actor_cell0_rank3] structured_log.py:27 - ft cls=MegatronTrainRayActor fn=compute_log_prob phase=end ok=true elapsed_s=13.8[32m [repeated 3x across cluster][0m
[36m(MegatronTrainRayActor pid=20070)[0m [2026-08-06 12:31:45.757 actor_cell0_rank3] rmct_advantage.py:104 - rmct/kl_policy_base=0.010694 (kl_coef=0.050)[32m [repeated 3x across cluster][0m
[36m(MegatronTrainRayActor pid=20069)[0m [2026-08-06 12:31:45.707 actor_cell0_rank2] log_utils.py:55 - ft op=cross_cell phase=start kind=log_gather rank=1
[36m(MegatronTrainRayActor pid=20069)[0m [2026-08-06 12:31:45.715 actor_cell0_rank2] log_utils.py:61 - ft op=cross_cell phase=end kind=log_gather rank=1 success=true
[36m(MegatronTrainRayActor pid=19835)[0m [2026-08-06 12:32:41.591353] saving checkpoint at iteration       1 to /workspace/runs/shakeout_bf16/checkpoints in torch_dist format
[36m(MegatronTrainRayActor pid=19835)[0m Storing distributed optimizer sharded state of type dp_reshardable
[36m(SGLangEngine pid=18627)[0m [2026-08-06 12:32:13] INFO:     172.21.0.2:60932 - "GET /health HTTP/1.1" 200 OK[32m [repeated 3x across cluster][0m
[36m(MegatronTrainRayActor pid=19835)[0m [2026-08-06 12:32:41.561 actor_cell0_rank0] train_metric_utils.py:50 - perf 1: {'perf/sleep_time': 20.302308797836304, 'perf/update_weights_time': 1.3165035247802734, 'perf/wake_up_time': 6.169862508773804, 'perf/data_preprocess_time': 0.14160776138305664, 'perf/train_wait_time': 150.30494594573975, 'perf/ref_log_probs_time': 13.684635639190674, 'perf/log_probs_time': 13.406848430633545, 'perf/actor_train_time': 55.575395822525024, 'perf/train_time': 84.17058324813843, 'perf/log_probs_tflops': 323.068538707293, 'perf/ref_log_probs_tflops': 316.51050458009155, 'perf/actor_train_tflops': 233.80837151317763, 'perf/actor_train_tok_per_s': 21686.593179629843, 'perf/step_time': 234.47552919387817, 'perf/wait_time_ratio': 0.6410261508417741}
[36m(MegatronTrainRayActor pid=19835)[0m [2026-08-06 12:32:41.561 actor_cell0_rank0] structured_log.py:27 - ft cls=MegatronTrainRayActor fn=train_actor phase=end ok=true elapsed_s=85.6
[36m(MegatronTrainRayActor pid=19835)[0m [2026-08-06 12:32:41.585 actor_cell0_rank0] structured_log.py:27 - ft cls=MegatronTrainRayActor fn=train phase=end ok=true elapsed_s=92.0
[36m(MegatronTrainRayActor pid=19835)[0m [2026-08-06 12:32:41.590 actor_cell0_rank0] timer.py:31 - Timer save_model start
[36m(MegatronTrainRayActor pid=19835)[0m [2026-08-06 12:32:41.591 actor_cell0_rank0] utils.py:972 - make_tp_sharded_tensor_for_checkpoint received extra kwargs: ['allow_shape_mismatch']
[36m(MegatronTrainRayActor pid=20067)[0m [2026-08-06 12:32:41.632 actor_cell0_rank1] validation.py:397 - Rank 1 common state dict differs from rank 0 common state dict. Keys only on rank 0: [], Keys only on 1: [], Mismatched keys: [(('args',), <class 'argparse.Namespace'>, <class 'argparse.Namespace'>)]
[36m(SGLangEngine pid=18626)[0m [2026-08-06 12:33:13] INFO:     172.21.0.2:47686 - "GET /health HTTP/1.1" 200 OK
[36m(SGLangEngine pid=18625)[0m [2026-08-06 12:33:13] INFO:     172.21.0.2:56354 - "GET /health HTTP/1.1" 200 OK
